pid,name,priceValue,color,gender,group,availability,shortDesc,longDesc,material,dimensions,strap,madeIn,features,sizes,images,url,mood
MESGSAH01BK036,Skywander 니트 로우탑 스니커즈,790000,Black,WOMEN,SHOES,OutOfStock,송아지 가죽 트림과 라우렐에서 영감을 받은 러버 아웃솔이 더해진 이탈리아산 베프릭 니트 로우 탑 스니커즈,"러닝 슈즈에서 영감을 받은 스니커즈로, 경량의 기능성 니트 어퍼에 이탈리아산 카프 레더와 비세토스 캔버스 디테일로 완성되었습니다. 클래식 MCM 로고, 3D 라우렐 패턴 아웃솔, 힐의 시그니처 리본, 뒷면의 바이에른 다이아몬드 가죽 패치 등 장인정신이 깃든 디테일이 돋보입니다.",트림: 이탈리안 카프 레더와 비세토스 모노그램 캔버스,,,이탈리아,뒷 부분의 바이에른 다이아몬드 패치 | 텅 부분의 가죽 로고 디테일 | 카프 레더 풀 탭 | 힐 부분의 라우렐 리본 모티프 | 3D 라우렐 모티브가 돋보이는 러버 아웃솔 | 엔지니어드 니트 어퍼,36 IT / 여성 | 37 IT / 여성 | 38 IT / 여성 | 39 IT / 여성 | 40 IT / 여성 | 41 IT / 남성 | 42 IT / 남성 | 43 IT / 남성,https://images.mcmworldwide.com/i/mcmworldwide/MESGSAH01BK036_01?sw=600,https://kr.mcmworldwide.com/ko_KR/여성/슈즈/모두보기/skywander-니트-로우탑-스니커즈/MESGSAH01BK036.html,캐주얼
MXBGSTA04BK001,"Aren 갤럭틱 갈라 가죽 2"" 벨트",470000,Black,MEN,ACCESSORY,InStock,갤럭틱 갈라 메탈 스터드와 바이에른 다이아몬드 메탈 버클이 조화를 이루는 램스킨 레더 벨트,"부드러운 램스킨 가죽으로 정교하게 완성된 벨트. 둥근 메탈 스터드 장식이 이번 시즌의 천체적 테마인 ‘갤러틱 갈라’를 표현하며, 뮌헨 바이에른 다이아몬드에서 영감을 받은 정교한 실루엣의 버클 디자인이 스타일을 한층 끌어올립니다.",100% 양가죽,,,대한민국,갤럭틱 갈라 메탈 스터드 | MCM 로고 모티프가 더해진 벨트 고리 | 실버톤 바바리안 다이아몬드 메탈 버클,,https://images.mcmworldwide.com/i/mcmworldwide/MXBGSTA04BK001_01?sw=600 | https://images.mcmworldwide.com/i/mcmworldwide/MXBGSTA04BK001_09?sw=600 | https://images.mcmworldwide.com/i/mcmworldwide/MXBGSTA04BK001_02?sw=600 | https://images.mcmworldwide.com/i/mcmworldwide/MXBGSTA04BK001_03?sw=600 | https://images.mcmworldwide.com/i/mcmworldwide/MXBGSTA04BK001_10?sw=600,"https://kr.mcmworldwide.com/ko_KR/남성/패션소품/모두보기/aren-갤럭틱-갈라-가죽-2""-벨트/MXBGSTA04BK001.html",스트릿
MXZFSTA12CO001,Aren French Bulldog Charm in Visetos,390000,Cognac,MEN,ACCESSORY,InStock,Visetos monogram canvas French Bulldog charm with logo-engraved spring clasp and key ring,"Crafted from classic cognac Visetos canvas, this French Bulldog charm boasts the signature monogram of the Munich House. Attach the artisanal accessory to your favorite bag or backpack to gain a faithful companion on adventures.",Body: Visetos monogram canvas,,,대한민국,Logo-engraved spring clasp and key ring | 24k gold-plated metal hardware,프리 사이즈,https://images.mcmworldwide.com/i/mcmworldwide/MXZFSTA12CO001_01?sw=600 | https://images.mcmworldwide.com/i/mcmworldwide/MXZFSTA12CO001_09?sw=600 | https://images.mcmworldwide.com/i/mcmworldwide/MXZFSTA12CO001_02?sw=600 | https://images.mcmworldwide.com/i/mcmworldwide/MXZFSTA12CO001_03?sw=600 | https://images.mcmworldwide.com/i/mcmworldwide/MXZFSTA12CO001_10?sw=600,https://kr.mcmworldwide.com/ko_KR/남성/패션소품/모두보기/aren-french-bulldog-charm-in-visetos/MXZFSTA12CO001.html,캐주얼
MXZFAAK03Y0001,Diamant 3D 카프 레더 참,530000,Gold,WOMEN,ACCESSORY,InStock,송아지 가죽 소재의 백 참과 함께 제공되는 체인 스트랩,"아이코닉한 디아망뜨 3D 백을 손에 쥘 수 있는 컴팩트한 사이즈의 액세서리로 재해석했습니다. 스페인산 송아지 가죽으로 정교하게 제작되었으며, 골드 톤 체인 스트랩과 작고 실용적인 지퍼 수납 공간이 특징입니다.",바디: 스페인산 송아지 가죽,약 7 x 13 x 9 센티미터,,대한민국,탈부착 가능한 체인 스트랩 | 양방향 지퍼 클로저 | 24K 골드 도금 메탈 하드웨어 | 코튼 트윌 안감,프리 사이즈,https://images.mcmworldwide.com/i/mcmworldwide/MXZFAAK03Y0001_01?sw=600 | https://images.mcmworldwide.com/i/mcmworldwide/MXZFAAK03Y0001_09?sw=600 | https://images.mcmworldwide.com/i/mcmworldwide/MXZFAAK03Y0001_02?sw=600 | https://images.mcmworldwide.com/i/mcmworldwide/MXZFAAK03Y0001_03?sw=600 | https://images.mcmworldwide.com/i/mcmworldwide/MXZFAAK03Y0001_04?sw=600 | https://images.mcmworldwide.com/i/mcmworldwide/MXZFAAK03Y0001_10?sw=600,https://kr.mcmworldwide.com/ko_KR/여성/패션소품/모두보기/디아망뜨-스페니쉬-송아지-가죽-3d-참/MXZFAAK03Y0001.html,캐주얼
MXZESTA03BK001,Aren 비세토스 다이아몬드 로고 키 홀더,210000,Black,MEN,ACCESSORY,OutOfStock,24K 도금 금속 장식과 로고 인그레이빙 연결 고리가 있는 비세토스 키 홀더,천연 나파 가죽과 바이에른 다이아몬드 스타일의 금속 장식으로 장식된 시그니처 비세토스 모노그램 키 홀더입니다. 로고 인그레이빙 연결 고리를 사용해서 즐겨 사용하는 가방에 고정할 수 있습니다.,바디: 비세토스 모노그램 캔버스 | 트림: 나파 가죽,약 2 x 3 x 9 센티미터,,대한민국,로고 인그레이빙 연결 고리 및 키링 | 다이아몬드 모티프 로고 장식 | 다크 실버톤 금속 장식,프리 사이즈,https://images.mcmworldwide.com/i/mcmworldwide/MXZESTA03BK001_01?sw=600 | https://images.mcmworldwide.com/i/mcmworldwide/MXZESTA03BK001_04?sw=600,https://kr.mcmworldwide.com/ko_KR/남성/패션소품/가방-액세서리-키링/aren-비세토스-다이아몬드-로고-키-홀더/MXZESTA03BK001.html,클래식
MXZFATA10CO001,Aren 비세토스 바이컬러 다이아몬드 키 참,190000,Cognac,MEN,ACCESSORY,InStock,24K 골드 도금 메탈 하드웨어가 장식이 더해진 비세토스 모노그램 캔버스 키 홀더 참,"뮌헨의 바이에른 다이아몬드에서 영감을 받은 이 비세토스 모노그램 참은 검정색과 코냑톤을 서로 다른 면에 배치한 디자인이 특징입니다. 24k 골드 도금된 하드웨어를 사용하였으며 라우렐 로고 장식이 더해져 있습니다. 스프링 잠금 장치가 있어 키링으로 사용이 가능하며, 좋아하는 가방이나 백팩에 부착할 수 있습니다.",바디:비세토스 모노그램 캔버스,약 0 x 8 x 12 센티미터,,대한민국,라우렐 로고 참 | 키링 | 로고가 각인된 스프링 잠금장치 | 24K 골드 도금 메탈 하드웨어,프리 사이즈,https://images.mcmworldwide.com/i/mcmworldwide/MXZFATA10CO001_01?sw=600 | https://images.mcmworldwide.com/i/mcmworldwide/MXZFATA10CO001_04?sw=600,https://kr.mcmworldwide.com/ko_KR/남성/패션소품/가방-액세서리-키링/aren-비세토스-바이컬러-다이아몬드-키-참/MXZFATA10CO001.html,캐주얼
MXZGATA19PZ001,모노그램 프린트 레더 2D Stark 비세토스 백팩 참,290000,Pink,MEN,ACCESSORY,InStock,"비스토스 모노그램 프린트가 돋보이는 나파 레더 참으로, 키 링과 레더 스트랩이 함께 구성되었습니다.","하우스의 시그니처이자 아이코닉한 Stark 백팩은, 고유의 실루엣과 디테일을 살린 2D 레더 참으로 재해석되었습니다. 레더 스트랩과 키 링 클라스프가 더해져 다양한 방식으로 연출할 수 있습니다.",바디:나파 레더,,,대한민국,가죽 스트랩 | 키 링 클라스프 | 비세토스 모노그램 프린트 | 로고 브라스 플레이트 | 엠보싱 처리된 MCM 로고 모티프가 돋보이는 뒷면 | 16K 골드 도금 메탈 하드웨어 | 스트랩 드롭: 19cm,프리 사이즈,https://images.mcmworldwide.com/i/mcmworldwide/MXZGATA19PZ001_01?sw=600 | https://images.mcmworldwide.com/i/mcmworldwide/MXZGATA19PZ001_04?sw=600,https://kr.mcmworldwide.com/ko_KR/남성/패션소품/모두보기/모노그램-프린트-레더-2d-stark-비세토스-백팩-참-/MXZGATA19PZ001.html,캐주얼
MXZGATA20PZ001,모노그램 프린트 레더 2D Ella 비세토스 보스턴 참,290000,Pink,MEN,ACCESSORY,InStock,"비스토스 모노그램 프린트가 돋보이는 나파 레더 참으로, 키 링과 레더 스트랩이 함께 구성되었습니다.","뮌헨의 황금기에서 영감을 받아 탄생한 Ella 보스턴 백은, 헤리티지 디자인의 우아함을 고스란히 담아낸 2D 레더 참으로 새롭게 선보입니다. 레더 스트랩과 키 링 클라스프를 더해 다채로운 스타일링이 가능합니다.",바디:나파 레더,,,대한민국,가죽 스트랩 | 키 링 클라스프 | 비세토스 모노그램 프린트 | 로고 브라스 플레이트 | 엠보싱 처리된 MCM 로고 모티프가 돋보이는 뒷면 | 16K 골드 도금 메탈 하드웨어 | 스트랩 드롭: 19cm,프리 사이즈,https://images.mcmworldwide.com/i/mcmworldwide/MXZGATA20PZ001_01?sw=600 | https://images.mcmworldwide.com/i/mcmworldwide/MXZGATA20PZ001_04?sw=600,https://kr.mcmworldwide.com/ko_KR/남성/패션소품/모두보기/모노그램-프린트-레더-2d-ella-비세토스-보스턴-참/MXZGATA20PZ001.html,캐주얼
MXZGSTA15PK001,Aren 인조 퍼 비세토스 마스도그 참,410000,Pink,MEN,ACCESSORY,InStock,비세토스 모노그램 캔버스 트리밍을 더한 인조 퍼 마스도그 참. 로고 각인 키링과 가죽 스트랩 구성,"시즌을 대표하는 위트 있는 캐릭터, 마스도그 참은 선명한 핑크 컬러의 인조 퍼 바디와 블랙 비세토스 캔버스 디테일이 어우러져 시그니처 감성을 완성합니다. 로고 키링과 가죽 스트랩을 더해 기능성과 활용도를 높였습니다.",바디:페이크 퍼 | 트림: 비세토스 모노그램 캔버스,약 10 x 17 x 17 센티미터,스트랩 길이: 21cm,대한민국,가죽 스트랩 | 로고 각인 키링 | 24K 골드 도금 브라스 하드웨어,프리 사이즈,https://images.mcmworldwide.com/i/mcmworldwide/MXZGSTA15PK001_01?sw=600 | https://images.mcmworldwide.com/i/mcmworldwide/MXZGSTA15PK001_09?sw=600 | https://images.mcmworldwide.com/i/mcmworldwide/MXZGSTA15PK001_04?sw=600,https://kr.mcmworldwide.com/ko_KR/남성/패션소품/모두보기/aren-인조-퍼-비세토스-마스도그-참/MXZGSTA15PK001.html,캐주얼
MXZFATA04PZ001,Aren 비세토스 우주 토끼 참,510000,Pink,MEN,ACCESSORY,InStock,천연 가죽 트림과 로고가 새겨진 스프링 잠금장치가 더해진 비세토스 모노그램 캔버스 토끼 참,뮌헨 하우스의 모험 정신에서 영감을 받은 이 비세토스 참은 광활한 우주를 탐험하는 우주비행사로 표현된 장난기 가득한 MCM 토끼를 담고 있습니다. 우주복의 헬멧과 벨트에는 천연 가죽 디테일을 더해 완성도를 높였습니다.,바디: 비세토스 모노그램 캔버스 | 트림: 천연가죽,약 9 x 6 x 15 센티미터,,대한민국,가죽 스트랩 | 로고가 각인된 스프링 잠금장치 | 24K 골드 도금 메탈 하드웨어 | 스트랩 드롭: 21cm,프리 사이즈,https://images.mcmworldwide.com/i/mcmworldwide/MXZFATA04PZ001_01?sw=600 | https://images.mcmworldwide.com/i/mcmworldwide/MXZFATA04PZ001_04?sw=600,https://kr.mcmworldwide.com/ko_KR/남성/패션소품/모두보기/aren-비세토스-우주-토끼-참/MXZFATA04PZ001.html,캐주얼
MXBFAUM02K8001,M-Art 비세토스 리버서블 벨트 3.8cm,470000,Green,MEN,ACCESSORY,OutOfStock,"MCM 로고 메탈 버클이 돋보이는 가죽, 비세토스 모노그램 캔버스 양면으로 사용가능하는 벨트",뮌헨 하우스의 레터링이 하나의 조형적 모티프로 구현되어 실버 톤 코발트 로고 버클을 완성합니다. 벨트 뒷면은 천연 가죽을 사용하여 다양한 스타일로 연출이 가능합니다.,바디:비세토스 모노그램 캔버스 | 트림: 천연 나파 가죽,약 0 x 130 x 4 센티미터,,대한민국,"리버서블 디자인 | 길이 조절이 가능, 사이즈에 맞게 커팅 가능 | 실버톤 코발트 메탈 MCM 버클",길이 조절 가능 | 잘라서 사이즈 조절,https://images.mcmworldwide.com/i/mcmworldwide/MXBFAUM02K8001_01?sw=600 | https://images.mcmworldwide.com/i/mcmworldwide/MXBFAUM02K8001_02?sw=600 | https://images.mcmworldwide.com/i/mcmworldwide/MXBFAUM02K8001_03?sw=600,https://kr.mcmworldwide.com/ko_KR/남성/패션소품/모두보기/m-art-비세토스-리버서블-벨트-3.8cm/MXBFAUM02K8001.html,클래식
MECFAMM01K8001,ECONYL® 가죽 클래식 캡,390000,Green,MEN,ACCESSORY,InStock,비스토스 모노그램 프린트 가죽 챙과 로고 엠보싱 가죽 패치가 더해진 ECONYL® 재생 나일론 캡,"카키 모스 컬러의 이 베이스볼 캡은 폐 어망을 재활용한 ECONYL® 나일론 소재를 사용하여 MCM의 지속 가능성에 대한 노력을 담았습니다. 시그니처 비세토스 모노그램이 프린트된 가죽 챙과 로고 엠보싱 가죽 패치, 바이에른 다이아몬드에서 영감을 받은 메탈 버클이 달린 가죽 스트랩이 클래식한 무드를 완성합니다.",바디:ECONYL® 재생 나일론,,,대한민국,둘레: 58cm | 앞면 로고가 엠보싱 처리된 가죽 패치 | 바바리안 다이아몬드 메탈 버클이 있는 길이 조절이 가능한 스트랩 | 챙 부분: 비세토스 모노그램 프린트와 가죽,프리 사이즈,https://images.mcmworldwide.com/i/mcmworldwide/MECFAMM01K8001_01?sw=600 | https://images.mcmworldwide.com/i/mcmworldwide/MECFAMM01K8001_09?sw=600 | https://images.mcmworldwide.com/i/mcmworldwide/MECFAMM01K8001_04?sw=600 | https://images.mcmworldwide.com/i/mcmworldwide/MECFAMM01K8001_10?sw=600,https://kr.mcmworldwide.com/ko_KR/남성/패션소품/모자/econyl®-가죽-클래식-캡/MECFAMM01K8001.html,캐주얼
MYZGATA07CO001,Aren 비세토스 파우치가 더해진 숄더 스트랩,490000,Cognac,WOMEN,ACCESSORY,InStock,파우치와 나파 가죽 트림이 더해진 비세토스 모노그램 캔버스 숄더 스트랩,미니 파우치가 결합된 모노그램 숄더 스트랩으로 실용성과 장인정신을 동시에 강화한 아이템. 부드러운 가죽 트림이 더해져 편안한 착용감을 제공합니다.,바디:비세토스 모노그램 캔버스 | 트림: 나파 가죽,,스트랩 길이: 115.5 cm - 131 cm,대한민국,파우치 포함 | 스프링 잠금장치 | 24K 골드 도금 브라스 하드웨어,프리 사이즈,https://images.mcmworldwide.com/i/mcmworldwide/MYZGATA07CO001_01?sw=600 | https://images.mcmworldwide.com/i/mcmworldwide/MYZGATA07CO001_04?sw=600 | https://images.mcmworldwide.com/i/mcmworldwide/MYZGATA07CO001_05?sw=600,https://kr.mcmworldwide.com/ko_KR/여성/패션소품/가방-액세서리-참-장식/aren-비세토스-파우치가-더해진-숄더-스트랩-/MYZGATA07CO001.html,스트릿
MPFEAMM05BK001,Diamond 오 드 퍼퓸,148000,Black,WOMEN,ACCESSORY,InStock,대담하고 매혹적이며 고급스러운 향의 새로운 MCM의 Diamond 오 드 퍼퓸,"진한 카푸치노와 고요함을 선사하는 프랑스산 라벤더, 편안함을 주는 호주산 샌들우드의 귀한 블렌딩이 고급스러운 향을 선사합니다. 눈부신 블랙 골드 컬러 디자인이 돋보이는 유니섹스 향수를 빛나는 스타크 백팩을 모티브로 한 보틀에 담았습니다.",,,,이탈리아,"유니섹스 향수 | 골드 톤 금속 장식 스타크 백팩 보틀 | 탑 노트: 카푸치노, 이탈리아산 베르가못, 주니퍼 | 미들 노트: 라벤더 프로방스, 자두, 헬리오트로프 | 베이스 노트: 산토우드 퍼베스트, 브라질산 통카, 호주산 샌들우드 | 조향사: Frank Voelkl, Firmenich | EAN #8809935617329",30ml | 50ml | 75ml,https://images.mcmworldwide.com/i/mcmworldwide/MPFEAMM05BK001_01?sw=600 | https://images.mcmworldwide.com/i/mcmworldwide/MPFEAMM05BK001_02?sw=600 | https://images.mcmworldwide.com/i/mcmworldwide/MPFEAMM05BK001_03?sw=600,https://kr.mcmworldwide.com/ko_KR/여성/패션소품/향수/diamond-오-드-퍼퓸/MPFEAMM05BK001.html,럭셔리
MYBFSUM01CO090,M-Art 비세토스 벨트 1인치,470000,Cognac,WOMEN,ACCESSORY,OutOfStock,나파 가죽과 24K 도금 MCM 브라스 버클로 구성된 비세토스 모노그램 캔버스 벨트,뮌헨 하우스의 유명한 레터링이 독특한 조각적 모티프와 결합되어 이 모노그램 벨트의 도금 브라스 버클을 구성합니다.,바디: 비세토스 모노그램 캔버스 | 트림: 천연 나파 가죽,약 0 x 0 x 3 센티미터,,대한민국,조절 가능한 길이 | 24K 도금 MCM 브라스 버클,80cm / 31.5인치 | 90cm / 35.4인치 | 100cm / 39.3인치 | 110cm / 43.3인치,https://images.mcmworldwide.com/i/mcmworldwide/MYBFSUM01CO090_01?sw=600 | https://images.mcmworldwide.com/i/mcmworldwide/MYBFSUM01CO090_02?sw=600 | https://images.mcmworldwide.com/i/mcmworldwide/MYBFSUM01CO090_03?sw=600,https://kr.mcmworldwide.com/ko_KR/여성/패션소품/벨트/m-art-비세토스-벨트-1인치/MYBFSUM01CO090.html,클래식
MPFESMM04PK001,Crush 오 드 퍼퓸,94000,Pink,WOMEN,ACCESSORY,InStock,달콤한 로맨스를 품은 여성 향수,"CRUSH 퍼퓸의 오프닝 노트는 얼린 배와 핑크 페퍼가 조화를 이루어 마치 불과 얼음이 어우러진 듯한 매혹적인 향으로 시작됩니다. 허니문 노트를 지나면서 신선한 애프리콧넥타, 한 송이씩 소중하게 모은 로즈 드 메이가 관능적인 암브레트와 어우러져 마치 품속에 간직한 사랑이 시간이 흐르며 깊은 애정으로 무르익어 가듯 깊이를 더해줍니다. 생분해성 원료의 천연 화학 성분을 사용한 향수를 빛나는 핑크빛 스타크 백팩을 모티브로 한 보틀에 담았습니다.",,,,이탈리아,"여성용 향수 | 골드 톤 금속 장식 핑크 스타크 백팩 보틀 | 향수 계열: 우디 피니시의 플로럴 프루티 | 탑 노트: 얼린 배, 핑크 페퍼, 블랙 커런트, 애프리콧 넥타 | 미들 노트: 매그놀리아, 로즈 드 메이 앱솔루트, 화이트 피오니 인퓨전 | 베이스 노트: 업사이클 시더우드 버지니아 Naturals Together™, 암브레트, 캐시미어 우드 | 그린 케미스트리 원칙에 따라 제조 | 조향사: Frank Voelkl, Firmenich | EAN #8809935562407",30ml | 50ml | 75ml,https://images.mcmworldwide.com/i/mcmworldwide/MPFESMM04PK001_01?sw=600 | https://images.mcmworldwide.com/i/mcmworldwide/MPFESMM04PK001_02?sw=600 | https://images.mcmworldwide.com/i/mcmworldwide/MPFESMM04PK001_03?sw=600 | https://images.mcmworldwide.com/i/mcmworldwide/MPFESMM04PK001_04?sw=600,https://kr.mcmworldwide.com/ko_KR/여성/패션소품/향수/crush-오-드-퍼퓸/MPFESMM04PK001.html,페미닌
MEGGSMM01SV001,Mars Mask 선글라스,710000,Silver,MEN,ACCESSORY,InStock,바이에른 다이아몬드 메탈 스터드 하드웨어와 메탈 템플이 돋보이는 유니섹스 오버사이즈 쉴드 선글라스,"우주비행사의 헬멧을 연상시키는 랩어라운드 디자인의 '마스 마스크' 리미티드 에디션입니다. 독특한 메탈 스포일러가 미래지향적인 미학을 완성하며, 렌즈 위의 바바리안 다이아몬드 메탈 스터드와 템플(안경다리)의 에나멜 MCM 로고 모티프가 브랜드의 클래식한 코드를 보여줍니다. 이 특별한 선글라스는 전용 케이스 및 MCM의 여행 헤리티지를 상징하는 러기지 스타일의 행택과 함께 제공됩니다.",,,,중국,렌즈-템플 사이즈: 150-135 mm | 에나멜 MCM 로고 모티프가 더해진 메탈 템플 | 투명한 오팔 그레이 컬러의 템플 팁 | 렌즈를 장식하는 바이에른 다이아몬드 메탈 스터드와 메탈 스포일러 디테일 | 렌즈 컬러: 스모크 그라데이션의 실버 컬러 미러 코팅 | 로고 패턴이 더해진 메탈 스포일러 디테일 | 여행용 태그를 연상시키는 행택 제공 | 특별 케이스 제공 | 메탈 프레임,프리 사이즈,https://images.mcmworldwide.com/i/mcmworldwide/MEGGSMM01SV001_01?sw=600 | https://images.mcmworldwide.com/i/mcmworldwide/MEGGSMM01SV001_09?sw=600 | https://images.mcmworldwide.com/i/mcmworldwide/MEGGSMM01SV001_02?sw=600 | https://images.mcmworldwide.com/i/mcmworldwide/MEGGSMM01SV001_03?sw=600 | https://images.mcmworldwide.com/i/mcmworldwide/MEGGSMM01SV001_04?sw=600 | https://images.mcmworldwide.com/i/mcmworldwide/MEGGSMM01SV001_05?sw=600 | https://images.mcmworldwide.com/i/mcmworldwide/MEGGSMM01SV001_10?sw=600 | https://images.mcmworldwide.com/i/mcmworldwide/MEGGSMM01SV001_11?sw=600,https://kr.mcmworldwide.com/ko_KR/남성/패션소품/선글라스/mars-mask-선글라스/MEGGSMM01SV001.html,스트릿
MPFBSMM02CO001,MCM 오 드 퍼퓸,118000,Cognac,WOMEN,ACCESSORY,InStock,경계를 뛰어넘는 유니섹스 향수에 담긴 방랑자의 영혼을 품은 향을 만나보세요.,"현실로부터의 신선한 일탈은 자유롭게 방랑하는 바람에 실려 극사실적인 라즈베리와 함께 시작되고 뜻밖에도 손수 수확한 재스민으로 가득한 꽃의 세계로 나아갑니다. 이윽고, 오래도록 기다려 마지않았던 도착지인 따뜻한 앰버와 깔끔한 텍스처의 우드가 조화롭게 공존하는 평온한 땅에 다다릅니다. MCM의 여행 DNA를 훌륭하게 표현한 향수 보틀은 전설적인 스타크 백팩을 모델로 정교하게 제작되었습니다.",,,,프랑스,"지속 가능한 방식으로 공급된 원료 | 탑 노트: 라즈베리, 애프리콧 | 미들 노트: 손수 채취한 재스민, 화이트 피오니, 바이올렛 리프 | 베이스 노트: 화이트 모스, 바닐라, 샌달우드, 쉬어 앰브록스 | EAN #8809675936575",10ml | 30ml | 50ml | 75ml,https://images.mcmworldwide.com/i/mcmworldwide/MPFBSMM02CO001_01?sw=600 | https://images.mcmworldwide.com/i/mcmworldwide/MPFBSMM02CO001_02?sw=600 | https://images.mcmworldwide.com/i/mcmworldwide/MPFBSMM02CO001_03?sw=600,https://kr.mcmworldwide.com/ko_KR/여성/패션소품/향수/mcm-오-드-퍼퓸/MPFBSMM02CO001.html,미니멀
MXZAAXL01CO001,MCM 파크 베어 참,390000,Cognac,MEN,ACCESSORY,OutOfStock,시그니처 비세토스로 제작한 베어 참과 함께 일상에 유쾌한 감성을 더해보세요.,"MCM의 비세토스 코티드 캔버스와 24K 도금 금속 장식으로 제작된 베어 참으로, 세련되게 열쇠를 수납하고 액세서리에 사랑스러운 장식으로 활용할 수 있습니다.",,약 7 x 27 x 14 센티미터,,대한민국,코발트 금속 장식.,프리 사이즈,https://images.mcmworldwide.com/i/mcmworldwide/MXZAAXL01CO001_01?sw=600 | https://images.mcmworldwide.com/i/mcmworldwide/MXZAAXL01CO001_09?sw=600 | https://images.mcmworldwide.com/i/mcmworldwide/MXZAAXL01CO001_04?sw=600 | https://images.mcmworldwide.com/i/mcmworldwide/MXZAAXL01CO001_10?sw=600,https://kr.mcmworldwide.com/ko_KR/남성/패션소품/모두보기/mcm-파크-베어-참/MXZAAXL01CO001.html,캐주얼
MEHGAMM031B001,MCM X We The Best 코튼 트윌 버킷 헷,490000,Blue,WOMEN,ACCESSORY,InStock,MCM과 We The Best는 스트리트웨어를 한 단계 끌어올립니다.,"힙합의 전성기 무드를 담아낸 유니섹스 버킷햇으로, 음악과 패션의 세계를 세련되게 아우릅니다. 입체감 있는 자수로 정교하게 새겨진 콜라보레이션 로고가 돋보이며, 마이애미의 감성을 자아내는 선명한 블루 컬러로 마무리되었습니다.",코튼 100%,,,대한민국,조절가능한 드로우스트링 디자인 | MCM X We The Best logo 자수,프리 사이즈,https://images.mcmworldwide.com/i/mcmworldwide/MEHGAMM031B001_01?sw=600 | https://images.mcmworldwide.com/i/mcmworldwide/MEHGAMM031B001_09?sw=600 | https://images.mcmworldwide.com/i/mcmworldwide/MEHGAMM031B001_04?sw=600 | https://images.mcmworldwide.com/i/mcmworldwide/MEHGAMM031B001_05?sw=600 | https://images.mcmworldwide.com/i/mcmworldwide/MEHGAMM031B001_10?sw=600 | https://images.mcmworldwide.com/i/mcmworldwide/MEHGAMM031B001_11?sw=600,https://kr.mcmworldwide.com/ko_KR/여성/패션소품/모자-헤어-액세서리/mcm-x-we-the-best-코튼-트윌-버킷-헷/MEHGAMM031B001.html,스트릿
MEFGSMM02L8001,그라데이션 모노그램 스카프,430000,Blue,WOMEN,ACCESSORY,InStock,그라데이션 비세토스 모노그램 모티프 오가닉 실크 스카프,시그니처 비세토스 모노그램을 더욱 돋보이게 하는 세 가지 톤이 어우러진 그라데이션 효과가 돋보이는 오가닉 실크 스카프로 대각선으로 흐르는 컬러가 특징입니다.,100% Organic Silk,약 90 x 90 x 0 센티미터,,이탈리아,그라데이션 비세토스 모노그램 모티프,S,https://images.mcmworldwide.com/i/mcmworldwide/MEFGSMM02L8001_01?sw=600 | https://images.mcmworldwide.com/i/mcmworldwide/MEFGSMM02L8001_09?sw=600 | https://images.mcmworldwide.com/i/mcmworldwide/MEFGSMM02L8001_03?sw=600 | https://images.mcmworldwide.com/i/mcmworldwide/MEFGSMM02L8001_04?sw=600 | https://images.mcmworldwide.com/i/mcmworldwide/MEFGSMM02L8001_10?sw=600 | https://images.mcmworldwide.com/i/mcmworldwide/MEFGSMM02L8001_11?sw=600 | https://images.mcmworldwide.com/i/mcmworldwide/MEFGSMM02L8001_12?sw=600 | https://images.mcmworldwide.com/i/mcmworldwide/MEFGSMM02L8001_13?sw=600,https://kr.mcmworldwide.com/ko_KR/여성/패션소품/쁘띠-스카프-스카프/mcm-x-butterbear-티셔츠/MEFGSMM02L8001.html,클래식
MEFDAMM09CO001,모노그램 프린트 쁘띠 실크 스카프,175000,Cognac,WOMEN,ACCESSORY,OutOfStock,비세토스 모노그램 프린트 양면 오가닉 이탈리안 실크 스카프,"이탈리안 실크로 제작된 세련된 스카프로 앞 뒷면에 서로 다른 사이즈와 컬러의 비세토스 모노그램을 사용하여 다양한 느낌으로 스타일링이 가능합니다. 클래식한 스카프처럼 착용하거나, 헤어 장식 또는 가방 손잡이에 감아 세련된 룩을 완성해 보세요.",오가닉 실크 100%,약 0 x 140 x 140 센티미터,,이탈리아,수작업 봉제 | 양면 디자인 | 대조적인 컬러의 비세토스 모노그램 프린트,프리 사이즈,https://images.mcmworldwide.com/i/mcmworldwide/MEFDAMM09CO001_01?sw=600 | https://images.mcmworldwide.com/i/mcmworldwide/MEFDAMM09CO001_02?sw=600,https://kr.mcmworldwide.com/ko_KR/여성/패션소품/쁘띠-스카프-스카프/모노그램-프린트-쁘띠-실크-스카프/MEFDAMM09CO001.html,클래식
MEZCAMM17CO0ML,모노그램 니트 양말,85000,Cognac,WOMEN,ACCESSORY,OutOfStock,시그니처 레터와 라우렐이 프리미엄 코튼 블렌드 소재의 니트 양말을 한층 돋보이게 합니다.,클래식 코냑 비세토스 모노그램이 특징인 니트 코튼 양말로 머리부터 발끝까지 MCM 룩을 완성하세요. 토우와 힐의 쿠션이 더욱 향상된 편안함을 선사합니다.,"코튼 62%, 폴리아미드 33%, 엘라스테인 3%, 엘라스토디엔 2%",,,대한민국,올오버 니트 비세토스 모노그램 | 토우와 힐의 쿠션,S–M | M–L,https://images.mcmworldwide.com/i/mcmworldwide/MEZCAMM17CO0ML_01?sw=600 | https://images.mcmworldwide.com/i/mcmworldwide/MEZCAMM17CO0ML_03?sw=600 | https://images.mcmworldwide.com/i/mcmworldwide/MEZCAMM17CO0ML_10?sw=600,https://kr.mcmworldwide.com/ko_KR/여성/패션소품/모두보기/모노그램-니트-양말/MEZCAMM17CO0ML.html,캐주얼
MEFEAMM05E4001,라우렐 쁘띠 스카프,145000,Blue,WOMEN,ACCESSORY,OutOfStock,라우렐 모티프가 돋보이는 수제작 오가닉 실크 스카프,시그니처 라우렐 엠블럼이 양면에 강조된 오가닉 실크 스카프. 작고 섬세한 이 액세서리는 리본처럼 묶거나 가방 손잡이에 감아 우아한 포인트로 연출할 수 있습니다.,오가닉 실크 100%,약 87 x 5 x 0 센티미터,,이탈리아,수작업 봉제 | 라우렐 로고 모티프,프리 사이즈,https://images.mcmworldwide.com/i/mcmworldwide/MEFEAMM05E4001_01?sw=600 | https://images.mcmworldwide.com/i/mcmworldwide/MEFEAMM05E4001_04?sw=600,https://kr.mcmworldwide.com/ko_KR/여성/패션소품/쁘띠-스카프-스카프/라우렐-오가닉-실크-쁘띠-스카프/MEFEAMM05E4001.html,클래식
MEFEAMM07CO001,로레토스 모노그램 반다나 스카프,270000,Cognac,MEN,ACCESSORY,InStock,로레토스 모노그램 모티프가 있는 수작업 반다나 스카프,정사각형 실루엣의 앞면과 뒷면에 아이코닉하고 고귀한 월계수 화환이 시그니처 로레토스 모노그램으로 장식되었습니다. MCM 로고 모티프로 가장자리를 장식한 수작업 액세서리입니다. 스카프나 반다나로 연출할 수 있습니다.,"코튼 70%, 실크 30%",약 70 x 70 x 0 센티미터,,대한민국,수작업 봉제 | 로레토스 모노그램 모티프 | 반다나 또는 스카프로 착용 가능,프리 사이즈,https://images.mcmworldwide.com/i/mcmworldwide/MEFEAMM07CO001_01?sw=600 | https://images.mcmworldwide.com/i/mcmworldwide/MEFEAMM07CO001_09?sw=600 | https://images.mcmworldwide.com/i/mcmworldwide/MEFEAMM07CO001_02?sw=600,https://kr.mcmworldwide.com/ko_KR/남성/패션소품/스카프-머플러/로레토스-모노그램-반다나-스카프/MEFEAMM07CO001.html,캐주얼
MEFFAMM01Y0001,리버서블 모노그램 프린트 쁘띠 스카프,175000,Gold,WOMEN,ACCESSORY,OutOfStock,손바느질 처리된 유기농 실크 양면 모노그램 프린트 스카프,"유기농 이탈리아산 실크를 사용해 손바느질로 마감한 이 쁘띠 스카프는, 한쪽 면에는 이번 시즌의 그라데이션 모노그램을, 다른 한쪽에는 시그니처 비세토스 모노그램을 담고 있습니다. 리본으로 연출하거나 가방 손잡이에 감아 우아한 트래블 룩을 완성할 수 있는 고급스러운 액세서리입니다.",뒷면: 비세토스 모노그램 프린트 | 앞면: 그라데이션 모노그램 프린트 | 100% 오가닉 실크,약 5 x 120 x 0 센티미터,,이탈리아,손 바느질 | 양면 디자인,프리 사이즈,https://images.mcmworldwide.com/i/mcmworldwide/MEFFAMM01Y0001_01?sw=600 | https://images.mcmworldwide.com/i/mcmworldwide/MEFFAMM01Y0001_09?sw=600 | https://images.mcmworldwide.com/i/mcmworldwide/MEFFAMM01Y0001_04?sw=600 | https://images.mcmworldwide.com/i/mcmworldwide/MEFFAMM01Y0001_10?sw=600 | https://images.mcmworldwide.com/i/mcmworldwide/MEFFAMM01Y0001_11?sw=600,https://kr.mcmworldwide.com/ko_KR/여성/패션소품/쁘띠-스카프-스카프/리버서블-모노그램-프린트-쁘띠-스카프/MEFFAMM01Y0001.html,클래식
MEFESMM06G0001,앱스트랙트 모노그램 쁘띠 실크 스카프,195000,Green,WOMEN,ACCESSORY,OutOfStock,시즌 모노그램 프린트와 자카드 스트라이프 모티프로 제작된 양면 오가닉 이탈리안 실크 스카프,추상적인 ‘MCM’ 모노그램과 클래식 레터 트리오가 다채로운 톤으로 한데 어우러진 유기농 이탈리안 실크 스카프입니다. 수작업으로 제작된 액세서리의 반대쪽 면에는 자카드 스트라이프 모티프가 돋보입니다.,앞면: 시즌 모노그램 프린트 | 뒷면: 자카드 스트라이프 모티프 | 오가닉 실크 100%,약 15 x 160 x 0 센티미터,,이탈리아,수작업 봉제 | 양면 디자인,160cm x 15cm,https://images.mcmworldwide.com/i/mcmworldwide/MEFESMM06G0001_01?sw=600 | https://images.mcmworldwide.com/i/mcmworldwide/MEFESMM06G0001_04?sw=600,https://kr.mcmworldwide.com/ko_KR/여성/패션소품/모두보기/앱스트랙트-모노그램-쁘띠-실크-스카프/MEFESMM06G0001.html,클래식
MEFFSMM06Q6001,리버서블 로레토스 자카드 울 스톨,510000,Pink,MEN,ACCESSORY,InStock,로레토스 모노그램 모티프가 돋보이는 리버시블 울 자카드 니트 스톨,"정교한 울 소재로 제작된 대형 양면 자카드 숄. 뮌헨 하우스의 시그니처 라우렐 모티프가 특징이며, 뒷면의 로레토스 모노그램 색상이 반전되어 다양한 스타일로 연출이 가능합니다.",100% 울,약 30 x 195 x 0 센티미터,,대한민국,대비되는 컬러 조합의 리버서블 디자인 | 로레토스 모노그램 모티브,프리 사이즈,https://images.mcmworldwide.com/i/mcmworldwide/MEFFSMM06Q6001_01?sw=600 | https://images.mcmworldwide.com/i/mcmworldwide/MEFFSMM06Q6001_09?sw=600 | https://images.mcmworldwide.com/i/mcmworldwide/MEFFSMM06Q6001_03?sw=600 | https://images.mcmworldwide.com/i/mcmworldwide/MEFFSMM06Q6001_04?sw=600 | https://images.mcmworldwide.com/i/mcmworldwide/MEFFSMM06Q6001_10?sw=600,https://kr.mcmworldwide.com/ko_KR/남성/패션소품/스카프-머플러/리버서블-로레토스-자카드-울-스톨/MEFFSMM06Q6001.html,클래식
MEGEAMM10EG001,스퀘어 선글라스,350000,Grey,MEN,ACCESSORY,InStock,바이에른 다이아몬드 스터드 디테일과 로고 금속 장식이 돋보이는 스퀘어 아세테이트 선글라스,샤프하게 디자인된 상단 프로파일을 통해 당당한 존재감을 자랑합니다. 클래식 여행용 트렁크의 디테일을 떠올리게 하는 바이에른 다이아몬드 금속 장식은 프레임을 더욱 돋보이게 합니다. 견고한 템플은 세 개의 시그니처 레터링으로 완성되었습니다.,,,,중국,로레토스 모노그램 파우치 케이스 포함 | 렌즈 컬러: 솔리드 라이트 블루 | 프레임 컬러: 스트라이프 그레이와 이리데슨트 모노그램 | 렌즈-브리지-템플 크기: 55-16-145mm | 템플의 MCM 로고 모티프 | 아세테이트 구조 | 프레임의 바이에른 다이아몬드 스터드 금속 장식,로우 브리지 피트,https://images.mcmworldwide.com/i/mcmworldwide/MEGEAMM10EG001_01?sw=600 | https://images.mcmworldwide.com/i/mcmworldwide/MEGEAMM10EG001_09?sw=600 | https://images.mcmworldwide.com/i/mcmworldwide/MEGEAMM10EG001_02?sw=600 | https://images.mcmworldwide.com/i/mcmworldwide/MEGEAMM10EG001_03?sw=600 | https://images.mcmworldwide.com/i/mcmworldwide/MEGEAMM10EG001_10?sw=600,https://kr.mcmworldwide.com/ko_KR/남성/패션소품/선글라스/스퀘어-선글라스/MEGEAMM10EG001.html,클래식
MEGFSMM05CM001,오버사이즈 스퀘어 선글라스,350000,Black,MEN,ACCESSORY,OutOfStock,골드 톤의 시그니처 하드웨어가 돋보이는 아세테이트 오버사이즈 스퀘어 선글라스. 엠보싱 로고 케이스 제공.,아카이브 트래블 트렁크에서 영감을 받은 시그니처 하드웨어에 골드 톤 메탈 디테일이 더해진 오버사이즈 스퀘어 선글라스입니다. 템플에는 클래식한 ‘MCM’ 레터링이 장식되어 뮌헨 하우스의 유서 깊은 헤리티지를 반영합니다.,,,,중국,유니섹스 | 엠보싱 로고 디테일의 인조가죽 파우치 케이스 제공 | 렌즈 컬러: 그라데이션 브라운 | 프레임 컬러: 샤이니 다크 하바나 | MCM 로고 모티프가 장식된 템플 | 렌즈-브리지-템플 크기: 54-17-145mm. | 아세테이트 프레임 | 바이에른 다이아몬드 메탈 스터드가 장식된 프레임,프리 사이즈,https://images.mcmworldwide.com/i/mcmworldwide/MEGFSMM05CM001_01?sw=600 | https://images.mcmworldwide.com/i/mcmworldwide/MEGFSMM05CM001_09?sw=600 | https://images.mcmworldwide.com/i/mcmworldwide/MEGFSMM05CM001_02?sw=600 | https://images.mcmworldwide.com/i/mcmworldwide/MEGFSMM05CM001_03?sw=600 | https://images.mcmworldwide.com/i/mcmworldwide/MEGFSMM05CM001_10?sw=600,https://kr.mcmworldwide.com/ko_KR/남성/패션소품/선글라스/오버사이즈-스퀘어-선글라스/MEGFSMM05CM001.html,클래식
MEGGSMM02SV001,지오메트릭 쉴드 선글라스,390000,Silver,MEN,ACCESSORY,InStock,바이에른 다이아몬드 메탈 스터드 하드웨어와 메탈 템플이 돋보이는 유니섹스 지오메트릭 실드 아세테이트 선글라스,시그니처 비세토스 모노그램 렌즈가 돋보이는 지오메트릭 선글라스입니다. MCM 아카이브 러기지의 디테일을 재해석한 바바리안 다이아몬드 스터드 장식이 측면에 더해져 미래지향적인 디자인을 완성합니다.,,,,중국,렌즈-브릿지-템플 사이즈: 142-17.5-145 mm | MCM 로고 모티프가 더해진 메탈 템플 | 바이에른 다이아몬드 메탈 스터드 장식이 더해진 프레임과 템플 팁 | 렌즈 컬러: 실버 컬러 미러 코팅 비세토스 모노그램이 더해진 솔리드 스모크 | 로고가 새겨진 파우치 케이스 | 아세테이트 프레임,프리 사이즈,https://images.mcmworldwide.com/i/mcmworldwide/MEGGSMM02SV001_01?sw=600 | https://images.mcmworldwide.com/i/mcmworldwide/MEGGSMM02SV001_09?sw=600 | https://images.mcmworldwide.com/i/mcmworldwide/MEGGSMM02SV001_02?sw=600 | https://images.mcmworldwide.com/i/mcmworldwide/MEGGSMM02SV001_03?sw=600 | https://images.mcmworldwide.com/i/mcmworldwide/MEGGSMM02SV001_10?sw=600,https://kr.mcmworldwide.com/ko_KR/남성/패션소품/선글라스/지오메트릭-쉴드-선글라스/MEGGSMM02SV001.html,스트릿
MEHFSBC01Q6001,에센셜 울 비니,290000,Pink,WOMEN,ACCESSORY,InStock,바바리안 다이아몬드 로고 패치가 더해진 울 니트 비니,프리미엄 울을 사용하여 제작된 페어리 핑크 컬러의 부드러운 비니. 뮌헨 바이에른 다이아몬드에서 영감을 받은 엠보싱 처리된 로고가 더해진 패치로 포인트를 더했습니다.,100% 울,,,대한민국,로고 엠보싱 처리된 다이아몬드 형태의 페이크 가죽 패치,프리 사이즈,https://images.mcmworldwide.com/i/mcmworldwide/MEHFSBC01Q6001_01?sw=600 | https://images.mcmworldwide.com/i/mcmworldwide/MEHFSBC01Q6001_09?sw=600 | https://images.mcmworldwide.com/i/mcmworldwide/MEHFSBC01Q6001_04?sw=600 | https://images.mcmworldwide.com/i/mcmworldwide/MEHFSBC01Q6001_05?sw=600 | https://images.mcmworldwide.com/i/mcmworldwide/MEHFSBC01Q6001_10?sw=600,https://kr.mcmworldwide.com/ko_KR/여성/패션소품/모자-헤어-액세서리/에센셜-울-비니/MEHFSBC01Q6001.html,캐주얼
MEGGSMM06PK001,오발 선글라스,260000,Pink,WOMEN,ACCESSORY,InStock,메탈 로고 하드웨어가 적용된 유니섹스 오벌 아세테이트 선글라스,"우아한 곡선이 돋보이는 타원형 선글라스로, 은은하게 비치는 투명 핑크 프레임이 현대적인 세련미를 선사합니다. 템플에는 딥 골드 톤의 클래식 'MCM' 로고와 바바리안 다이아몬드 메탈 스터드가 조화롭게 어우러져 고급스러운 디테일을 완성합니다.",,,,중국,렌즈-브릿지-템플 사이즈: 53-16-145 mm | MCM 로고 장식이 더해진 템플 | 바이에른 다이아몬드 메탈 스터드 장식이 더해진 템플 팁 | 렌즈 컬러: 브라운 핑크 그라데이션 | 프레임 컬러:밀키 라이트 핑크 | 로고가 새겨진 파우치 케이스 | 아세테이트 프레임,프리 사이즈,https://images.mcmworldwide.com/i/mcmworldwide/MEGGSMM06PK001_01?sw=600 | https://images.mcmworldwide.com/i/mcmworldwide/MEGGSMM06PK001_09?sw=600 | https://images.mcmworldwide.com/i/mcmworldwide/MEGGSMM06PK001_02?sw=600 | https://images.mcmworldwide.com/i/mcmworldwide/MEGGSMM06PK001_03?sw=600 | https://images.mcmworldwide.com/i/mcmworldwide/MEGGSMM06PK001_10?sw=600,https://kr.mcmworldwide.com/ko_KR/여성/패션소품/선글라스/오발-선글라스/MEGGSMM06PK001.html,페미닌
MPFFSMM05CO001,졸리 레빗 오 드 퍼퓸,210000,Cognac,WOMEN,ACCESSORY,InStock,MCM 프래그런스 컬렉션을 소개합니다 — 뮌헨 하우스의 아이코닉한 동물 캐릭터에서 영감을 받은 다양한 향들로 구성된 컬렉션,"장난기 가득한 졸리 래빗은 상큼한 오렌지, 네롤리, 베티버의 조합으로 활기차고 생동감 넘치는 아로마를 선사합니다.",,,,이탈리아,"여성용 향수 | 로고가 새겨진 유리 병과 졸리 레빗 장식 피규어 | 시트러스 플로럴 그린 계열 향 | 탑 노트: 오렌지, 레몬, 레드커런트 | 미들 노트: 생강, 네롤리, 재스민 꽃잎 | 베이스 노트: 암브록스, 과이아크우드, 베티버 | 골드톤 하드웨어 | EAN #8800259793225",100ML,https://images.mcmworldwide.com/i/mcmworldwide/MPFFSMM05CO001_01?sw=600 | https://images.mcmworldwide.com/i/mcmworldwide/MPFFSMM05CO001_02?sw=600 | https://images.mcmworldwide.com/i/mcmworldwide/MPFFSMM05CO001_03?sw=600 | https://images.mcmworldwide.com/i/mcmworldwide/MPFFSMM05CO001_04?sw=600,https://kr.mcmworldwide.com/ko_KR/여성/패션소품/향수/졸리-레빗-오-드-퍼퓸/MPFFSMM05CO001.html,페미닌
MXZFSTA14XC001,몬스터 볼 참,410000,Red,MEN,ACCESSORY,InStock,비세토스 모노그램 프린트 트림과 스트랩이 더해진 페이크 퍼 참,올해 새롭게 선보이는 뮌헨 하우스의 기발한 창의성이 돋보이는 플러시 몬스터 볼 참. 길운을 상징하는 붉은 색상으로 디자인된 이 페이크 퍼 액세서리는 시그니처 비세토스 모노그램 디테일과 핸들 스트랩으로 마무리되었습니다.,바디:캔디 레드 페이크 퍼 | 트림: 비세토스 모노그램 캔버스,,핸들 스트랩 길이: 21cm,대한민국,비세토스 핸들 스트랩,프리 사이즈,https://images.mcmworldwide.com/i/mcmworldwide/MXZFSTA14XC001_01?sw=600 | https://images.mcmworldwide.com/i/mcmworldwide/MXZFSTA14XC001_04?sw=600,https://kr.mcmworldwide.com/ko_KR/남성/패션소품/모두보기/몬스터-볼-참/MXZFSTA14XC001.html,캐주얼
MEGFAMM03BK001,모노그램 쉴드 선글라스,350000,Black,MEN,ACCESSORY,InStock,비세토스 모노그램 모티프와 메탈 템플의 라우렐 패턴이 더해진 유니섹스 쉴드 선글라스,"비세토스 세계를 그리며 탄생한 이 쉴드 선글라스는 뮌헨 하우스의 시그니처 모노그램이 렌즈를 감싸고 있으며, 아이코닉한 라우렐 패턴이 메탈 템플에 양각으로 섬세하게 새겨져 있습니다.",,,,중국,유니섹스 | 렌즈-템플 사이즈: 137-140 mm | 렌즈에 비세토스 모노그램 모티프 | 프레임 앞면의 바바리안 다이아몬드 메탈 스터드 장식 | 렌즈 컬러: 스모크 + 실버 플래시 | 프레임 컬러: 매트 블랙 | 템플 컬러: 다크 루테늄 | 로고가 새겨진 파우치 케이스 | 메탈 프레임 | 메탈 템플의 MCM로고 모티프와 양각 라우렐 패턴,프리 사이즈,https://images.mcmworldwide.com/i/mcmworldwide/MEGFAMM03BK001_01?sw=600 | https://images.mcmworldwide.com/i/mcmworldwide/MEGFAMM03BK001_09?sw=600 | https://images.mcmworldwide.com/i/mcmworldwide/MEGFAMM03BK001_02?sw=600 | https://images.mcmworldwide.com/i/mcmworldwide/MEGFAMM03BK001_10?sw=600,https://kr.mcmworldwide.com/ko_KR/남성/패션소품/선글라스/모노그램-쉴드-선글라스/MEGFAMM03BK001.html,스트릿
MXZAAVI09CO001,비세토스 오리지널 키링,190000,Cognac,MEN,ACCESSORY,InStock,"시그니처 스타일을 은은하게 선보이는 이 키링을 백팩, 위켄더 또는 쇼퍼에 부착해 보세요.",열광적인 MCM 고객을 위해 제작된 비세토스 라인은 영원한 스타일을 선사하는 모든 제품에서 MCM의 대표적인 모노그램 코티드 캔버스를 자랑스럽게 선보입니다.,,약 2 x 3 x 9 센티미터,,대한민국,나파 가죽 트림,프리 사이즈,https://images.mcmworldwide.com/i/mcmworldwide/MXZAAVI09CO001_01?sw=600 | https://images.mcmworldwide.com/i/mcmworldwide/MXZAAVI09CO001_09?sw=600 | https://images.mcmworldwide.com/i/mcmworldwide/MXZAAVI09CO001_02?sw=600 | https://images.mcmworldwide.com/i/mcmworldwide/MXZAAVI09CO001_04?sw=600 | https://images.mcmworldwide.com/i/mcmworldwide/MXZAAVI09CO001_10?sw=600,https://kr.mcmworldwide.com/ko_KR/남성/패션소품/가방-액세서리-키링/비세토스-오리지널-키링/MXZAAVI09CO001.html,클래식
MEZCAMM17Q70ML,모노그램 니트 양말,85000,Pink,WOMEN,ACCESSORY,OutOfStock,쿠셔닝 트림 디테일과 비세토스 모노그램 모티프가 돋보이는 자카드 니트 양말,"프리미엄 코튼 블렌드 소재로 완성된 자카드 니트 삭스. 뮌헨 하우스의 클래식 레터, 라우렐, 다이아몬드 모티프가 더해져 시그니처 감성을 강조합니다. 쿠셔닝 처리된 토와 힐 디테일로 한층 향상된 착용감을 제공합니다.","62% 코튼, 33% 폴리아마이드, 3% 엘라스틴, 2% 엘라스토디엔",,,대한민국,비세토스 모노그램 모티프 | 발가락과 뒤꿈치 부분의 쿠션 처리,S–M | M–L,https://images.mcmworldwide.com/i/mcmworldwide/MEZCAMM17Q70ML_01?sw=600 | https://images.mcmworldwide.com/i/mcmworldwide/MEZCAMM17Q70ML_04?sw=600,https://kr.mcmworldwide.com/ko_KR/여성/패션소품/모두보기/모노그램-니트-양말/MEZCAMM17Q70ML.html,캐주얼
MXZFATT04K8001,38-41mm 비세토스 Apple Watch 밴드,290000,Green,MEN,ACCESSORY,InStock,시대를 초월하는 모던한 시계를 위한 밴드,시즌 컬러인 카키 모스 비세토스 캔버스로 선보이는 애플 워치 스트랩입니다. 뒷면에는 부드러운 가죽을 덧대어 장인정신과 편안한 착용감을 동시에 선사합니다. 마무리는 뮌헨의 바이에른 다이아몬드에서 영감을 받은 메탈 버클로 완성되었습니다.,바디:비세토스 모노그램 캔버스,약 0 x 2 x 10 센티미터,스트랩 길이: 115 mm,대한민국,"Apple Watch®는 별도 판매됩니다. | Apple Watch® SE, 10, 9 시리즈에 사용 할 수 있습니다. | 스트랩 안쪽과 트림: 천연 나파 가죽 | 앤틱크 실버톤 코발트 메탈 MCM 버클과 하드웨어",38/40/41mm 사용 가능 | 42/44/45/46/49mm 사용 가능 | Fits 42mm / 44mm / 45mm / 46mm / 49mm Watch/ LRG,https://images.mcmworldwide.com/i/mcmworldwide/MXZFATT04K8001_01?sw=600 | https://images.mcmworldwide.com/i/mcmworldwide/MXZFATT04K8001_02?sw=600 | https://images.mcmworldwide.com/i/mcmworldwide/MXZFATT04K8001_03?sw=600,https://kr.mcmworldwide.com/ko_KR/라이프스타일/테크-액세서리/38-41mm-비세토스-apple-watch-밴드/MXZFATT04K8001.html,럭셔리
MXZFSTT05CO001,38-41mm 비세토스 Apple Watch 스트랩,290000,Cognac,MEN,ACCESSORY,OutOfStock,시대를 초월하는 모던한 시계.,비세토스 모노그램 캔버스로 제작한 Apple Watch 스트랩으로 아랫면에 유연한 가죽을 더해 수공예와 편안함을 결합했습니다. 뮌헨의 바이에른 다이아몬드에서 영감을 받은 도금 브라스 버클 디자인으로 마감한 밴드입니다.,바디: 비세토스 모노그램 캔버스,,스트랩 길이: 115 mm,대한민국,"Apple Watch® 별도 판매 | Compatible with Apple Watch® Series SE, 10, and 9 | 밑면 및 트림: 천연 나파 가죽 | 24K 도금 브라스 버클 및 금속 장식",38/40/41mm 사용 가능 | 42/44/45/46/49mm 사용 가능 | Fits 42mm / 44mm / 45mm / 46mm / 49mm Watch/ LRG,https://images.mcmworldwide.com/i/mcmworldwide/MXZFSTT05CO001_01?sw=600 | https://images.mcmworldwide.com/i/mcmworldwide/MXZFSTT05CO001_02?sw=600 | https://images.mcmworldwide.com/i/mcmworldwide/MXZFSTT05CO001_03?sw=600,https://kr.mcmworldwide.com/ko_KR/라이프스타일/테크-액세서리/38-41mm-비세토스-apple-watch-스트랩/MXZFSTT05CO001.html,클래식
MYBCSLM03CO100,모드 트라비아 슬라이딩 버클 엠보스드 레더 리버서블 벨트,80000,Cognac,MEN,ACCESSORY,OutOfStock,우아한 MCM 로고 버클이 돋보이는 엠보스드 가죽 및 시그니처 비세토스 소재의 리버서블 벨트.,벨트 앞면은 순수한 수공예에 대한 관심을 보여주는 엠보스드 가죽으로 제작되었습니다. 뒷면은 비세토스 모노그램 코티드 캔버스로 헤리티지 아이콘을 더했습니다. 은은하게 빛나는 새로운 코드인 24K 도금 슬라이딩 로고 버클을 통해 세련된 액세서리를 시선을 사로잡는 센터 아이템으로 활용할 수 있습니다.,앞면: 엠보스드 레더,약 0 x 0 x 2 센티미터,,대한민국,리버서블 디자인 | 반대쪽 면: 비세토스 모노그램 코티드 캔버스 | Main side: Leather | Reverse side: Visetos monogram coated canvas | 24K 도금 슬라이딩 MCM 로고 버클,100cm / 39.3인치,https://images.mcmworldwide.com/i/mcmworldwide/MYBCSLM03CO100_01?sw=600 | https://images.mcmworldwide.com/i/mcmworldwide/MYBCSLM03CO100_09?sw=600 | https://images.mcmworldwide.com/i/mcmworldwide/MYBCSLM03CO100_05?sw=600 | https://images.mcmworldwide.com/i/mcmworldwide/MYBCSLM03CO100_06?sw=600 | https://images.mcmworldwide.com/i/mcmworldwide/MYBCSLM03CO100_10?sw=600,https://kr.mcmworldwide.com/ko_KR/남성/패션소품/모두보기/모드-트라비아-슬라이딩-버클-엠보스드-레더-리버서블-벨트/MYBCSLM03CO100.html,클래식
MXZEATT04BK001,42-49mm 비세토스 Apple Watch 스트랩,290000,Black,MEN,ACCESSORY,OutOfStock,시대를 초월하는 모던한 시계.,시그니처 비세토스 모노그램 캔버스로 제작했으며 아랫면에 유연한 나파 가죽을 더해 수공예와 편안함을 결합한 Apple Watch 스트랩입니다. 바이에른 다이아몬드에서 영감을 받은 버클 디자인으로 액세서리를 더욱 돋보이게 장식했습니다.,바디: 비세토스 모노그램 캔버스,약 0 x 2 x 8 센티미터,스트랩 길이: 115 mm,대한민국,"Apple Watch® 별도 판매 | Apple Watch® 1, 2, 3 시리즈 호환 | 밑면 및 트림: 천연 나파 가죽 | 앤틱 실버톤 금속 장식",38/40/41mm 사용 가능 | 42/44/45/46/49mm 사용 가능 | Fits 42mm / 44mm / 45mm / 46mm / 49mm Watch/ LRG,https://images.mcmworldwide.com/i/mcmworldwide/MXZEATT04BK001_01?sw=600 | https://images.mcmworldwide.com/i/mcmworldwide/MXZEATT04BK001_09?sw=600 | https://images.mcmworldwide.com/i/mcmworldwide/MXZEATT04BK001_02?sw=600 | https://images.mcmworldwide.com/i/mcmworldwide/MXZEATT04BK001_03?sw=600,https://kr.mcmworldwide.com/ko_KR/라이프스타일/테크-액세서리/42-49mm-비세토스-apple-watch-스트랩/MXZEATT04BK001.html,클래식
MXZFATT05K8001,42-49mm 비세토스 Apple Watch 밴드,290000,Green,MEN,ACCESSORY,InStock,시대를 초월하는 모던한 시계를 위한 밴드,시즌 컬러인 카키 모스 비세토스 캔버스로 선보이는 애플 워치 스트랩입니다. 뒷면에는 부드러운 가죽을 덧대어 장인정신과 편안한 착용감을 동시에 선사합니다. 마무리는 뮌헨의 바이에른 다이아몬드에서 영감을 받은 메탈 버클로 완성되었습니다.,바디:비세토스 모노그램 캔버스,약 0 x 2 x 10 센티미터,스트랩 길이: 115 mm,대한민국,"Apple Watch®는 별도 판매됩니다. | Apple Watch® 10, 9 시리즈에 사용 할 수 있습니다. | 스트랩 안쪽과 트림: 천연 나파 가죽 | 앤틱크 실버톤 코발트 메탈 MCM 버클과 하드웨어",38/40/41mm 사용 가능 | 42/44/45/46/49mm 사용 가능 | Fits 42mm / 44mm / 45mm / 46mm / 49mm Watch/ LRG,https://images.mcmworldwide.com/i/mcmworldwide/MXZFATT05K8001_01?sw=600 | https://images.mcmworldwide.com/i/mcmworldwide/MXZFATT05K8001_02?sw=600 | https://images.mcmworldwide.com/i/mcmworldwide/MXZFATT05K8001_03?sw=600,https://kr.mcmworldwide.com/ko_KR/라이프스타일/테크-액세서리/42-49mm-비세토스-apple-watch-밴드/MXZFATT05K8001.html,클래식
MXZEATT04CO001,42-49mm 비세토스 Apple Watch 스트랩,290000,Cognac,MEN,ACCESSORY,InStock,시대를 초월하는 모던한 시계.,시그니처 비세토스 모노그램 캔버스로 제작했으며 아랫면에 유연한 나파 가죽을 더해 수공예와 편안함을 결합한 Apple Watch 스트랩입니다. 바이에른 다이아몬드에서 영감을 받은 버클 디자인으로 액세서리를 더욱 돋보이게 장식했습니다.,바디: 비세토스 모노그램 캔버스,약 0 x 2 x 8 센티미터,스트랩 길이: 115 mm,대한민국,Apple Watch® 별도 판매 | 42-49mm / 44mm / 45mm 애플워치 호환 스트랩 | 밑면 및 트림: 천연 나파 가죽 | 24K 도금 브라스 버클,38/40/41mm 사용 가능 | 42/44/45/46/49mm 사용 가능 | Fits 42mm / 44mm / 45mm / 46mm / 49mm Watch/ LRG,https://images.mcmworldwide.com/i/mcmworldwide/MXZEATT04CO001_01?sw=600 | https://images.mcmworldwide.com/i/mcmworldwide/MXZEATT04CO001_02?sw=600 | https://images.mcmworldwide.com/i/mcmworldwide/MXZEATT04CO001_03?sw=600,https://kr.mcmworldwide.com/ko_KR/라이프스타일/테크-액세서리/42-49mm-비세토스-apple-watch-스트랩/MXZEATT04CO001.html,클래식
MXZFATT09CO001,비세토스 Apple Watch 밴드,290000,Cognac,MEN,ACCESSORY,InStock,시대를 초월하는 모던한 시계를 위한 밴드,"클래식 꼬냑 비세토스 캔버스로 정교하게 제작된 애플 워치 스트랩. 장인정신과 편안한 착용감을 제공하는 제품으로, 부드러운 가죽 안감이 더해졌으며, 스트랩은 뮌헨 바이에른 다이아몬드에서 영감을 받은 24K 골드 도금 브라스 버클로 마무리되었습니다.",바디:비세토스 모노그램 캔버스,약 0 x 2 x 9 센티미터,스트랩 길이: 125 mm,대한민국,"Apple Watch®는 별도 판매됩니다. | Apple Watch® 10, 9 시리즈에 사용 할 수 있습니다. | 스트랩 안쪽과 트림: 천연 나파 가죽 | 24K 골드 도금 브라스 메탈 버클 하드웨어",38/40/41mm 사용 가능 | 42/44/45/46/49mm 사용 가능 | Fits 42mm / 44mm / 45mm / 46mm / 49mm Watch/ LRG,https://images.mcmworldwide.com/i/mcmworldwide/MXZFATT09CO001_01?sw=600 | https://images.mcmworldwide.com/i/mcmworldwide/MXZFATT09CO001_02?sw=600 | https://images.mcmworldwide.com/i/mcmworldwide/MXZFATT09CO001_03?sw=600,https://kr.mcmworldwide.com/ko_KR/라이프스타일/테크-액세서리/비세토스-apple-watch-밴드-/MXZFATT09CO001.html,클래식
MXZGSTT06BK001,엠보스드 모노그램 레더 Apple Watch 밴드,310000,Black,MEN,ACCESSORY,InStock,엠보싱 처리된 비세토스 모노그램 모티프가 더해진 천연 풀그레인 가죽 시계줄,"천연 풀그레인 가죽을 사용하여 제작된 애플 워치 스트랩. 뮌헨 하우스의 클래식한 레터링, 라우렐, 다이아몬드 모티프가 정교하게 엠보싱 처리되어 있습니다. 장인정신이 돋보이는 디테일과 편안한 착용감을 제공하는 부드러운 밴드는 바이에른 다이아몬드에서 영감을 받은 메탈 버클로 마무리하였습니다.",바디: 천연 풀 그레인 레더,약 0 x 2 x 9 센티미터,스트랩 길이: 115 mm,대한민국,"Apple Watch®는 별도 판매됩니다. | Apple Watch® 10, 9 시리즈에 사용 할 수 있습니다. | 앤틱크 실버톤 코발트 메탈 MCM 버클과 하드웨어",38/40/41mm 사용 가능 | 42/44/45/46/49mm 사용 가능,https://images.mcmworldwide.com/i/mcmworldwide/MXZGSTT06BK001_01?sw=600 | https://images.mcmworldwide.com/i/mcmworldwide/MXZGSTT06BK001_02?sw=600 | https://images.mcmworldwide.com/i/mcmworldwide/MXZGSTT06BK001_03?sw=600,https://kr.mcmworldwide.com/ko_KR/라이프스타일/테크-액세서리/엠보스드-모노그램-레더-apple-watch-밴드-/MXZGSTT06BK001.html,클래식
MYZGSTA01CO001,Aren 비세토스 코스메틱 파우치,590000,Cognac,WOMEN,ACCESSORY,InStock,천연 가죽 트림이 더해진 비세토스 모노그램 캔버스 베니티 케이스,"뷰티 및 트래블 용품 수납용 라지 ‘Aren’ 코스메틱 파우치. 시그니처 로고 브라스 플레이트 하드웨어가 전통적 감성을 더하며, 마이크로화이버 스웨이드 내부에는 바이에른 다이아몬드에서 영감을 받은 가죽 패치로 세련미와 장인 정신을 한층 강조했습니다.",바디:비세토스 모노그램 캔버스 | 트림:천연 가죽,약 7 x 24 x 16 센티미터,,대한민국,로고 브라스 플레이트 | 지퍼 클로저 | 내부 슬립 포켓 | 다이아몬드 가죽 패치가 더해진 내부 | 24K 골드 도금 브라스 하드웨어 | 스웨이드 마감의 극세사 안감,M | L,https://images.mcmworldwide.com/i/mcmworldwide/MYZGSTA01CO001_01?sw=600 | https://images.mcmworldwide.com/i/mcmworldwide/MYZGSTA01CO001_02?sw=600 | https://images.mcmworldwide.com/i/mcmworldwide/MYZGSTA01CO001_03?sw=600 | https://images.mcmworldwide.com/i/mcmworldwide/MYZGSTA01CO001_04?sw=600,https://kr.mcmworldwide.com/ko_KR/트래블/트래블-액세서리/aren-비세토스-코스메틱-파우치/MYZGSTA01CO001.html,클래식
MXZGATA084B001,Aren 비세토스 체인 스트랩이 더해진 에어팟 프로 케이스,650000,Brown,MEN,ACCESSORY,InStock,"레더 스트랩, 체인 스트랩, 가죽 트림이 돋보이는 비세토스 모노그램 캔버스 AirPods Pro 참","하우스의 시대를 초월한 코드와 장인정신을 담아낸 AirPods Pro 참. 가죽 스트랩과 체인 스트랩을 함께 구성해 다양한 스타일로 연출할 수 있으며, 뒷면의 가죽 루프 디테일로 한층 확장된 활용성을 제공합니다.",바디:비세토스 모노그램 캔버스,약 3 x 11 x 8 센티미터,,대한민국,레더 스트랩과 체인 스트랩 | 에어팟 프로에 맞는 사이즈 | 뒷면의 레더 루프 | 로고 브라스 플레이트 잠금장치 | 레더 트림 | 24K 골드 도금 브라스 하드웨어 | 패브릭 안감 | 스트랩 드롭: 60 cm,프리 사이즈,https://images.mcmworldwide.com/i/mcmworldwide/MXZGATA084B001_01?sw=600 | https://images.mcmworldwide.com/i/mcmworldwide/MXZGATA084B001_02?sw=600 | https://images.mcmworldwide.com/i/mcmworldwide/MXZGATA084B001_03?sw=600 | https://images.mcmworldwide.com/i/mcmworldwide/MXZGATA084B001_04?sw=600,https://kr.mcmworldwide.com/ko_KR/aren-비세토스-체인-스트랩이-더해진-에어팟-프로-케이스/MXZGATA084B001.html,스트릿
MYZGSTA08PZ001,Aren 비세토스 코스메틱 파우치,530000,Pink,WOMEN,ACCESSORY,InStock,천연가죽 트림이 더해진 비세토스 모노그램 캔버스 베니티 케이스,"장인정신이 깃든 아렌 코스메틱 파우치는 뷰티 아이템과 여행 필수품을 세련되게 수납할 수 있는 실용적인 아이템입니다. 시그니처 로고 브라스 플레이트가 헤리티지 무드를 더하며, 내부는 마이크로파이버 스웨이드 라이닝과 바이에른 다이아몬드에서 영감을 받은 레더 패치로 정교하게 마감되었습니다.",바디:비세토스 모노그램 캔버스 | 트림:천연 가죽,약 6 x 20 x 13 센티미터,,대한민국,로고 브라스 플레이트 | 지퍼 클로저 | 다이아몬드 가죽 패치가 더해진 내부 | 16K 골드 도금 메탈 하드웨어 | 스웨이드 마감의 극세사 안감,M | L,https://images.mcmworldwide.com/i/mcmworldwide/MYZGSTA08PZ001_01?sw=600 | https://images.mcmworldwide.com/i/mcmworldwide/MYZGSTA08PZ001_02?sw=600 | https://images.mcmworldwide.com/i/mcmworldwide/MYZGSTA08PZ001_03?sw=600 | https://images.mcmworldwide.com/i/mcmworldwide/MYZGSTA08PZ001_04?sw=600,https://kr.mcmworldwide.com/ko_KR/트래블/트래블-액세서리/aren-비세토스-코스메틱-파우치/MYZGSTA08PZ001.html,클래식
MEZFAMM09IR001,MCM X BE@RBRICK 가리모쿠 400%,1890000,Brown,WOMEN,ACCESSORY,OutOfStock,MCM의 헤리티지가 담긴 이 핸드메이드 BE@RBRICK 피규어는 그 자체로 한 점의 예술 작품입니다.,"장인의 손길로 하나하나 조각된 월넛과 오크 우드 소재의 400% BE@RBRICK 피규어는, BE@RBRICK과 MCM의 유산을 기념하는 기념비적인 작품입니다. 베를린 베어를 연상시키는 실루엣은 MCM의 독일적 뿌리를 상징적으로 담아내며, 뮌헨 하우스를 대표하는 바이에른 다이아몬드 패턴으로 예술성과 정체성을 동시에 완성했습니다.",바디: 우레탄 코팅이 된 월넛-오크 혼합 목재,,,일본,400% 피규어 | 바바리안 다이아몬드 모티프 | 앞면의 라우렐 로고 모티프 | 15세 이상 사용 권장,프리 사이즈,https://images.mcmworldwide.com/i/mcmworldwide/MEZFAMM09IR001_01?sw=600 | https://images.mcmworldwide.com/i/mcmworldwide/MEZFAMM09IR001_02?sw=600 | https://images.mcmworldwide.com/i/mcmworldwide/MEZFAMM09IR001_03?sw=600 | https://images.mcmworldwide.com/i/mcmworldwide/MEZFAMM09IR001_04?sw=600 | https://images.mcmworldwide.com/i/mcmworldwide/MEZFAMM09IR001_05?sw=600,https://kr.mcmworldwide.com/ko_KR/신상품/bearbrick-in-mcm-wonderland/mcm-x-be@rbrick-가리모쿠-400%/MEZFAMM09IR001.html,스트릿
MXBDATA01BK001,Claus Matte M Reversible Belt 1.75” in Maxi Visetos,410000,Black,MEN,ACCESSORY,OutOfStock,Reversible Visetos belt with Matte black “M” buckle and nappa leather trim,"The front face of the Claus belt magnifies the classic Visetos monogram print in a bold expression of MCM maximalism, while a reverse side in nappa leather allows the wearer to opt for modern minimalism. A matte black edition of the iconic “M” buckle embellishes the accessory.",,,,대한민국,Reversible design | Adjustable length (Cut to size) | Waist measure in cm: 121 | Main face: Visetos monogram canvas | Alternate side: Nappa leather | Matte black metal M buckle,잘라서 사이즈 조절,https://images.mcmworldwide.com/i/mcmworldwide/MXBDATA01BK001_01?sw=600 | https://images.mcmworldwide.com/i/mcmworldwide/MXBDATA01BK001_02?sw=600 | https://images.mcmworldwide.com/i/mcmworldwide/MXBDATA01BK001_03?sw=600,https://kr.mcmworldwide.com/ko_KR/claus-matte-m-reversible-belt-1.75”-in-maxi-visetos/MXBDATA01BK001.html,클래식
MXBDATA01CO001,Claus Matte M Reversible Belt 1.75” in Maxi Visetos,410000,Black,MEN,ACCESSORY,OutOfStock,Reversible Visetos belt with Matte black “M” buckle and nappa leather trim,"The front face of the Claus belt magnifies the classic Visetos monogram print in a bold expression of MCM maximalism, while a reverse side in nappa leather allows the wearer to opt for modern minimalism. A matte black edition of the iconic “M” buckle embellishes the accessory.",,,,대한민국,Reversible design | Adjustable length (Cut to size) | Waist measure in cm: 121 | Main face: Visetos monogram canvas | Alternate side: Nappa leather | Matte black metal M buckle,잘라서 사이즈 조절,https://images.mcmworldwide.com/i/mcmworldwide/MXBDATA01CO001_01?sw=600 | https://images.mcmworldwide.com/i/mcmworldwide/MXBDATA01CO001_02?sw=600 | https://images.mcmworldwide.com/i/mcmworldwide/MXBDATA01CO001_03?sw=600,https://kr.mcmworldwide.com/ko_KR/claus-matte-m-reversible-belt-1.75”-in-maxi-visetos/MXBDATA01CO001.html,클래식
MHEEAMM01BK00L,라우렐 터틀넥 스웨터,1090000,Black,MEN,CLOTHING,OutOfStock,라우렐 모티프가 돋보이는 유니섹스 오버사이즈 울 캐시미어 블렌드 터틀넥 스웨터,MCM을 상징하는 고귀한 월계수 패턴을 슬리브에 포인트를 준 오버사이즈 터틀넥 스웨터입니다. 시그니처 리본 모티프가 톤온톤 MCM 로고 자수와 함께 실루엣의 뒷면을 장식합니다.,"울 70%, 캐시미어 30%",,,이탈리아,터틀넥 디자인 | 슬리브의 라우렐 모티프 | 뒷면의 톤온톤 MCM 로고 자수 | 오버사이즈 핏,XS | S | M | L,https://images.mcmworldwide.com/i/mcmworldwide/MHEEAMM01BK00L_01?sw=600 | https://images.mcmworldwide.com/i/mcmworldwide/MHEEAMM01BK00L_09?sw=600 | https://images.mcmworldwide.com/i/mcmworldwide/MHEEAMM01BK00L_04?sw=600 | https://images.mcmworldwide.com/i/mcmworldwide/MHEEAMM01BK00L_10?sw=600 | https://images.mcmworldwide.com/i/mcmworldwide/MHEEAMM01BK00L_11?sw=600 | https://images.mcmworldwide.com/i/mcmworldwide/MHEEAMM01BK00L_12?sw=600 | https://images.mcmworldwide.com/i/mcmworldwide/MHEEAMM01BK00L_13?sw=600,https://kr.mcmworldwide.com/ko_KR/cyber-week/라우렐-터틀넥-스웨터/MHEEAMM01BK00L.html,캐주얼
MWSFSAK04VC001,Diamant 3D 모노그램 네오프렌 숄더백,764000,Blue,WOMEN,BAG,OutOfStock,엠보스드 비세토스 모노그램과 천연 나파 가죽 트림이 돋보이는 네오프렌 숄더백,바이에른 다이아몬드를 입체적으로 해석했으며 엠보스드 비세토스 모노그램 모티프가 특징입니다. 네이비 컬러의 네오프렌과 천연 나파 가죽으로 제작한 매우 부드러운 실루엣으로 몸에 꼭 맞아 더욱 편안한 착용감을 선사합니다.,바디: 이탈리안 네오프렌 | 트림: 천연 나파 가죽,약 14 x 34 x 23 센티미터,스트랩 길이: 45cm,대한민국,조절 가능한 어깨 스트랩 | 엠보싱 비세토스 모노그램. | 뒷면 외부 포켓 및 지퍼 수납공간 | 비세토스 모노그램 프린트 가죽 고리가 달린 양방향 지퍼 클로저 | 내부 지퍼 수납공간 | 다크 톤 금속 장식 | 패브릭 안감.,M,https://images.mcmworldwide.com/i/mcmworldwide/MWSFSAK04VC001_01?sw=600 | https://images.mcmworldwide.com/i/mcmworldwide/MWSFSAK04VC001_09?sw=600 | https://images.mcmworldwide.com/i/mcmworldwide/MWSFSAK04VC001_02?sw=600 | https://images.mcmworldwide.com/i/mcmworldwide/MWSFSAK04VC001_03?sw=600 | https://images.mcmworldwide.com/i/mcmworldwide/MWSFSAK04VC001_04?sw=600 | https://images.mcmworldwide.com/i/mcmworldwide/MWSFSAK04VC001_05?sw=600 | https://images.mcmworldwide.com/i/mcmworldwide/MWSFSAK04VC001_06?sw=600 | https://images.mcmworldwide.com/i/mcmworldwide/MWSFSAK04VC001_10?sw=600,https://kr.mcmworldwide.com/ko_KR/diamant-3d-모노그램-네오프렌-숄더백/MWSFSAK04VC001.html,캐주얼
MYZCATA10BW001,Aren 체커보드 비세토스 코스메틱 파우치,235000,Black,WOMEN,BAG,OutOfStock,시그니처 비세토스 모노그램의 특별한 체커보드 에디션.,Bloomingdale’s의 150주년을 기념하는 블랙 앤 화이트 체커보드 비세토스 모노그램은 백화점의 상징적인 빅 브라운 백을 떠올리게 하는 클래식 MCM 코냑 컬러의 싱글 스퀘어가 특징입니다. 나파 가죽으로 장식된 미디엄 사이즈의 베니티 케이스에 화장품과 여행 필수 아이템을 세련되게 보관할 수 있습니다.,,약 6 x 20 x 13 센티미터,,대한민국,지퍼 클로저 | 체커보드 비세토스 모노그램 캔버스 | 나파 가죽 트림 | 매트 블랙 금속 장식,M,https://images.mcmworldwide.com/i/mcmworldwide/MYZCATA10BW001_01?sw=600 | https://images.mcmworldwide.com/i/mcmworldwide/MYZCATA10BW001_09?sw=600 | https://images.mcmworldwide.com/i/mcmworldwide/MYZCATA10BW001_02?sw=600 | https://images.mcmworldwide.com/i/mcmworldwide/MYZCATA10BW001_03?sw=600 | https://images.mcmworldwide.com/i/mcmworldwide/MYZCATA10BW001_04?sw=600,https://kr.mcmworldwide.com/ko_KR/트래블/모두보기/aren-체커보드-비세토스-코스메틱-파우치/MYZCATA10BW001.html,캐주얼
MEZFAMM10CO001,MCM X BE@RBRICK 인덴-야 400%,3950000,Cognac,WOMEN,ACCESSORY,InStock,"전통 장인정신과 감각적인 현대미가 조화를 이루는, 일본의 명가 인덴야와의 특별한 콜라보레이션","수천 킬로미터 떨어져 있지만, 장인정신에 대한 확고한 신념으로 하나가 된 세 브랜드. 400년 역사를 지닌 일본 가죽 브랜드 인덴야는 독자적인 옻칠 기법으로 잘 알려져 있으며, 이번 MCM과의 협업을 통해 시그니처 Visetos 모노그램으로 장식된 400% 사이즈의 사슴가죽 BE@RBRICK 피규어를 선보입니다.",바디: 사슴 가죽,,,일본,400% 피규어 | 비세토스 모노그램 모티프 | 15세 이상 사용 권장,프리 사이즈,https://images.mcmworldwide.com/i/mcmworldwide/MEZFAMM10CO001_01?sw=600 | https://images.mcmworldwide.com/i/mcmworldwide/MEZFAMM10CO001_02?sw=600 | https://images.mcmworldwide.com/i/mcmworldwide/MEZFAMM10CO001_03?sw=600 | https://images.mcmworldwide.com/i/mcmworldwide/MEZFAMM10CO001_04?sw=600 | https://images.mcmworldwide.com/i/mcmworldwide/MEZFAMM10CO001_05?sw=600,https://kr.mcmworldwide.com/ko_KR/신상품/bearbrick-in-mcm-wonderland/mcm-x-be@rbrick-인덴-야-400%/MEZFAMM10CO001.html,스트릿
MHJESMM05CO00L,재생 나일론 모노그램 프린트 윈드브레이커,1150000,Cognac,MEN,CLOTHING,OutOfStock,올오버 비세토스 모노그램 프린트가 돋보이는 재생 나일론 소재의 유니섹스 윈드브레이커,바다에서 수거한 어망을 재생한 이탈리아산 나일론 원사로 제작되었으며 은은한 디스트레스드 효과를 담은 국제재생표준(GRS) 인증 윈드브레이커입니다. 비세토스 모노그램 올오버 프린트와 가슴의 라우렐 로고 자수가 클래식 코냑 컬러웨이와 어우러지며 MCM의 시그니처 헤리티지 코드를 선보입니다.,100% ECONYL® 재생 나일론,,,대한민국,"후드 디자인 | 비세토스 모노그램 올오버 프린트 | 가슴의 라우렐 로고 패치 자수 | 지퍼 클로저 | 전면 사이드 포켓 | 신축성 있는 밑단과 커프스 | 오버사이즈 핏. 모델 신장: 186cm, 착용 사이즈: 미디엄",S | M | L | X라지,https://images.mcmworldwide.com/i/mcmworldwide/MHJESMM05CO00L_01?sw=600 | https://images.mcmworldwide.com/i/mcmworldwide/MHJESMM05CO00L_09?sw=600 | https://images.mcmworldwide.com/i/mcmworldwide/MHJESMM05CO00L_04?sw=600 | https://images.mcmworldwide.com/i/mcmworldwide/MHJESMM05CO00L_10?sw=600 | https://images.mcmworldwide.com/i/mcmworldwide/MHJESMM05CO00L_11?sw=600,https://kr.mcmworldwide.com/ko_KR/econyl-products/재생-나일론-모노그램-프린트-윈드브레이커/MHJESMM05CO00L.html,스트릿
MHTCAMM09EG00M,남성용 도심 속 골프 빈티지 모노그램 폴로 셔츠,117000,Grey,MEN,CLOTHING,OutOfStock,MCM은 리미티드 에디션 Golf in the City 컬렉션과 함께 계속해서 카테고리를 초월해 나갑니다.,Golf in the City 컬렉션은 시그니처 MCM 스타일을 통해 세련미 넘치는 티오프 타임을 선사합니다. 빈티지 비세토스 모노그램 프린트가 돋보이며 하우스의 유서 깊은 헤리티지를 보여주는 오가닉 코튼 피케 폴로 셔츠입니다. 니트 칼라와 슬리브의 대조적인 스트라이프가 아이템을 완성합니다.,컨트롤유니온(Control Union) 인증 오가닉 코튼 100%,,,대한민국,투버튼 플래킷 | 리브 니트 칼라와 슬리브의 대조적인 스트라이프 | 빈티지 비세토스 모노그램 프린트 | 레귤러 핏,M,https://images.mcmworldwide.com/i/mcmworldwide/MHTCAMM09EG00M_01?sw=600 | https://images.mcmworldwide.com/i/mcmworldwide/MHTCAMM09EG00M_09?sw=600 | https://images.mcmworldwide.com/i/mcmworldwide/MHTCAMM09EG00M_04?sw=600 | https://images.mcmworldwide.com/i/mcmworldwide/MHTCAMM09EG00M_10?sw=600,https://kr.mcmworldwide.com/ko_KR/남성용-golf-in-the-city-오가닉-코튼-빈티지-모노그램-폴로-셔츠/MHTCAMM09EG00M.html,캐주얼
MHDESMM02WC0XS,Intarsia Laurel Cardigan,1150000,White,MEN,CLOTHING,OutOfStock,Unisex oversized intarsia knit wool-cashmere cardigan with Laurel motifs and logo embroidery,Our noble laurel leaves feature prominently on this intarsia knit cardigan in a sustainable blend of Italian superfine wool and cashmere. Classic iconography further enriches the piece through “MCM” logo embroidery on the back of the neck.,"70% Wool, 30% Cashmere",,,이탈리아,Front button closure | Intarsia knit laurel motifs on sleeves and back | MCM logo embroidery on back of neck | 오버사이즈 핏. 모델의 신장은 175cm 이며 Medium 사이즈를 착용하고 있습니다.,XS | S | M | L,https://images.mcmworldwide.com/i/mcmworldwide/MHDESMM02WC0XS_01?sw=600 | https://images.mcmworldwide.com/i/mcmworldwide/MHDESMM02WC0XS_09?sw=600 | https://images.mcmworldwide.com/i/mcmworldwide/MHDESMM02WC0XS_04?sw=600 | https://images.mcmworldwide.com/i/mcmworldwide/MHDESMM02WC0XS_10?sw=600 | https://images.mcmworldwide.com/i/mcmworldwide/MHDESMM02WC0XS_11?sw=600,https://kr.mcmworldwide.com/ko_KR/hidden-categories---do-not-delete/cn/wechatfeed/intarsia-laurel-cardigan/MHDESMM02WC0XS.html,캐주얼
MHJESBC05VD00L,ECONYL®의 라우렐 로고 윈드브레이커,990000,Blue,MEN,CLOTHING,OutOfStock,라우렐 로고 패치 자수가 돋보이는 남성용 재생 나일론 윈드브레이커,"친환경적인 방식의 비바람에도 강한 이 ECONYL® 윈드브레이커는 완전히 지속 가능하며, 재생 나일론 직물은 여러 번 재생해 사용해도 품질과 모양을 유지합니다. 후드 실루엣은 가슴의 시그니처 라우렐 로고 자수와 오른쪽 커프의 클래식한 'MCM' 레터로 완성되었습니다.",100% ECONYL® 재생 나일론,,,대한민국,"후드 디자인 | 가슴의 라우렐 로고 패치 자수 | 지퍼 클로저 | 전면 사이드 포켓 | 신축성 있는 밑단과 커프스 | 오른쪽 커프의 MCM 로고 모티프 | 폴리에스터 메시 안감 | 오버사이즈 핏. 모델 신장: 186cm, 착용 사이즈: 미디엄",S | M | L | X라지,https://images.mcmworldwide.com/i/mcmworldwide/MHJESBC05VD00L_01?sw=600 | https://images.mcmworldwide.com/i/mcmworldwide/MHJESBC05VD00L_09?sw=600 | https://images.mcmworldwide.com/i/mcmworldwide/MHJESBC05VD00L_04?sw=600 | https://images.mcmworldwide.com/i/mcmworldwide/MHJESBC05VD00L_10?sw=600 | https://images.mcmworldwide.com/i/mcmworldwide/MHJESBC05VD00L_11?sw=600,https://kr.mcmworldwide.com/ko_KR/econyl-products/econyl®의-라우렐-로고-윈드브레이커/MHJESBC05VD00L.html,캐주얼
MFPEAMM01VC042,로레토스 울 자카드 쇼츠,533000,Blue,WOMEN,CLOTHING,OutOfStock,로레토스 모노그램 모티프가 돋보이는 여성용 오버사이즈 네이비 울 자카드 쇼츠,이탈리아산 버진 울 폴리에스터 블렌드로 직조했으며 톤온톤 버전의 로레토스 모노그램으로 시그니처 MCM 아이콘을 은은하게 담아낸 자카드 쇼츠입니다. 반전된 박스 플리츠와 다이아몬드 메탈 금속 장식이 있는 가죽 벨트 고리로 오버사이즈 실루엣을 완성했습니다. 이번 시즌의 재킷과 세트로 매치하여 현대적인 테일러드 룩을 완성할 수 있습니다.,"버진 울 60%, 폴리에스터 40%",,,대한민국,로레토스 모노그램 모티프 | 앞면과 뒷면의 반전된 박스 플리츠 | 가죽 벨트 고리와 메탈 다이아몬드 금속 장식 | 라우렐 로고 자수가 있는 뒷면 플랩 포켓 | 다이아몬드 모노그램 자카드 비스코스 안감 | 오버사이즈 핏,42 IT,https://images.mcmworldwide.com/i/mcmworldwide/MFPEAMM01VC042_01?sw=600 | https://images.mcmworldwide.com/i/mcmworldwide/MFPEAMM01VC042_09?sw=600 | https://images.mcmworldwide.com/i/mcmworldwide/MFPEAMM01VC042_04?sw=600 | https://images.mcmworldwide.com/i/mcmworldwide/MFPEAMM01VC042_10?sw=600 | https://images.mcmworldwide.com/i/mcmworldwide/MFPEAMM01VC042_11?sw=600,https://kr.mcmworldwide.com/ko_KR/hidden-categories---do-not-delete/cn/wechatfeed/로레토스-울-자카드-쇼츠/MFPEAMM01VC042.html,클래식
MFJESBC01VD00L,에센셜 로고 테리 지퍼 후디,346000,Blue,WOMEN,CLOTHING,OutOfStock,라우렐 로고 터프트 패치가 돋보이는 여성용 크롭 테리 지퍼 후드 스웨트셔츠,라우렐 엠블럼의 영광스러운 모습을 가슴의 터프트 패치 자수로 담아낸 크롭 테리 후디입니다. 어깨와 소매의 대조적인 니트 밴드가 특징입니다.,"폴리에스터 56%, 코튼 44%",,,대한민국,"후드 | 전면 지퍼 클로저 | 터프트 패치 자수 MCM 로고 | 전면 포켓 | 어깨와 소매의 콘트라스트 밴드 | 크롭 핏 모델 신장: 175cm, 착용 사이즈: 스몰",L,https://images.mcmworldwide.com/i/mcmworldwide/MFJESBC01VD00L_01?sw=600 | https://images.mcmworldwide.com/i/mcmworldwide/MFJESBC01VD00L_09?sw=600 | https://images.mcmworldwide.com/i/mcmworldwide/MFJESBC01VD00L_04?sw=600 | https://images.mcmworldwide.com/i/mcmworldwide/MFJESBC01VD00L_10?sw=600 | https://images.mcmworldwide.com/i/mcmworldwide/MFJESBC01VD00L_11?sw=600 | https://images.mcmworldwide.com/i/mcmworldwide/MFJESBC01VD00L_12?sw=600,https://kr.mcmworldwide.com/ko_KR/hidden-categories---do-not-delete/cn/wechatfeed/에센셜-로고-테리-지퍼-후디/MFJESBC01VD00L.html,캐주얼
MHEESMM01ED00L,울 캐시미어 블렌드 라우렐 스웨터,850000,Grey,MEN,CLOTHING,InStock,라우렐 로고 자수가 돋보이는 유니섹스 울 캐시미어 니트 스웨터,"슈퍼 파인 울 캐시미어 블렌드의 유니섹스 크루넥 스웨터로, 다채로운 자수로 표현한 시그니처 라우렐 로고가 특징입니다. 실루엣 뒷면의 다이아몬드 스티치 패턴은 뮌헨의 바이에른 다이아몬드에서 영감을 받았습니다.","울 70%, 재생 캐시미어 30%",,,대한민국,"리브 니트 칼라와 밑단, 커프스 | 가슴의 라우렐 로고 자수 | 레귤러 핏.",S | M | L,https://images.mcmworldwide.com/i/mcmworldwide/MHEESMM01ED00L_01?sw=600 | https://images.mcmworldwide.com/i/mcmworldwide/MHEESMM01ED00L_09?sw=600 | https://images.mcmworldwide.com/i/mcmworldwide/MHEESMM01ED00L_04?sw=600 | https://images.mcmworldwide.com/i/mcmworldwide/MHEESMM01ED00L_10?sw=600 | https://images.mcmworldwide.com/i/mcmworldwide/MHEESMM01ED00L_11?sw=600,https://kr.mcmworldwide.com/ko_KR/hidden-categories---do-not-delete/cn/wechatfeed/울-캐시미어-블렌드-라우렐-스웨터/MHEESMM01ED00L.html,캐주얼
MHDEAMM01ED00L,울 캐시미어 지퍼 카디건,1550000,Grey,MEN,CLOTHING,OutOfStock,바이에른 다이아몬드 메탈 링과 가죽 고리 디테일이 돋보이는 유니섹스 오버사이즈 울 캐시미어 블렌드 카디건,"사토리얼의 세련미와 뮌헨 하우스의 가죽 수공예가 어우러진 고급스러운 카디건. 울 캐시미어 블렌드 소재를 사용하였으며, 바이에른 다이아몬드에서 영감을 얻어 제작된 메탈 링에 가죽 고리를 더해 포인트를 주었습니다. 전면에 패치 포켓과 리브 니트 트림 디테일을 더해 실루엣을 완성하였습니다.","울 70%, 재생 캐시미어 30%",,,대한민국,지퍼 클로저 | 가죽 고리와 다이아몬드 메탈 링 | 앞면 패치 포켓 | 리브 니트 트림,S | M | L,https://images.mcmworldwide.com/i/mcmworldwide/MHDEAMM01ED00L_01?sw=600 | https://images.mcmworldwide.com/i/mcmworldwide/MHDEAMM01ED00L_09?sw=600 | https://images.mcmworldwide.com/i/mcmworldwide/MHDEAMM01ED00L_04?sw=600 | https://images.mcmworldwide.com/i/mcmworldwide/MHDEAMM01ED00L_10?sw=600 | https://images.mcmworldwide.com/i/mcmworldwide/MHDEAMM01ED00L_11?sw=600 | https://images.mcmworldwide.com/i/mcmworldwide/MHDEAMM01ED00L_12?sw=600 | https://images.mcmworldwide.com/i/mcmworldwide/MHDEAMM01ED00L_13?sw=600,https://kr.mcmworldwide.com/ko_KR/hidden-categories---do-not-delete/cn/wechatfeed/울-캐시미어-지퍼-카디건/MHDEAMM01ED00L.html,캐주얼
MHAFAMM01BK00L,로고 스티치 폰테 후디,650000,Black,MEN,CLOTHING,OutOfStock,"로고 자수와 모노그램 프린트 가죽 스트링 스토퍼, 배색 스티치 디테일이 어우러진 남성용 오버사이즈 폰테 후드 스웨트셔츠","뮌헨 하우스의 클래식 코드를 담아낸 스타일리시한 오버사이즈 폰테 후디입니다. 견고한 코냑 컬러 스티치 패턴과 함께 어깨의 라우렐 및 소매 뒤쪽의 바이에른 다이아몬드가 섬세하게 표현되었으며, 앞면 포켓에는 헤리티지 로고 자수가 아름답게 더해져 있습니다. 조절 가능한 후드 스트링은 탈착 가능한 비세토스 모노그램 프린트 가죽 스토퍼로 깔끔하게 고정할 수 있도록 제작되었습니다.","폴리에스테르 51%, 코튼 43%, 스판덱스 6%",,,대한민국,조절 가능한 스트링 후드와 탈착식 모노그램 프린트 가죽 패스너 | 어깨 부분의 라우렐 스티치 패턴 | 라우렐 로고 자수가 더해진 앞면 캥거루 포켓 | 소매 뒷면의 바바리안 다이아몬드 스티치 모티프 | 리브 니트 밑단과 소매 | 오버사이즈 핏 | 남성 모델의 키는 186cm 이며 M사이즈를 착용하고 있습니다.,S | M | L,https://images.mcmworldwide.com/i/mcmworldwide/MHAFAMM01BK00L_01?sw=600 | https://images.mcmworldwide.com/i/mcmworldwide/MHAFAMM01BK00L_09?sw=600 | https://images.mcmworldwide.com/i/mcmworldwide/MHAFAMM01BK00L_04?sw=600 | https://images.mcmworldwide.com/i/mcmworldwide/MHAFAMM01BK00L_10?sw=600 | https://images.mcmworldwide.com/i/mcmworldwide/MHAFAMM01BK00L_11?sw=600,https://kr.mcmworldwide.com/ko_KR/hidden-categories---do-not-delete/cn/wechatfeed/로고-스티치-폰테-후디/MHAFAMM01BK00L.html,스트릿
MHJFSMM07ED0XS,네오프렌 자카드 로레토스 재킷,819000,Grey,MEN,CLOTHING,OutOfStock,로레토스 모노그램 모티브 유니섹스 오버사이즈 네오프렌 자카드 재킷,부드러운 이탈리아 네오프렌으로 짜여진 이 자카드 재킷은 뮌헨 하우스의 시그니처 월계수 문양으로 우아하게 장식되었습니다. 오버사이즈 실루엣의 클래식한 디자인에 비세토스 모노그램 프린트 지퍼 풀러와 바바리안 다이아몬드에서 영감을 받은 앞주머니가 더해져 더욱 풍성한 매력을 발산합니다.,바디: 이탈리아 네오프렌 자카드,,,대한민국,로레토스 모노그램 모티브 | 로고가 새겨진 메탈 스냅 하드웨어 스탠드 칼라 | 비세토스 모노그램 풀러가 달린 지퍼 클로저 | 앞면 지퍼 포켓 | 오버사이즈 핏,XS,https://images.mcmworldwide.com/i/mcmworldwide/MHJFSMM07ED0XS_01?sw=600 | https://images.mcmworldwide.com/i/mcmworldwide/MHJFSMM07ED0XS_09?sw=600 | https://images.mcmworldwide.com/i/mcmworldwide/MHJFSMM07ED0XS_04?sw=600 | https://images.mcmworldwide.com/i/mcmworldwide/MHJFSMM07ED0XS_10?sw=600 | https://images.mcmworldwide.com/i/mcmworldwide/MHJFSMM07ED0XS_11?sw=600,https://kr.mcmworldwide.com/ko_KR/hidden-categories---do-not-delete/cn/wechatfeed/네오프렌-자카드-로레토스-재킷/MHJFSMM07ED0XS.html,스트릿
MEXCSMM23CO044,Visetos Slides,195000,Cognac,MEN,SHOES,OutOfStock,Rubber slides with heritage Visetos monogram print,"The classic letters, laurels, and diamonds enrich the textured vamp of these legacy slides. Sublime comfort is achieved through a slightly grained footbed and specially-developed rubber sole.",,,,대한민국,"Visetos monogram print on TPU vamp | Specially-developed, grained rubber footbed and sole",44 IT,https://images.mcmworldwide.com/i/mcmworldwide/MEXCSMM23CO044_01?sw=600 | https://images.mcmworldwide.com/i/mcmworldwide/MEXCSMM23CO044_09?sw=600 | https://images.mcmworldwide.com/i/mcmworldwide/MEXCSMM23CO044_02?sw=600 | https://images.mcmworldwide.com/i/mcmworldwide/MEXCSMM23CO044_03?sw=600 | https://images.mcmworldwide.com/i/mcmworldwide/MEXCSMM23CO044_04?sw=600 | https://images.mcmworldwide.com/i/mcmworldwide/MEXCSMM23CO044_05?sw=600,https://kr.mcmworldwide.com/ko_KR/hidden-categories---do-not-delete/red-bags-accessories/visetos-slides/MEXCSMM23CO044.html,캐주얼
MXBESTA03BK001,Aren 엠보스드 모노그램 레더 리버서블 벨트 1.3”,450000,Black,MEN,ACCESSORY,InStock,비세토스 캔버스 트림과 텅 버클이 돋보이는 리버서블 엠보스드 모노그램 가죽 벨트,도금 텅 버클로 완성되었으며 명망 높은 비세토스 모노그램이 새겨진 풀 그레인 나파 가죽으로 앞면을 제작한 Aren 리버서블 벨트입니다. 반대쪽 면은 비세토스 모노그램 캔버스 소재로 제작되어 헤리티지 코드와 클래식한 수공예를 선보입니다.,뒷면: 비세토스 모노그램 캔버스,약 0 x 130 x 3 센티미터,,대한민국,리버서블 디자인 | 길이 조절 가능(커팅하여 사이즈 조절) | 메인 측면: 엠보스드 모노그램 가죽 | 24K 도금 브라스 텅 버클,길이 조절 가능,https://images.mcmworldwide.com/i/mcmworldwide/MXBESTA03BK001_01?sw=600 | https://images.mcmworldwide.com/i/mcmworldwide/MXBESTA03BK001_02?sw=600 | https://images.mcmworldwide.com/i/mcmworldwide/MXBESTA03BK001_03?sw=600,https://kr.mcmworldwide.com/ko_KR/hidden-categories---do-not-delete/sizable-belts-for-how-to-video/aren-엠보스드-모노그램-레더-리버서블-벨트-1.3”/MXBESTA03BK001.html,클래식
MXBAAVI03CO001,클라우스 M 비세토스 리버서블 벨트 4.5cm,450000,Cognac,MEN,ACCESSORY,InStock,활용도와 기능성이 뛰어나 어떤 룩에도 잘 어울립니다.,"클라우스 리버서블 벨트의 한쪽 면은 시그니처 모노그램 코티드 캔버스로, 다른 면은 솔리드 레더로 제작했습니다. 아이코닉한 “M” 버클은 탈착이 가능하므로 스트랩을 잘라 원하는 길이로 조절할 수 있습니다.",,약 0 x 130 x 5 센티미터,,대한민국,길이 조절 가능. | 나파 가죽 트림 | 웨이스트 사이즈: 122cm | 24K 금 도금 하드웨어,잘라서 사이즈 조절,https://images.mcmworldwide.com/i/mcmworldwide/MXBAAVI03CO001_01?sw=600 | https://images.mcmworldwide.com/i/mcmworldwide/MXBAAVI03CO001_02?sw=600 | https://images.mcmworldwide.com/i/mcmworldwide/MXBAAVI03CO001_03?sw=600 | https://images.mcmworldwide.com/i/mcmworldwide/MXBAAVI03CO001_10?sw=600,https://kr.mcmworldwide.com/ko_KR/hidden-categories---do-not-delete/sizable-belts-for-how-to-video/클라우스-m-비세토스-리버서블-벨트-4.5cm/MXBAAVI03CO001.html,클래식
MXBEAUM02BK001,M-Art 비세토스 리버서블 벨트 1.5”,470000,Black,MEN,ACCESSORY,InStock,비세토스와 나파 가죽 소재의 실버톤 MCM 버클 리버서블 벨트,"클래식 ‘MCM’ 레터가 실버톤 코발트 버클의 입체적이고 우아한 모티프에 담긴 리버서블 벨트입니다. 앞면의 비세토스 캔버스 소재에 시그니처 모노그램을 담아냈으며, 나파 가죽 소재로 제작된 반대쪽 면은 미니멀한 룩에 이상적입니다.",앞면: 비세토스 모노그램 캔버스 | 뒷면: 천연 나파 가죽,약 0 x 130 x 4 센티미터,,대한민국,리버서블 디자인 | 벨트를 잘라 원하는 사이즈로 조절 가능한 길이 | 실버톤 코발트 메탈 MCM 버클,길이 조절 가능 | 잘라서 사이즈 조절,https://images.mcmworldwide.com/i/mcmworldwide/MXBEAUM02BK001_01?sw=600 | https://images.mcmworldwide.com/i/mcmworldwide/MXBEAUM02BK001_02?sw=600 | https://images.mcmworldwide.com/i/mcmworldwide/MXBEAUM02BK001_03?sw=600,https://kr.mcmworldwide.com/ko_KR/hidden-categories---do-not-delete/sizable-belts-for-how-to-video/m-art-비세토스-리버서블-벨트-1.5”/MXBEAUM02BK001.html,클래식
MXBAAVI03BK001,클라우스 M 비세토스 리버서블 벨트 4.5cm,450000,Black,MEN,ACCESSORY,InStock,활용도와 기능성이 뛰어나 어떤 룩에도 잘 어울립니다.,"클라우스 리버서블 벨트의 한쪽 면은 시그니처 모노그램 코티드 캔버스로, 다른 면은 솔리드 레더로 제작했습니다. 아이코닉한 “M” 버클은 탈착이 가능하므로 스트랩을 잘라 원하는 길이로 조절할 수 있습니다.",,약 0 x 130 x 5 센티미터,,대한민국,길이 조절 가능. | 나파 가죽 트림 | 웨이스트 사이즈: 122cm | 24K 금 도금 하드웨어,잘라서 사이즈 조절,https://images.mcmworldwide.com/i/mcmworldwide/MXBAAVI03BK001_01?sw=600 | https://images.mcmworldwide.com/i/mcmworldwide/MXBAAVI03BK001_09?sw=600 | https://images.mcmworldwide.com/i/mcmworldwide/MXBAAVI03BK001_02?sw=600 | https://images.mcmworldwide.com/i/mcmworldwide/MXBAAVI03BK001_03?sw=600,https://kr.mcmworldwide.com/ko_KR/hidden-categories---do-not-delete/sizable-belts-for-how-to-video/클라우스-m-비세토스-리버서블-벨트-4.5cm/MXBAAVI03BK001.html,클래식
MXZDATA05CO001,Aren 카프 레더 랜야드 폰케이스,630000,Cognac,MEN,ACCESSORY,OutOfStock,Calf leather phone case with leather lanyard strap and embossed MCM logo motif,"An artisan approach to mobile carriage, this Spanish calf leather phone case is accompanied by a leather lanyard and features rear card slots for hands-free functionality. The classic letters are embossed on the front, placing MCM craftsmanship at the forefront of this accessory.",,약 1 x 13 x 18 센티미터,,대한민국,Detachable leather lanyard strap | Embossed MCM logo motif at front | Exterior card slots at back | Spanish calf leather | Silver-tone metal hardware | Microfiber lining with suede finish | Strap drop: 55 cm,프리 사이즈,https://images.mcmworldwide.com/i/mcmworldwide/MXZDATA05CO001_01?sw=600 | https://images.mcmworldwide.com/i/mcmworldwide/MXZDATA05CO001_02?sw=600 | https://images.mcmworldwide.com/i/mcmworldwide/MXZDATA05CO001_03?sw=600 | https://images.mcmworldwide.com/i/mcmworldwide/MXZDATA05CO001_04?sw=600,https://kr.mcmworldwide.com/ko_KR/holiday-express/aren-lanyard-phone-case-in-spanish-calf-leather/MXZDATA05CO001.html,캐주얼
MXBAAVI08BK001,클라우스 M 비세토스 리버서블 벨트 4.5cm,450000,Black,MEN,ACCESSORY,InStock,절제된 시그니처 벨트.,"클라우스 리버서블 벨트의 한쪽 면은 시그니처 모노그램 코티드 캔버스로, 다른 면은 솔리드 레더로 제작했습니다. 아이코닉한 “M” 버클은 탈착이 가능하며 스트랩을 잘라 원하는 길이로 조절할 수 있습니다.",,약 0 x 130 x 5 센티미터,,대한민국,리버서블 디자인 | 길이 조절 가능. | 나파 가죽 트림 | 웨이스트 사이즈: 122cm,잘라서 사이즈 조절,https://images.mcmworldwide.com/i/mcmworldwide/MXBAAVI08BK001_01?sw=600 | https://images.mcmworldwide.com/i/mcmworldwide/MXBAAVI08BK001_09?sw=600 | https://images.mcmworldwide.com/i/mcmworldwide/MXBAAVI08BK001_02?sw=600 | https://images.mcmworldwide.com/i/mcmworldwide/MXBAAVI08BK001_03?sw=600,https://kr.mcmworldwide.com/ko_KR/hidden-categories---do-not-delete/sizable-belts-for-how-to-video/클라우스-m-비세토스-리버서블-벨트-4.5cm/MXBAAVI08BK001.html,클래식
MXB7SVI10BK001,클라우스 리버서블 벨트,450000,Black,MEN,ACCESSORY,OutOfStock,MCM의 시그니처 라인인 모노그램 코팅 캔버스와 견고한 트릭 엠보 소가죽의 양면 사용이 가능한 리버시블 벨트,MCM의 시그니처 라인인 모노그램 코팅 캔버스와 견고한 트릭 엠보 소가죽의 양면 사용이 가능한 리버시블 벨트,,약 5 x 130 x 0 센티미터,,대한민국,모노그램 코팅 캔버스와 소가죽이 양면으로 사용 가능한 리버시블 벨트 | 길이 조절 가능 | 4.5 * 130 (폭*길이) | Coated Canvas+Cowhide (코팅 캔버스+Tric Embo 소가죽) | Made in Korea | Matte hardware,잘라서 사이즈 조절,https://images.mcmworldwide.com/i/mcmworldwide/MXB7SVI10BK001_01?sw=600 | https://images.mcmworldwide.com/i/mcmworldwide/MXB7SVI10BK001_02?sw=600 | https://images.mcmworldwide.com/i/mcmworldwide/MXB7SVI10BK001_03?sw=600,https://kr.mcmworldwide.com/ko_KR/hidden-categories---do-not-delete/sizable-belts-for-how-to-video/클라우스-리버서블-벨트/MXB7SVI10BK001.html,클래식
MEHDAMM07BK001,Intarsia Logo Wool Headband,155000,Black,WOMEN,ACCESSORY,OutOfStock,Intarsia knit Merino wool headband with seasonal MCM logo motif,"Echoing the high amplitude of modern life, the season’s soundwave-inspired MCM logo is presented in contrasting tones on this headband. The accessory is intarsia knit from RWS-certified Merino wool championing animal welfare.",100% Merino Wool certified by RWS (Responsible Wool Standard),,,이탈리아,Intarsia knit | MCM logo motif,프리 사이즈,https://images.mcmworldwide.com/i/mcmworldwide/MEHDAMM07BK001_01?sw=600 | https://images.mcmworldwide.com/i/mcmworldwide/MEHDAMM07BK001_04?sw=600,https://kr.mcmworldwide.com/ko_KR/intarsia-logo-wool-headband/MEHDAMM07BK001.html,캐주얼
MXEFATA02K8001,비세토스 iPhone 16 Pro Max 케이스,230000,Green,WOMEN,ACCESSORY,InStock,외부 포켓과 천연 나파 가죽 트림이 더해진 비세토스 모노그램 캔버스 아이폰 케이스,시그니처 비세토스 캔버스로 완성된 이 iPhone 16 Pro Max 케이스는 뮌헨 하우스의 클래식한 코드를 담고 있습니다. 외부에 마련된 카드 및 신분증 수납 포켓이 실용성을 더합니다.,바디:비세토스 모노그램 캔버스 | 트림: 천연 나파 가죽,약 1 x 8 x 17 센티미터,,대한민국,외부 카드 포켓 | 패브릭 안감,프리 사이즈,https://images.mcmworldwide.com/i/mcmworldwide/MXEFATA02K8001_01?sw=600 | https://images.mcmworldwide.com/i/mcmworldwide/MXEFATA02K8001_02?sw=600 | https://images.mcmworldwide.com/i/mcmworldwide/MXEFATA02K8001_03?sw=600,https://kr.mcmworldwide.com/ko_KR/라이프스타일/테크-액세서리/비세토스-iphone-16-pro-max-케이스/MXEFATA02K8001.html,캐주얼
MXEFATA01K8001,비세토스 iPhone 16 Pro 케이스,230000,Green,WOMEN,ACCESSORY,InStock,외부 포켓과 천연 나파 가죽 트림이 더해진 비세토스 모노그램 캔버스 아이폰 케이스,시그니처 비세토스 캔버스로 완성된 이 iPhone 16 Pro 케이스는 뮌헨 하우스의 클래식한 코드를 담고 있습니다. 외부에 마련된 카드 및 신분증 수납용 포켓이 실용성을 더합니다.,바디:비세토스 모노그램 캔버스 | 트림: 천연 나파 가죽,약 1 x 7 x 15 센티미터,,대한민국,외부 카드 포켓 | 패브릭 안감,프리 사이즈,https://images.mcmworldwide.com/i/mcmworldwide/MXEFATA01K8001_01?sw=600 | https://images.mcmworldwide.com/i/mcmworldwide/MXEFATA01K8001_02?sw=600 | https://images.mcmworldwide.com/i/mcmworldwide/MXEFATA01K8001_03?sw=600,https://kr.mcmworldwide.com/ko_KR/라이프스타일/테크-액세서리/비세토스-iphone-16-pro-케이스/MXEFATA01K8001.html,캐주얼
MMKCABG01BW001,체커보드 비세토스 브랜든버그 백팩,740000,Black,MEN,BAG,OutOfStock,시그니처 비세토스 모노그램의 특별한 체커보드 에디션.,블랙 앤 화이트 체커보드 비세토스 모노그램의 클래식 MCM 코냑 컬러의 싱글 스퀘어가 돋보입니다. 나파 가죽으로 장식되었으며 듀얼 프론트 플랩 포켓의 기능성이 돋보이는 초현대적인 백팩입니다. 확실하고 안전하게 여밀 수 있는 견고한 버클 잠금 장치와 가죽 드로우스트링 잠금 장치 등 클래식한 특징이 고스란히 담겨 있습니다.,,약 14 x 29 x 43 센티미터,"57 cm to 98 cm strap length, Handle drop: 8.5 cm",대한민국,조절 가능한 로고 우븐 어깨 스트랩 | 가죽 손잡이 부분 | 패딩 뒷면 패널 | 전면 듀얼 플랩 포켓 | 가죽 드로우스트링 잠금 장치와 버클 잠금 장치 | 내부 지퍼 포켓 | 내부 지퍼 포켓 | 체커보드 비세토스 모노그램 캔버스 | 나파 가죽 트림 | 매트 블랙 금속 장식,M,https://images.mcmworldwide.com/i/mcmworldwide/MMKCABG01BW001_01?sw=600 | https://images.mcmworldwide.com/i/mcmworldwide/MMKCABG01BW001_09?sw=600 | https://images.mcmworldwide.com/i/mcmworldwide/MMKCABG01BW001_02?sw=600 | https://images.mcmworldwide.com/i/mcmworldwide/MMKCABG01BW001_03?sw=600 | https://images.mcmworldwide.com/i/mcmworldwide/MMKCABG01BW001_04?sw=600,https://kr.mcmworldwide.com/ko_KR/mcm-icons-edit/체커보드-비세토스-브랜든버그-백팩/MMKCABG01BW001.html,스트릿
MXBAAVI01FP001,클라우스 M 비세토스 리버서블 벨트 4.5cm,130000,Grey,MEN,ACCESSORY,OutOfStock,스모키한 세련미로 단장한 시그니처 리버서블 벨트.,앞면을 톤온톤 미스티 그레이 버전의 클래식 비세토스로 장식한 Claus 벨트입니다. 한편 반대쪽 면 전체는 솔리드 나파 가죽으로 제작되어 미니멀한 룩에 이상적입니다. 아이코닉한 M 버클은 탈착이 가능하여 벨트를 원하는 길이로 조절할 수 있습니다.,앞면: 비세토스 모노그램 코티드 캔버스,약 0 x 130 x 5 센티미터,,대한민국,리버서블 디자인 | 길이 조절 가능(커팅하여 사이즈 조절) | 반대쪽 면: 나파 레더 | 실버톤 코발트 메탈 ‘M’ 버클과 금속 장식,잘라서 사이즈 조절,https://images.mcmworldwide.com/i/mcmworldwide/MXBAAVI01FP001_01?sw=600 | https://images.mcmworldwide.com/i/mcmworldwide/MXBAAVI01FP001_09?sw=600 | https://images.mcmworldwide.com/i/mcmworldwide/MXBAAVI01FP001_05?sw=600 | https://images.mcmworldwide.com/i/mcmworldwide/MXBAAVI01FP001_06?sw=600,https://kr.mcmworldwide.com/ko_KR/신상품/mcm-at-milan-design-week-2025/클라우스-m-비세토스-리버서블-벨트-4.5cm/MXBAAVI01FP001.html,클래식
MMKDAUP01CO001,밸런타인데이 스터드 비세토스 스타크 베베 부 백팩,1350000,Cognac,MEN,BAG,OutOfStock,지난 시즌의 로맨스를 다시 떠올리게 하는 업사이클링 프로젝트 밸런타인데이 에디션입니다.,MCM 아티스트의 핸드 페인팅으로 제작된 하트가 바이에른 다이아몬드를 감싸며 시대를 초월한 사랑을 표현한 아카이브 스타크 베베 부 백팩입니다. 도금 스터드로 사랑받는 액세서리를 장식했으며 탈착식 스트랩을 사용하여 크로스바디 백과 숄더백으로 연출할 수 있습니다.,바디: 비세토스 모노그램 캔버스 | 트림: 나파 가죽,약 10 x 18 x 21 센티미터,"50 cm to 57 cm strap length, Handle drop: 6 cm",대한민국,"탈부착 및 조절 가능한 가죽 어깨 스트랩 | 백팩, 크로스바디, 숄더백으로 연출 가능 | 가죽 손잡이 부분 | 핸드 페인팅 밸런타인데이 하트 모티브 | 스터드 장식 | 전면 지퍼 수납공간 | 옆면 슬립 포켓 | 지퍼 클로저 | 내부 슬립 포켓 | 24K 도금 금속 장식 | 코튼 트윌 라이닝",엑스트라 미니,https://images.mcmworldwide.com/i/mcmworldwide/MMKDAUP01CO001_01?sw=600 | https://images.mcmworldwide.com/i/mcmworldwide/MMKDAUP01CO001_02?sw=600 | https://images.mcmworldwide.com/i/mcmworldwide/MMKDAUP01CO001_03?sw=600 | https://images.mcmworldwide.com/i/mcmworldwide/MMKDAUP01CO001_04?sw=600,https://kr.mcmworldwide.com/ko_KR/mcm-icons-edit/밸런타인데이-스터드-비세토스-스타크-베베-부-백팩/MMKDAUP01CO001.html,페미닌
MMKEAVE16BK001,Stark 사이드 스터드 비세토스 백팩,1490000,Black,MEN,BAG,InStock,피라미드 모양 스터드 장식과 천연 나파 가죽 트림이 특징인 비세토스 모노그램 캔버스 백팩,"높아진 품격, 작아진 크기. 다면체 피라미드 모양 스터드로 장식된 아이코닉한 스타크 백팩의 미니 버전으로, 시그니처 비세토스 캔버스와 천연 나파 가죽으로 세심하게 제작되었습니다.",바디: 비세토스 모노그램 캔버스 | 트림: 천연 나파 가죽,약 11 x 22 x 27 센티미터,"스트랩 길이: 72.5cm ~ 90cm, 핸들 드롭: 7cm",대한민국,조절 가능한 어깨 스트랩 | 가죽 손잡이 부분 | MCM 로고 플레이트. | 전면 지퍼 수납공간 | 사이드 포켓과 스터드 장식 | 양방향 지퍼 클로저 | 내부 포켓 및 슬리브 | 다크 톤 코발트 메탈 하드웨어. | 인조 나파 안감,X-Mini Bebe Boo | 미니 | S | S–M | M,https://images.mcmworldwide.com/i/mcmworldwide/MMKEAVE16BK001_01?sw=600 | https://images.mcmworldwide.com/i/mcmworldwide/MMKEAVE16BK001_09?sw=600 | https://images.mcmworldwide.com/i/mcmworldwide/MMKEAVE16BK001_02?sw=600 | https://images.mcmworldwide.com/i/mcmworldwide/MMKEAVE16BK001_03?sw=600 | https://images.mcmworldwide.com/i/mcmworldwide/MMKEAVE16BK001_04?sw=600 | https://images.mcmworldwide.com/i/mcmworldwide/MMKEAVE16BK001_10?sw=600,https://kr.mcmworldwide.com/ko_KR/mcm-fit-check-1/스타크-사이드-스터드-비세토스-백팩/MMKEAVE16BK001.html,스트릿
MEZDSMM08BK00M,비세토스 펫 칼라,195000,Black,WOMEN,ACCESSORY,OutOfStock,"비세토스 모노그램 캔버스, 양가죽 및 나파 가죽 소재의 칼라",원형 MCM 로고 참이 있는 시그니처 비세토스 모노그램 펫 칼라입니다. 뛰어난 수공예 기술을 통해 부드러운 양가죽으로 칼라를 감싸서 반려동물의 편안함을 더욱 높였습니다.,,약 0 x 50 x 3 센티미터,,대한민국,"버클 클로저 | MCM 로고 참 | 비세토스 모노그램 캔버스 | 양가죽 및 나파 가죽 트림 | 매트 블랙 금속 장식 | 조절 가능한 길이: 28cm~46cm | 핏 조절 가능 모델 목 둘레: 약 35cm, 착용 사이즈: 28cm~46cm",길이 조절 가능 / 28cm–46cm | 길이 조절 가능 / 38cm–56cm,https://images.mcmworldwide.com/i/mcmworldwide/MEZDSMM08BK00M_01?sw=600 | https://images.mcmworldwide.com/i/mcmworldwide/MEZDSMM08BK00M_09?sw=600 | https://images.mcmworldwide.com/i/mcmworldwide/MEZDSMM08BK00M_04?sw=600 | https://images.mcmworldwide.com/i/mcmworldwide/MEZDSMM08BK00M_10?sw=600,https://kr.mcmworldwide.com/ko_KR/mcm-회원-pre-sale/비세토스-펫-칼라/MEZDSMM08BK00M.html,캐주얼
MELFAMM01SV001,MCM Park 비세토스 토끼 인형,750000,Silver,WOMEN,ACCESSORY,InStock,페이크퍼와 천연 가죽 트림이 더해진 비세토스 모노그램 캔버스 토끼 인형,"부드러운 촉감을 선사하는 컬렉터블 아이템, 뮌헨 하우스의 클래식 비세토스 모노그램으로 장식된 토끼 인형입니다. 여행길에서는 사랑스러운 동반자가 되어주며, 집에서는 유쾌한 대화 소재로도 손색이 없습니다. 장인정신이 깃든 이 애니멀 동반자는 스터드 장식의 칼라와 페이크 퍼 디테일로 마무리되었습니다.",바디:비세토스 모노그램 캔버스 | 트림:천연 가죽,약 18 x 19 x 33 센티미터,,대한민국,스터드 장식 칼라 | 페이크 퍼 꼬리,M,https://images.mcmworldwide.com/i/mcmworldwide/MELFAMM01SV001_01?sw=600 | https://images.mcmworldwide.com/i/mcmworldwide/MELFAMM01SV001_02?sw=600 | https://images.mcmworldwide.com/i/mcmworldwide/MELFAMM01SV001_04?sw=600,https://kr.mcmworldwide.com/ko_KR/라이프스타일/홈-데코/mcm-park-비세토스-토끼-인형/MELFAMM01SV001.html,페미닌
MEZDSMM11BK00L,비세토스 펫 칼라,195000,Black,WOMEN,ACCESSORY,OutOfStock,"비세토스 모노그램 캔버스, 양가죽 및 나파 가죽 소재의 칼라",원형 MCM 로고 참이 있는 시그니처 비세토스 모노그램 펫 칼라입니다. 뛰어난 수공예 기술을 통해 부드러운 양가죽으로 칼라를 감싸서 반려동물의 편안함을 더욱 높였습니다.,,약 0 x 60 x 3 센티미터,,대한민국,버클 클로저 | MCM 로고 참 | 비세토스 모노그램 캔버스 | 양가죽 및 나파 가죽 트림 | 매트 블랙 금속 장식 | 조절 가능한 길이: 28cm~46cm,길이 조절 가능 / 28cm–46cm | 길이 조절 가능 / 38cm–56cm,https://images.mcmworldwide.com/i/mcmworldwide/MEZDSMM11BK00L_01?sw=600 | https://images.mcmworldwide.com/i/mcmworldwide/MEZDSMM11BK00L_09?sw=600 | https://images.mcmworldwide.com/i/mcmworldwide/MEZDSMM11BK00L_04?sw=600 | https://images.mcmworldwide.com/i/mcmworldwide/MEZDSMM11BK00L_10?sw=600,https://kr.mcmworldwide.com/ko_KR/mcm-회원-pre-sale/비세토스-펫-칼라/MEZDSMM11BK00L.html,캐주얼
MEZDSMM08CO00M,비세토스 펫 칼라,195000,Cognac,WOMEN,ACCESSORY,OutOfStock,"비세토스 모노그램 캔버스, 양가죽 및 나파 가죽 소재의 칼라",원형 MCM 로고 참이 있는 시그니처 비세토스 모노그램 펫 칼라입니다. 뛰어난 수공예 기술을 통해 부드러운 양가죽으로 칼라를 감싸서 반려동물의 편안함을 더욱 높였습니다.,,약 0 x 50 x 3 센티미터,,대한민국,"버클 클로저 | MCM 로고 참 | 비세토스 모노그램 캔버스 | 양가죽 및 나파 가죽 트림 | 매트 블랙 메탈 금속 장식. | 조절 가능한 길이: 28cm~46cm | 핏 조절 가능 모델 목 둘레: 약 35cm, 착용 사이즈: 28cm~46cm",길이 조절 가능 / 28cm–46cm | 길이 조절 가능 / 38cm–56cm,https://images.mcmworldwide.com/i/mcmworldwide/MEZDSMM08CO00M_01?sw=600 | https://images.mcmworldwide.com/i/mcmworldwide/MEZDSMM08CO00M_09?sw=600 | https://images.mcmworldwide.com/i/mcmworldwide/MEZDSMM08CO00M_04?sw=600 | https://images.mcmworldwide.com/i/mcmworldwide/MEZDSMM08CO00M_10?sw=600,https://kr.mcmworldwide.com/ko_KR/mcm-회원-pre-sale/비세토스-펫-칼라/MEZDSMM08CO00M.html,캐주얼
MEZDSMM11CO00L,비세토스 펫 칼라,195000,Cognac,WOMEN,ACCESSORY,OutOfStock,"비세토스 모노그램 캔버스, 양가죽 및 나파 가죽 소재의 칼라",원형 MCM 로고 참이 있는 시그니처 비세토스 모노그램 펫 칼라입니다. 뛰어난 수공예 기술을 통해 부드러운 양가죽으로 칼라를 감싸서 반려동물의 편안함을 더욱 높였습니다.,,약 0 x 60 x 3 센티미터,,대한민국,버클 클로저 | MCM 로고 참 | 비세토스 모노그램 캔버스 | 양가죽 및 나파 가죽 트림 | 매트 블랙 메탈 하드웨어. | 조절 가능한 길이: 28cm~46cm,길이 조절 가능 / 28cm–46cm | 길이 조절 가능 / 38cm–56cm,https://images.mcmworldwide.com/i/mcmworldwide/MEZDSMM11CO00L_01?sw=600 | https://images.mcmworldwide.com/i/mcmworldwide/MEZDSMM11CO00L_09?sw=600 | https://images.mcmworldwide.com/i/mcmworldwide/MEZDSMM11CO00L_04?sw=600 | https://images.mcmworldwide.com/i/mcmworldwide/MEZDSMM11CO00L_10?sw=600 | https://images.mcmworldwide.com/i/mcmworldwide/MEZDSMM11CO00L_11?sw=600,https://kr.mcmworldwide.com/ko_KR/mcm-회원-pre-sale/비세토스-펫-칼라/MEZDSMM11CO00L.html,캐주얼
MEZDSMM13COXSS,비세토스 펫 리쉬,250000,Cognac,WOMEN,ACCESSORY,OutOfStock,"비세토스 모노그램 캔버스, 양가죽 및 나파 가죽 소재의 리쉬",시그니처 비세토스로 제작했으며 MCM 로고 우븐 웨빙 스트랩이 돋보이는 모노그램 펫 리쉬입니다. 뛰어난 수공예 기술을 통해 양가죽으로 리쉬를 감싸서 반려동물의 편안함을 더욱 높였습니다.,,약 0 x 130 x 3 센티미터,,대한민국,연결 고리 잠금 장치 | 로고 우븐 웨빙 스트랩 | MCM 로고 참 | 비세토스 모노그램 캔버스 | 양가죽 및 나파 가죽 트림 | 매트 블랙 메탈 하드웨어. | 손잡이 길이: 19cm,스트랩 길이 - 130cm | 스트랩 길이 - 190cm,https://images.mcmworldwide.com/i/mcmworldwide/MEZDSMM13COXSS_01?sw=600 | https://images.mcmworldwide.com/i/mcmworldwide/MEZDSMM13COXSS_09?sw=600 | https://images.mcmworldwide.com/i/mcmworldwide/MEZDSMM13COXSS_04?sw=600 | https://images.mcmworldwide.com/i/mcmworldwide/MEZDSMM13COXSS_10?sw=600 | https://images.mcmworldwide.com/i/mcmworldwide/MEZDSMM13COXSS_11?sw=600,https://kr.mcmworldwide.com/ko_KR/mcm-회원-pre-sale/비세토스-펫-리쉬/MEZDSMM13COXSS.html,캐주얼
MEZFSMM04BK0SM,모노그램 프린트 펫 리쉬,270000,Black,WOMEN,ACCESSORY,OutOfStock,비세토스 모노그램 프린트에 천연 나파 가죽 트리밍과 로고가 각인된 다이아몬드 메탈 참이 장식된 그레인 가죽 스트랩,"비세토스 모노그램의 시그니처 레터, 월계수, 다이아몬드 문양이 새겨진 이 그레인 가죽 리쉬는 뮌헨 하우스의 정교한 장인정신으로 제작되었으며, 부드러운 나파 가죽 뒷면이 반려동물에게 탁월한 편안함을 제공합니다.",바디: 엠보싱 가죽 | 트림: 천연 나파 가죽,,,대한민국,비세토스 모노그램 프린트 | 로고가 새겨진 다이아몬드 메탈 참 장식 디테일의 D링 | 실버 톤 코발트 메탈 하드웨어 | 핸들 길이: 18cm,S–M,https://images.mcmworldwide.com/i/mcmworldwide/MEZFSMM04BK0SM_01?sw=600 | https://images.mcmworldwide.com/i/mcmworldwide/MEZFSMM04BK0SM_09?sw=600 | https://images.mcmworldwide.com/i/mcmworldwide/MEZFSMM04BK0SM_04?sw=600 | https://images.mcmworldwide.com/i/mcmworldwide/MEZFSMM04BK0SM_10?sw=600 | https://images.mcmworldwide.com/i/mcmworldwide/MEZFSMM04BK0SM_11?sw=600 | https://images.mcmworldwide.com/i/mcmworldwide/MEZFSMM04BK0SM_12?sw=600,https://kr.mcmworldwide.com/ko_KR/mcm-회원-pre-sale/모노그램-프린트-펫-리쉬/MEZFSMM04BK0SM.html,캐주얼
MEZFSMM04CO0SM,모노그램 프린트 가죽 소재의 반려동물 목줄,310000,Cognac,WOMEN,ACCESSORY,InStock,"비세토스 모노그램 프린트, 천연 나파 가죽 트림, 로고가 새겨진 다이아몬드 메탈 참이 돋보이는 그레인 가죽 목줄","비세토스 모노그램의 시그니처 레터, 월계수, 다이아몬드가 이 그레인 가죽 목줄을 더욱 돋보이게 합니다. 고급스러운 나파 가죽 소재의 밑면은 뮌헨 하우스의 정교한 수공예를 통해 반려동물을 위해 편안함을 더욱 높였습니다.",바디: 엠보스드 가죽 | 트림: 천연 나파 가죽,,,대한민국,비세토스 모노그램 프린트 | 로고가 새겨진 다이아몬드 메탈 참이 달린 D링 디테일 | 24K 도금 메탈 금속 장식 | 손잡이 길이: 18cm,S–M,https://images.mcmworldwide.com/i/mcmworldwide/MEZFSMM04CO0SM_01?sw=600 | https://images.mcmworldwide.com/i/mcmworldwide/MEZFSMM04CO0SM_09?sw=600 | https://images.mcmworldwide.com/i/mcmworldwide/MEZFSMM04CO0SM_04?sw=600 | https://images.mcmworldwide.com/i/mcmworldwide/MEZFSMM04CO0SM_10?sw=600 | https://images.mcmworldwide.com/i/mcmworldwide/MEZFSMM04CO0SM_11?sw=600 | https://images.mcmworldwide.com/i/mcmworldwide/MEZFSMM04CO0SM_12?sw=600,https://kr.mcmworldwide.com/ko_KR/mcm-회원-pre-sale/모노그램-프린트-가죽-소재의-반려동물-목줄/MEZFSMM04CO0SM.html,캐주얼
MEZFSMM02BK00L,모노그램 프린트 가죽 펫 칼라,230000,Black,WOMEN,ACCESSORY,OutOfStock,비세토스 모노그램 프린트와 로고가 새겨진 다이아몬드 메탈 참이 돋보이는 그레인 가죽 칼라,"비세토스 모노그램의 클래식한 레터, 월계수, 다이아몬드 문양이 새겨진 이 그레인 가죽 칼라는 부드러운 나파 가죽으로 뒷면을 감싸, 뮌헨 하우스의 정교한 장인정신으로 완성되어 반려동물에게 탁월한 편안함을 제공합니다.",바디: 엠보싱 가죽 | 트림: 천연 나파 가죽,,,대한민국,비세토스 모노그램 프린트 | 로고가 새겨진 다이아몬드 메탈 참 | 실버 톤 코발트 메탈 하드웨어 | 길이 조절 가능. 31cm ~ 40cm,L,https://images.mcmworldwide.com/i/mcmworldwide/MEZFSMM02BK00L_01?sw=600 | https://images.mcmworldwide.com/i/mcmworldwide/MEZFSMM02BK00L_09?sw=600 | https://images.mcmworldwide.com/i/mcmworldwide/MEZFSMM02BK00L_04?sw=600 | https://images.mcmworldwide.com/i/mcmworldwide/MEZFSMM02BK00L_10?sw=600,https://kr.mcmworldwide.com/ko_KR/mcm-회원-pre-sale/모노그램-프린트-가죽-펫-칼라/MEZFSMM02BK00L.html,캐주얼
MXEGSTA14CO001,MCM X CASETiFY 브라스 플레이트 BioVeg iPhone 16 Pro Max 케이스,269000,Cognac,WOMEN,ACCESSORY,InStock,MCM과 CASETiFY가 만나 모바일 세계의 새로운 가능성을 엽니다.,"뮌헨 하우스의 시그니처 모노그램으로 감싸인, 휴대폰 보호의 혁신을 보여주는 제품입니다. PETA 승인을 받은 생분해성 비건 가죽으로 제작된 이 아이폰 16 Pro Max 케이스는 충격 흡수력을 높여주는 CASETiFY의 확장된 코너 디자인이 특징입니다. MagSafe 호환이 가능한 이 액세서리는 돌출된 베젤(테두리)과 카메라 링이 장착되어 있어 낙하와 표면 마찰로부터 기기를 더욱 안전하게 보호해 줍니다.",,약 8 x 17 x 2 센티미터,,중국,iPhone 16 Pro Max 에 맞는 사이즈 | 낙하보호: 2m | 비세토스 모노그램 전면 프린트 | 낙하로부터 보호를 강화한 돌출형 베젤 및 카메라 링 | MagSafe 지원 | 충격 흡수 기능을 더하기 위한 확장된 모서리 디자인 | 군사 표준 규격(MIL-STD-810G)이 요구하는 수준보다 3배 더 강화된 내구성 | PETA 인증 바이오 기반 비건 가죽 | 골드 톤 로고 브라스 플레이트 하드웨어 | 리사이클 마이크로 화이버 라이닝,프리 사이즈,https://images.mcmworldwide.com/i/mcmworldwide/MXEGSTA14CO001_01?sw=600 | https://images.mcmworldwide.com/i/mcmworldwide/MXEGSTA14CO001_02?sw=600 | https://images.mcmworldwide.com/i/mcmworldwide/MXEGSTA14CO001_03?sw=600 | https://images.mcmworldwide.com/i/mcmworldwide/MXEGSTA14CO001_04?sw=600,https://kr.mcmworldwide.com/ko_KR/라이프스타일/테크-액세서리/mcm-x-casetify-브라스-플레이트-bioveg-iphone-16-pro-max-케이스/MXEGSTA14CO001.html,스트릿
MXEGSTA13CO001,MCM X CASETiFY 브라스 플레이트 BioVeg iPhone 16 Pro 케이스,269000,Cognac,WOMEN,ACCESSORY,InStock,MCM과 CASETiFY가 만나 모바일 세계의 새로운 가능성을 엽니다.,"뮌헨 하우스의 시그니처 모노그램으로 감싸인, 휴대폰 보호의 혁신을 보여주는 제품입니다. PETA 승인을 받은 생분해성 비건 가죽으로 제작된 이 아이폰 16 Pro 케이스는 충격 흡수력을 높여주는 CASETiFY의 확장된 코너 디자인이 특징입니다. MagSafe 호환이 가능한 이 액세서리는 돌출된 베젤(테두리)과 카메라 링이 장착되어 있어 낙하와 표면 마찰로부터 기기를 더욱 안전하게 보호해 줍니다.",,약 8 x 16 x 2 센티미터,,중국,iPhone 16 Pro 에 맞는 사이즈 | 낙하보호: 2m | 비세토스 모노그램 전면 프린트 | 낙하로부터 보호를 강화한 돌출형 베젤 및 카메라 링 | MagSafe 지원 | 충격 흡수 기능을 더하기 위한 확장된 모서리 디자인 | 군사 표준 규격(MIL-STD-810G)이 요구하는 수준보다 3배 더 강화된 내구성 | PETA 인증 바이오 기반 비건 가죽 | 골드 톤 로고 브라스 플레이트 하드웨어 | 리사이클 마이크로 화이버 라이닝,프리 사이즈,https://images.mcmworldwide.com/i/mcmworldwide/MXEGSTA13CO001_01?sw=600 | https://images.mcmworldwide.com/i/mcmworldwide/MXEGSTA13CO001_02?sw=600 | https://images.mcmworldwide.com/i/mcmworldwide/MXEGSTA13CO001_03?sw=600 | https://images.mcmworldwide.com/i/mcmworldwide/MXEGSTA13CO001_04?sw=600,https://kr.mcmworldwide.com/ko_KR/라이프스타일/테크-액세서리/mcm-x-casetify-브라스-플레이트-bioveg-iphone-16-pro-케이스/MXEGSTA13CO001.html,스트릿
MEZDSMM13WTXSS,비세토스 펫 리쉬,250000,White,WOMEN,ACCESSORY,InStock,"비세토스 모노그램 캔버스, 양가죽 및 나파 가죽 소재의 리쉬",시그니처 비세토스로 제작했으며 MCM 로고 우븐 웨빙 스트랩이 돋보이는 모노그램 펫 리쉬입니다. 뛰어난 수공예 기술을 통해 양가죽으로 리쉬를 감싸서 반려동물의 편안함을 더욱 높였습니다.,,약 0 x 130 x 3 센티미터,,대한민국,연결 고리 잠금 장치 | 로고 우븐 웨빙 스트랩 | MCM 로고 참 | Spring clasp fastening | 비세토스 모노그램 캔버스 | 양가죽 및 나파 가죽 트림 | 매트 블랙 금속 장식 | 손잡이 길이: 19cm,스트랩 길이 - 130cm | 스트랩 길이 - 190cm,https://images.mcmworldwide.com/i/mcmworldwide/MEZDSMM13WTXSS_01?sw=600 | https://images.mcmworldwide.com/i/mcmworldwide/MEZDSMM13WTXSS_09?sw=600 | https://images.mcmworldwide.com/i/mcmworldwide/MEZDSMM13WTXSS_04?sw=600 | https://images.mcmworldwide.com/i/mcmworldwide/MEZDSMM13WTXSS_10?sw=600 | https://images.mcmworldwide.com/i/mcmworldwide/MEZDSMM13WTXSS_11?sw=600,https://kr.mcmworldwide.com/ko_KR/mcm-회원-pre-sale/비세토스-펫-리쉬/MEZDSMM13WTXSS.html,캐주얼
MMKEAVE16PZ001,Stark 사이드 스터드 비세토스 백팩,1490000,Pink,MEN,BAG,InStock,피라미드 모양 스터드 장식과 천연 나파 가죽 트림이 특징인 비세토스 모노그램 캔버스 백팩,차분한 세련미를 선사하는 소프트 핑크 컬러. 비세토스 캔버스와 천연 나파 가죽으로 제작된 스타크 백팩의 미니 버전으로 피라미드 모양 스터드가 반짝이는 피니시가 실루엣을 장식합니다.,바디: 비세토스 모노그램 캔버스 | 트림: 천연 나파 가죽,약 11 x 22 x 27 센티미터,"스트랩 길이: 72.5cm ~ 90cm, 핸들 드롭: 7cm",대한민국,조절 가능한 어깨 스트랩 | 가죽 손잡이 부분 | MCM 로고 플레이트. | 전면 지퍼 수납공간 | 외부 사이드 포켓과 스터드 장식 | 양방향 지퍼 클로저 | 내부 포켓 및 슬리브 | 18K 금 도금 메탈 하드웨어 | 인조 나파 안감,X-Mini Bebe Boo | 미니 | S | S–M | M,https://images.mcmworldwide.com/i/mcmworldwide/MMKEAVE16PZ001_01?sw=600 | https://images.mcmworldwide.com/i/mcmworldwide/MMKEAVE16PZ001_09?sw=600 | https://images.mcmworldwide.com/i/mcmworldwide/MMKEAVE16PZ001_02?sw=600 | https://images.mcmworldwide.com/i/mcmworldwide/MMKEAVE16PZ001_03?sw=600 | https://images.mcmworldwide.com/i/mcmworldwide/MMKEAVE16PZ001_04?sw=600 | https://images.mcmworldwide.com/i/mcmworldwide/MMKEAVE16PZ001_10?sw=600,https://kr.mcmworldwide.com/ko_KR/mcm-travel-edit/스타크-사이드-스터드-비세토스-백팩/MMKEAVE16PZ001.html,스트릿
MFTDAMM09WT00M,MCM Worldwide 프린트 크롭 티셔츠,310000,White,WOMEN,CLOTHING,OutOfStock,Organic cotton jersey cropped T-shirt with “MCM Worldwide” graphic print,"The “MCM Worldwide” motif on this cropped T-shirt expresses the borderless ethos of the Haus, supported by the Munich Lion symbolic of our Bavarian roots. Certified by Control Union, the organic cotton yarn is farmed without the use of chemicals in an effort to protect the global ecosystem",100% Organic Cotton certified by Control Union,,,대한민국,"Rib knit collar | MCM Worldwide graphic print | Cropped, comfortable fit",XS | S | M,https://images.mcmworldwide.com/i/mcmworldwide/MFTDAMM09WT00M_01?sw=600 | https://images.mcmworldwide.com/i/mcmworldwide/MFTDAMM09WT00M_04?sw=600,https://kr.mcmworldwide.com/ko_KR/mcm-worldwide-프린트-크롭-티셔츠-/MFTDAMM09WT00M.html,캐주얼
MXEGSTA02BK001,MCM X CASETiFY 로고 미러 iPhone 17 Pro Max 케이스,239000,Black,WOMEN,ACCESSORY,InStock,뮌헨 하우스의 상징인 라우렐이 돋보이는 혁신적인 핸드폰 케이스,미러 마감된 라우렐 로고로 장식된 이 컬래버레이션 아이폰 17 Pro MAX 케이스는 CASETiFY의 Duo-Lock 디자인을 특징으로 하며 내구성이 강화되었습니다. MagSafe 호환이 가능한 이 액세서리는 베젤(테두리)과 카메라 링이 높게 설계되어 낙하 및 표면과의 접촉으로부터 기기를 더욱 안전하게 보호해 줍니다.,,약 8 x 17 x 2 센티미터,,중국,iPhone 17 Pro Max 에 맞는 사이즈 | 낙하보호: 1.5m | 미러 마감의 라우렐 로고 모티프 | CASETiFY의 Duo-Lock 설계로 내구성을 높임 | 보호 기능을 강화한 돌출형 베젤 및 카메라 링 | MagSafe 지원 | 내장형 카메라 제어 버튼 | 군사 등급 표준 보호 (MIL-STD-810G) | 미러 마감 처리,프리 사이즈,https://images.mcmworldwide.com/i/mcmworldwide/MXEGSTA02BK001_01?sw=600 | https://images.mcmworldwide.com/i/mcmworldwide/MXEGSTA02BK001_02?sw=600 | https://images.mcmworldwide.com/i/mcmworldwide/MXEGSTA02BK001_03?sw=600 | https://images.mcmworldwide.com/i/mcmworldwide/MXEGSTA02BK001_04?sw=600,https://kr.mcmworldwide.com/ko_KR/라이프스타일/테크-액세서리/mcm-x-casetify-로고-미러-iphone-17-pro-max-케이스/MXEGSTA02BK001.html,스트릿
MXEGSTA06BK001,MCM X CASETiFY 모노그램 iPhone 17 Pro Max 케이스,239000,Black,WOMEN,ACCESSORY,InStock,시그니처 비세토스 모노그램이 돋보이는 혁신적인 핸드폰 케이스,이 iPhone 17 Pro Max 케이스는 CASETiFY의 EcoShock™ 소재와 Duo-Lock 디자인이 결합되어 프레임을 강화하고 충격을 효율적으로 분산시켜 한층 강화된 충격 흡수력을 제공합니다. MagSafe 기능을 지원하며 베젤과 카메라 링이 돌출되어 낙하 및 표면 접촉으로부터 스마트폰을 더욱 안전하게 보호합니다.,,약 8 x 17 x 2 센티미터,,중국,iPhone 17 Pro Max 에 맞는 사이즈 | 낙하보호: 2.5m | 비세토스 모노그램 모티프 | CASETiFY의 Duo-Lock 설계로 내구성을 높임 | 보호 기능을 강화한 돌출형 베젤 및 카메라 링 | MagSafe 지원 | 내장형 카메라 제어 버튼 | 군사 표준 규격(MIL-STD-810G)이 요구하는 수준보다 4배 더 강화된 내구성 | 고급 충격 흡수 기능의 EcoShock™ 소재,프리 사이즈,https://images.mcmworldwide.com/i/mcmworldwide/MXEGSTA06BK001_01?sw=600 | https://images.mcmworldwide.com/i/mcmworldwide/MXEGSTA06BK001_02?sw=600 | https://images.mcmworldwide.com/i/mcmworldwide/MXEGSTA06BK001_03?sw=600 | https://images.mcmworldwide.com/i/mcmworldwide/MXEGSTA06BK001_04?sw=600,https://kr.mcmworldwide.com/ko_KR/라이프스타일/테크-액세서리/mcm-x-casetify-모노그램-iphone-17-pro-max-케이스/MXEGSTA06BK001.html,스트릿
MXEGSTA08PK001,MCM X CASETiFY 모노그램 iPhone 17 Pro Max 케이스,239000,Pink,WOMEN,ACCESSORY,InStock,모바일 액세서리의 미래가 핑크빛으로 밝게 빛납니다.,시그니처 Visetos 모노그램으로 장식된 투명 핑크 컬러의 iPhone 17 Pro Max 케이스입니다. CASETiFY의 EcoShock™ 소재와 Duo-Lock 디자인이 결합되어 프레임을 강화하고 충격을 효율적으로 분산시켜 뛰어난 충격 흡수력을 제공합니다. MagSafe 기능을 지원하며 베젤과 카메라 링이 돌출되어 낙하 및 표면 접촉으로부터 스마트폰을 더욱 안전하게 보호합니다.,,약 8 x 17 x 2 센티미터,,중국,iPhone 17 Pro Max 에 맞는 사이즈 | 낙하보호: 2.5m | 비세토스 모노그램 모티프 | CASETiFY의 Duo-Lock 설계로 내구성을 높임 | 보호 기능을 강화한 돌출형 베젤 및 카메라 링 | MagSafe 지원 | 내장형 카메라 제어 버튼 | 군사 표준 규격(MIL-STD-810G)이 요구하는 수준보다 4배 더 강화된 내구성 | 고급 충격 흡수 기능의 EcoShock™ 소재,프리 사이즈,https://images.mcmworldwide.com/i/mcmworldwide/MXEGSTA08PK001_01?sw=600 | https://images.mcmworldwide.com/i/mcmworldwide/MXEGSTA08PK001_02?sw=600 | https://images.mcmworldwide.com/i/mcmworldwide/MXEGSTA08PK001_03?sw=600 | https://images.mcmworldwide.com/i/mcmworldwide/MXEGSTA08PK001_04?sw=600,https://kr.mcmworldwide.com/ko_KR/라이프스타일/테크-액세서리/mcm-x-casetify-모노그램-iphone-17-pro-max-케이스/MXEGSTA08PK001.html,스트릿
MXEGSTA12PK001,MCM X CASETiFY 로켓 iPhone 17 Pro Max 케이스,239000,Pink,WOMEN,ACCESSORY,InStock,MCM과 케이스티파이가 경계를 허무는 자유의 정신을 담아낸 모바일 액세서리를 선보입니다.,모험 정신을 담은 MCM의 로켓 모티프가 투명 핑크 컬러의 한정판 iPhone 17 Pro Max 케이스 위에서 생동감 있게 표현되었습니다. MagSafe 지원 액세서리인 이 케이스는 CASETiFY의 EcoShock™ 소재와 독자적인 Duo-Lock 디자인을 갖추어 프레임을 강화하고 충격을 효율적으로 분산시켜 뛰어난 충격 흡수력을 제공합니다.,,약 8 x 17 x 2 센티미터,,중국,iPhone 17 Pro Max 에 맞는 사이즈 | 낙하보호: 2.5m | MCM 로고 모티프가 더해진 로켓 그래픽 | CASETiFY의 Duo-Lock 설계로 내구성을 높임 | 보호 기능을 강화한 돌출형 베젤 및 카메라 링 | MagSafe 지원 | 내장형 카메라 제어 버튼 | 군사 표준 규격(MIL-STD-810G)이 요구하는 수준보다 4배 더 강화된 내구성 | 고급 충격 흡수 기능의 EcoShock™ 소재,프리 사이즈,https://images.mcmworldwide.com/i/mcmworldwide/MXEGSTA12PK001_01?sw=600 | https://images.mcmworldwide.com/i/mcmworldwide/MXEGSTA12PK001_02?sw=600 | https://images.mcmworldwide.com/i/mcmworldwide/MXEGSTA12PK001_03?sw=600 | https://images.mcmworldwide.com/i/mcmworldwide/MXEGSTA12PK001_04?sw=600,https://kr.mcmworldwide.com/ko_KR/라이프스타일/테크-액세서리/mcm-x-casetify-로켓-iphone-17-pro-max-케이스/MXEGSTA12PK001.html,스트릿
MXEGSTA07PK001,MCM X CASETiFY 모노그램 iPhone 17 Pro 케이스,239000,Pink,WOMEN,ACCESSORY,InStock,모바일 액세서리의 미래가 핑크빛으로 밝게 빛납니다.,시그니처 Visetos 모노그램으로 장식된 투명 핑크 컬러의 iPhone 17 Pro 케이스입니다. CASETiFY의 EcoShock™ 소재와 Duo-Lock 디자인이 결합되어 프레임을 강화하고 충격을 효율적으로 분산시켜 뛰어난 충격 흡수력을 제공합니다. MagSafe 기능을 지원하며 베젤과 카메라 링이 돌출되어 낙하 및 표면 접촉으로부터 스마트폰을 더욱 안전하게 보호합니다.,,약 8 x 16 x 2 센티미터,,중국,iPhone 17 Pro 에 맞는 사이즈 | 낙하보호: 2.5m | 비세토스 모노그램 모티프 | CASETiFY의 Duo-Lock 설계로 내구성을 높임 | 보호 기능을 강화한 돌출형 베젤 및 카메라 링 | MagSafe 지원 | 내장형 카메라 제어 버튼 | 군사 표준 규격(MIL-STD-810G)이 요구하는 수준보다 4배 더 강화된 내구성 | 고급 충격 흡수 기능의 EcoShock™ 소재,프리 사이즈,https://images.mcmworldwide.com/i/mcmworldwide/MXEGSTA07PK001_01?sw=600 | https://images.mcmworldwide.com/i/mcmworldwide/MXEGSTA07PK001_02?sw=600 | https://images.mcmworldwide.com/i/mcmworldwide/MXEGSTA07PK001_03?sw=600 | https://images.mcmworldwide.com/i/mcmworldwide/MXEGSTA07PK001_04?sw=600,https://kr.mcmworldwide.com/ko_KR/라이프스타일/테크-액세서리/mcm-x-casetify-모노그램-iphone-17-pro-케이스/MXEGSTA07PK001.html,스트릿
MXEGSTA05BK001,MCM X CASETiFY 모노그램 iPhone 17 Pro 케이스,239000,Black,WOMEN,ACCESSORY,InStock,시그니처 비세토스 모노그램이 돋보이는 혁신적인 핸드폰 케이스,이 iPhone 17 Pro 케이스는 CASETiFY의 EcoShock™ 소재와 Duo-Lock 디자인이 결합되어 프레임을 강화하고 충격을 효율적으로 분산시켜 한층 강화된 충격 흡수력을 제공합니다. MagSafe 기능을 지원하며 베젤과 카메라 링이 돌출되어 낙하 및 표면 접촉으로부터 스마트폰을 더욱 안전하게 보호합니다.,,약 8 x 16 x 2 센티미터,,중국,iPhone 17 Pro 에 맞는 사이즈 | 낙하보호: 2.5m | 비세토스 모노그램 모티프 | CASETiFY의 Duo-Lock 설계로 내구성을 높임 | 보호 기능을 강화한 돌출형 베젤 및 카메라 링 | MagSafe 지원 | 내장형 카메라 제어 버튼 | 군사 표준 규격(MIL-STD-810G)이 요구하는 수준보다 4배 더 강화된 내구성 | 고급 충격 흡수 기능의 EcoShock™ 소재,프리 사이즈,https://images.mcmworldwide.com/i/mcmworldwide/MXEGSTA05BK001_01?sw=600 | https://images.mcmworldwide.com/i/mcmworldwide/MXEGSTA05BK001_02?sw=600 | https://images.mcmworldwide.com/i/mcmworldwide/MXEGSTA05BK001_03?sw=600 | https://images.mcmworldwide.com/i/mcmworldwide/MXEGSTA05BK001_04?sw=600,https://kr.mcmworldwide.com/ko_KR/라이프스타일/테크-액세서리/mcm-x-casetify-모노그램-iphone-17-pro-케이스/MXEGSTA05BK001.html,캐주얼
MXEGSTA16CO001,MCM X CASETiFY 모노그램 iPhone 17 Pro Max 케이스,239000,Cognac,WOMEN,ACCESSORY,InStock,시그니처 비세토스 모노그램이 돋보이는 혁신적인 핸드폰 케이스,"한정판 iPhone 17 Pro Max 케이스로, CASETiFY의 EcoShock™ 소재와 Duo-Lock 디자인이 결합되어 프레임을 강화하고 충격을 효율적으로 분산시켜 한층 강화된 충격 흡수력을 제공합니다. 또한 MagSafe 기능을 지원하며 베젤과 카메라 링이 돌출되어 낙하 및 표면 접촉으로부터 스마트폰을 더욱 안전하게 보호합니다.",,약 8 x 17 x 2 센티미터,,중국,iPhone 17 Pro Max 에 맞는 사이즈 | 낙하보호: 2.5m | 비세토스 모노그램 모티프 | CASETiFY의 Duo-Lock 설계로 내구성을 높임 | 보호 기능을 강화한 돌출형 베젤 및 카메라 링 | MagSafe 지원 | 내장형 카메라 제어 버튼 | 군사 표준 규격(MIL-STD-810G)이 요구하는 수준보다 4배 더 강화된 내구성 | 고급 충격 흡수 기능의 EcoShock™ 소재,프리 사이즈,https://images.mcmworldwide.com/i/mcmworldwide/MXEGSTA16CO001_01?sw=600 | https://images.mcmworldwide.com/i/mcmworldwide/MXEGSTA16CO001_02?sw=600 | https://images.mcmworldwide.com/i/mcmworldwide/MXEGSTA16CO001_03?sw=600 | https://images.mcmworldwide.com/i/mcmworldwide/MXEGSTA16CO001_04?sw=600,https://kr.mcmworldwide.com/ko_KR/라이프스타일/테크-액세서리/mcm-x-casetify-모노그램-iphone-17-pro-max-케이스/MXEGSTA16CO001.html,캐주얼
MXEGSTA11PK001,MCM X CASETiFY 로켓 iPhone 17 Pro 케이스,239000,Pink,WOMEN,ACCESSORY,InStock,MCM과 케이스티파이가 경계를 허무는 자유의 정신을 담아낸 모바일 액세서리를 선보입니다.,모험 정신을 담은 MCM의 로켓 모티프가 투명 핑크 컬러의 한정판 iPhone 17 Pro 케이스 위에서 생동감 있게 표현되었습니다. MagSafe 지원 액세서리인 이 케이스는 CASETiFY의 EcoShock™ 소재와 독자적인 Duo-Lock 디자인을 갖추어 프레임을 강화하고 충격을 효율적으로 분산시켜 뛰어난 충격 흡수력을 제공합니다.,,약 8 x 16 x 2 센티미터,,중국,iPhone 17 Pro 에 맞는 사이즈 | 낙하보호: 2.5m | MCM 로고 모티프가 더해진 로켓 그래픽 | CASETiFY의 Duo-Lock 설계로 내구성을 높임 | 보호 기능을 강화한 돌출형 베젤 및 카메라 링 | MagSafe 지원 | 내장형 카메라 제어 버튼 | 군사 표준 규격(MIL-STD-810G)이 요구하는 수준보다 4배 더 강화된 내구성 | 고급 충격 흡수 기능의 EcoShock™ 소재,프리 사이즈,https://images.mcmworldwide.com/i/mcmworldwide/MXEGSTA11PK001_01?sw=600 | https://images.mcmworldwide.com/i/mcmworldwide/MXEGSTA11PK001_02?sw=600 | https://images.mcmworldwide.com/i/mcmworldwide/MXEGSTA11PK001_03?sw=600 | https://images.mcmworldwide.com/i/mcmworldwide/MXEGSTA11PK001_04?sw=600,https://kr.mcmworldwide.com/ko_KR/라이프스타일/테크-액세서리/mcm-x-casetify-로켓-iphone-17-pro-케이스/MXEGSTA11PK001.html,스트릿
MXEGSTA03CO001,MCM X CASETiFY 로고 iPhone 17 Pro 케이스,239000,Cognac,WOMEN,ACCESSORY,InStock,뮌헨 하우스의 상징인 라우렐이 돋보이는 혁신적인 핸드폰 케이스,클래식 코냑 컬러로 선보이는 17 Pro 케이스. CASETiFY와의 특별한 협업으로 탄생한 이 케이스는 EcoShock™ 소재와 Duo-Lock 디자인을 결합하여 뛰어난 충격 흡수력과 내구성을 제공합니다. MagSafe 기능을 지원하며 베젤과 카메라 링이 돌출되어 낙하 및 표면 접촉으로부터 스마트폰을 더욱 안전하게 보호합니다.,,약 8 x 16 x 2 센티미터,,중국,iPhone 17 Pro 에 맞는 사이즈 | 낙하보호: 2.5m | 라우렐 로고 모티프 | CASETiFY의 Duo-Lock 설계로 내구성을 높임 | 보호 기능을 강화한 돌출형 베젤 및 카메라 링 | MagSafe 지원 | 내장형 카메라 제어 버튼 | 군사 표준 규격(MIL-STD-810G)이 요구하는 수준보다 4배 더 강화된 내구성 | 고급 충격 흡수 기능의 EcoShock™ 소재,프리 사이즈,https://images.mcmworldwide.com/i/mcmworldwide/MXEGSTA03CO001_01?sw=600 | https://images.mcmworldwide.com/i/mcmworldwide/MXEGSTA03CO001_02?sw=600 | https://images.mcmworldwide.com/i/mcmworldwide/MXEGSTA03CO001_03?sw=600 | https://images.mcmworldwide.com/i/mcmworldwide/MXEGSTA03CO001_04?sw=600,https://kr.mcmworldwide.com/ko_KR/라이프스타일/테크-액세서리/mcm-x-casetify-로고-iphone-17-pro-케이스/MXEGSTA03CO001.html,캐주얼
MMVEATT07BK001,MCM X HARPER COLLECTIVE 캐빈 익스펜더블,1590000,Black,WOMEN,BAG,OutOfStock,HARPER Collective의 친환경적인 비전이 MCM의 럭셔리한 여행 헤리티지를 통해 더욱 강화됩니다.,친환경적인 방식으로 제작된 수공예 캐빈 익스펜더블 캐리온 수트 케이스는 가볍고 내구성이 뛰어난 지속 가능한 해양 플라스틱 폴리머 구조가 특징입니다. 시그니처 비세토스 캔버스 디테일과 업사이클된 로고 우븐 내부 스트랩 및 탈부착 가능한 모노그램 프린트 재생 나일론 안감이 특징인 모듈식 디자인입니다.,바디: 지속 가능한 해양 플라스틱 폴리머 | 트림: 비세토스 모노그램 캔버스,약 27 x 36 x 57 센티미터,탑 핸들 드롭(최대): 100cm.,이탈리아,알루미늄 사이드 핸들 및 텔레스코픽 상단 핸들 | 확장형 디자인과 강화된 모서리 | 360 스피너 휠 | TSA 잠금장치 | 신분증 슬롯 | 탈부착 가능한 비세토스 수하물 택 | 투웨이 지퍼 어라운드 클로저. | 내부 행잉 지퍼 수납공간 | 업사이클된 내부 로고 우븐 스트랩 잠금 | 알루미늄 메탈 금속 장식 | 모노그램 프린트 재생 나일론 안감은 탈부착 및 드라이클리닝 가능합니다.,56cm / 22인치 | 56.6cm / 22인치 확장 가능 | 79.1cm / 31.1인치,https://images.mcmworldwide.com/i/mcmworldwide/MMVEATT07BK001_01?sw=600 | https://images.mcmworldwide.com/i/mcmworldwide/MMVEATT07BK001_09?sw=600 | https://images.mcmworldwide.com/i/mcmworldwide/MMVEATT07BK001_02?sw=600 | https://images.mcmworldwide.com/i/mcmworldwide/MMVEATT07BK001_03?sw=600 | https://images.mcmworldwide.com/i/mcmworldwide/MMVEATT07BK001_04?sw=600 | https://images.mcmworldwide.com/i/mcmworldwide/MMVEATT07BK001_10?sw=600 | https://images.mcmworldwide.com/i/mcmworldwide/MMVEATT07BK001_11?sw=600,https://kr.mcmworldwide.com/ko_KR/트래블/트롤리-더플백/mcm-x-harper-collective-캐빈-익스펜더블/MMVEATT07BK001.html,클래식
MXEGSTA15CO001,MCM X CASETiFY 모노그램 iPhone 17 Pro 케이스,239000,Cognac,WOMEN,ACCESSORY,InStock,시그니처 비세토스 모노그램이 돋보이는 혁신적인 핸드폰 케이스,"한정판 iPhone 17 Pro 케이스로, CASETiFY의 EcoShock™ 소재와 Duo-Lock 디자인이 결합되어 프레임을 강화하고 충격을 효율적으로 분산시켜 한층 강화된 충격 흡수력을 제공합니다. 또한 MagSafe 기능을 지원하며 베젤과 카메라 링이 돌출되어 낙하 및 표면 접촉으로부터 스마트폰을 더욱 안전하게 보호합니다.",,약 8 x 17 x 2 센티미터,,중국,iPhone 17 Pro 에 맞는 사이즈 | 낙하보호: 2.5m | 비세토스 모노그램 모티프 | CASETiFY의 Duo-Lock 설계로 내구성을 높임 | 보호 기능을 강화한 돌출형 베젤 및 카메라 링 | MagSafe 지원 | 내장형 카메라 제어 버튼 | 군사 표준 규격(MIL-STD-810G)이 요구하는 수준보다 4배 더 강화된 내구성 | 고급 충격 흡수 기능의 EcoShock™ 소재,프리 사이즈,https://images.mcmworldwide.com/i/mcmworldwide/MXEGSTA15CO001_01?sw=600 | https://images.mcmworldwide.com/i/mcmworldwide/MXEGSTA15CO001_02?sw=600 | https://images.mcmworldwide.com/i/mcmworldwide/MXEGSTA15CO001_03?sw=600 | https://images.mcmworldwide.com/i/mcmworldwide/MXEGSTA15CO001_04?sw=600,https://kr.mcmworldwide.com/ko_KR/라이프스타일/테크-액세서리/mcm-x-casetify-모노그램-iphone-17-pro-케이스/MXEGSTA15CO001.html,캐주얼
MMVEATT06BK001,MCM X HARPER COLLECTIVE 라지 체크인,1790000,Black,WOMEN,BAG,InStock,지구를 생각하는 혁신적인 여행의 럭셔리,이탈리아에서 친환경적인 방식으로 제작된 수공예 라지 체크인 수트 케이스는 지속 가능한 해양 플라스틱 폴리머 구조로 제작되었으며 충분한 내부 공간이 돋보입니다. 시그니처 비세토스 캔버스 디테일과 업사이클된 내부 로고 우븐 스트랩 및 탈부착 가능한 모노그램 프린트 재생 나일론 안감으로 완성되었습니다.,바디: 지속 가능한 해양 플라스틱 폴리머 | 트림: 비세토스 모노그램 캔버스,약 28 x 52 x 79 센티미터,탑 핸들 드롭(최대): 100cm.,이탈리아,알루미늄 사이드 핸들 및 텔레스코픽 상단 핸들 | 강화된 모서리 | 360 스피너 휠 | TSA 잠금장치 | 신분증 슬롯 | 탈부착 가능한 비세토스 수하물 택 | 투웨이 지퍼 어라운드 클로저. | 내부 행잉 지퍼 수납공간 | 업사이클된 내부 로고 우븐 스트랩 잠금 | 알루미늄 메탈 금속 장식 | 모노그램 프린트 재생 나일론 안감은 탈부착 및 드라이클리닝 가능합니다.,56cm / 22인치 | 56.6cm / 22인치 확장 가능 | 79.1cm / 31.1인치,https://images.mcmworldwide.com/i/mcmworldwide/MMVEATT06BK001_01?sw=600 | https://images.mcmworldwide.com/i/mcmworldwide/MMVEATT06BK001_09?sw=600 | https://images.mcmworldwide.com/i/mcmworldwide/MMVEATT06BK001_02?sw=600 | https://images.mcmworldwide.com/i/mcmworldwide/MMVEATT06BK001_03?sw=600 | https://images.mcmworldwide.com/i/mcmworldwide/MMVEATT06BK001_04?sw=600 | https://images.mcmworldwide.com/i/mcmworldwide/MMVEATT06BK001_10?sw=600 | https://images.mcmworldwide.com/i/mcmworldwide/MMVEATT06BK001_11?sw=600,https://kr.mcmworldwide.com/ko_KR/트래블/트롤리-더플백/mcm-x-harper-collective-라지-체크인/MMVEATT06BK001.html,클래식
MELBSVD07BK001,비세토스 닥스훈트 돌,630000,Black,WOMEN,ACCESSORY,OutOfStock,품위있는 혈통을 가진 독일 강아지입니다.,이 호기심 많은 닥스훈트는 아주 작은 사이즈로 집에서도 야외에서도 이상적인 동반자입니다. 비세토스 모노그램 코티드 캔버스로 제작한 이 작은 강아지는 MCM의 기품있는 독일 헤리티지를 구현합니다.,,약 2 x 9 x 11 센티미터,,대한민국,인조 나파 가죽 트림 | 24k gold-plated hardware,미디엄 M 퍼피 | 스몰 M 퍼피 | S | M,https://images.mcmworldwide.com/i/mcmworldwide/MELBSVD07BK001_01?sw=600 | https://images.mcmworldwide.com/i/mcmworldwide/MELBSVD07BK001_20?sw=600 | https://images.mcmworldwide.com/i/mcmworldwide/MELBSVD07BK001_02?sw=600 | https://images.mcmworldwide.com/i/mcmworldwide/MELBSVD07BK001_04?sw=600,https://kr.mcmworldwide.com/ko_KR/라이프스타일/홈-데코/비세토스-닥스훈트-돌/MELBSVD07BK001.html,럭셔리
MMVFATT05D5001,MCM X RAWROW Ottomar 트롤리,1490000,Gold,WOMEN,BAG,OutOfStock,MCM과 로우로우(RAWROW)와 협업하여 선보이는 현대적인 감각의 트롤리,"뛰어난 내구성의 알루미늄으로 제작된 체크인용 트롤리. 클래식한 코냑 컬러를 연상시키는 Mars Gold 톤과 시그니처 비세토스 모노그램이 돋보입니다. TSA 잠금장치, HINOMOTO 저소음 바퀴, 가방이나 옷을 걸 수 있도록 설계된 로우로우만의 시그니처 손잡이 TT Handle™, 여권과 탑승권을 보관할 수 있는 히든 포켓, 들어 올리기만 해도 무게를 확인할 수 있는 스케일 핸들 기능까지 더해 실용성을 높였습니다.",트림: 비세토스 모노그램 캔버스,약 44 x 48 x 23 센티미터,,중국,"3단 높이 조절이 가능한 TT HANDLE™, 여권과 탑승권을 보관할 수 있는 히든 포켓 | 비세토스 패턴으로 감싼 상단 핸들 | MCM X RAWROW 메탈 로고 장식 | TSA 잠금장치 | 지퍼 포켓과 조절 가능한 스트랩 고정 장치로 수납이 용이한 내부 | HINOMOTO 저소음 바퀴 | Mars gold 컬러의 내구성이 뛰어난 알루미늄 | 메탈 하드웨어 | 비세토스 모노그램 프린트 나일론 라이닝 | 트롤리 핸들 길이:51cm",S | L,https://images.mcmworldwide.com/i/mcmworldwide/MMVFATT05D5001_01?sw=600 | https://images.mcmworldwide.com/i/mcmworldwide/MMVFATT05D5001_09?sw=600 | https://images.mcmworldwide.com/i/mcmworldwide/MMVFATT05D5001_02?sw=600 | https://images.mcmworldwide.com/i/mcmworldwide/MMVFATT05D5001_03?sw=600 | https://images.mcmworldwide.com/i/mcmworldwide/MMVFATT05D5001_04?sw=600 | https://images.mcmworldwide.com/i/mcmworldwide/MMVFATT05D5001_10?sw=600,https://kr.mcmworldwide.com/ko_KR/트래블/트롤리-더플백/mcm-x-rawrow-ottomar 트롤리/MMVFATT05D5001.html,미니멀
MELFSMM01PZ001,닥스훈트 비세토스 인형,630000,Pink,WOMEN,ACCESSORY,InStock,골드 스터드 컬러가 돋보이는 비세토스 모노그램 캔버스 닥스훈트 인형,뮌헨 하우스의 독일 혈통을 엿볼 수 있는 이 닥스훈트 인형은 언제 어디서나 믿음직한 동반자가 됩니다. 소프트 핑크 비세토스 소재로 제작된 이 인형은 골드 스터드 칼라로 세련된 포인트를 더했습니다.,바디:비세토스 모노그램 캔버스,약 0 x 11 x 21 센티미터,,대한민국,닥스훈트 인형 | 스터드 장식이 더해진 칼라 | 18K 골드 도금 메탈 하드웨어,S,https://images.mcmworldwide.com/i/mcmworldwide/MELFSMM01PZ001_01?sw=600 | https://images.mcmworldwide.com/i/mcmworldwide/MELFSMM01PZ001_03?sw=600 | https://images.mcmworldwide.com/i/mcmworldwide/MELFSMM01PZ001_04?sw=600,https://kr.mcmworldwide.com/ko_KR/라이프스타일/홈-데코/닥스훈트-비세토스-인형/MELFSMM01PZ001.html,럭셔리
MMVFATT04D5001,MCM X RAWROW Ottomar 체크인 트롤리,1790000,Gold,WOMEN,BAG,OutOfStock,MCM과 로우로우(RAWROW)와 협업하여 선보이는 현대적인 감각의 트롤리,"뛰어난 내구성의 알루미늄으로 제작된 체크인용 트롤리. 클래식한 코냑 컬러를 연상시키는 Mars Gold 톤과 시그니처 비세토스 모노그램이 돋보입니다. TSA 잠금장치, HINOMOTO 저소음 바퀴, 가방이나 옷을 걸 수 있도록 설계된 로우로우만의 시그니처 손잡이 TT Handle™, 여권과 탑승권을 보관할 수 있는 히든 포켓, 들어 올리기만 해도 무게를 확인할 수 있는 스케일 핸들 기능까지 더해 실용성을 높였습니다.",트림: 비세토스 모노그램 캔버스,약 51 x 77 x 29 센티미터,,중국,"2단 높이 조절이 가능한 TT HANDLE™,여권과 탑승권을 보관할 수 있는 히든 포켓 | 비세토스 패턴으로 감싼 상단 핸들 | MCM X RAWROW 메탈 로고 장식 | 가방 무게를 확인할 수 있는 디지털 창 | TSA 잠금장치 | 지퍼 포켓과 조절 가능한 스트랩 고정 장치로 수납이 용이한 내부 | HINOMOTO 저소음 바퀴 | Mars gold 컬러의 내구성이 뛰어난 알루미늄 | 메탈 하드웨어 | 비세토스 모노그램 프린트 나일론 라이닝 | 트롤리 핸들 길이 29cm",S | L,https://images.mcmworldwide.com/i/mcmworldwide/MMVFATT04D5001_01?sw=600 | https://images.mcmworldwide.com/i/mcmworldwide/MMVFATT04D5001_09?sw=600 | https://images.mcmworldwide.com/i/mcmworldwide/MMVFATT04D5001_02?sw=600 | https://images.mcmworldwide.com/i/mcmworldwide/MMVFATT04D5001_03?sw=600 | https://images.mcmworldwide.com/i/mcmworldwide/MMVFATT04D5001_04?sw=600 | https://images.mcmworldwide.com/i/mcmworldwide/MMVFATT04D5001_10?sw=600,https://kr.mcmworldwide.com/ko_KR/트래블/트롤리-더플백/mcm-x-rawrow-ottomar-체크인-트롤리/MMVFATT04D5001.html,미니멀
MEZDSMM04CO001,비세토스 모자 박스,3790000,Cognac,WOMEN,ACCESSORY,InStock,여행의 로맨스를 구현한 빈티지풍 액세서리.,클래식 MCM 캐리어의 수공예 기술을 사용하여 시대와 트렌드를 초월한 액세서리를 완성했습니다. 소가죽으로 미니어처 모자 박스를 감싸고 비세토스 모노그램 캔버스와 24K 도금 메탈 금속 장식으로 장식했습니다. 유연한 핸들을 사용하여 핸드백으로 휴대하거나 어깨 스트랩을 부착하여 현대적인 핸즈프리 감각을 더할 수 있습니다.,트림: 소가죽,약 9 x 22 x 23 센티미터,"스트랩 길이: 124.5cm, 핸들 길이: 3.5cm",이탈리아,탈부착 가능 스트랩 | 가죽 손잡이 부분 | 내부 신축성 포켓 | 보호용 메탈 피트 | 비세토스 모노그램 캔버스 | 24K 도금 메탈 잠금 장치와 금속 장식 | 스웨이드 마감 마이크로파이버 안감,미니 | M,https://images.mcmworldwide.com/i/mcmworldwide/MEZDSMM04CO001_01?sw=600 | https://images.mcmworldwide.com/i/mcmworldwide/MEZDSMM04CO001_09?sw=600 | https://images.mcmworldwide.com/i/mcmworldwide/MEZDSMM04CO001_02?sw=600 | https://images.mcmworldwide.com/i/mcmworldwide/MEZDSMM04CO001_03?sw=600 | https://images.mcmworldwide.com/i/mcmworldwide/MEZDSMM04CO001_04?sw=600 | https://images.mcmworldwide.com/i/mcmworldwide/MEZDSMM04CO001_10?sw=600,https://kr.mcmworldwide.com/ko_KR/트래블/트렁크/비세토스-모자-박스/MEZDSMM04CO001.html,클래식
MEZDSMM10CO001,비세토스 펫 리터백 홀더,250000,Cognac,WOMEN,ACCESSORY,InStock,비세토스 모노그램 캔버스와 나파 가죽 소재의 리터백 홀더,비세토스로 제작되었으며 글자 그대로 폐기물을 감소하고자 하는 하우스의 원칙을 구현하는 홀더입니다. 연결 고리가 있어 더 큰 사이즈의 백에 부착하여 두 손이 자유로운 이동성을 누릴 수 있습니다.,,약 4 x 11 x 6 센티미터,,대한민국,연결 고리 잠금 장치 | 지퍼 클로저 | 비세토스 모노그램 캔버스 | 나파 가죽 트림 | 매트 블랙 메탈 금속 장식 | 스웨이드 마감 마이크로파이버 안감,프리 사이즈,https://images.mcmworldwide.com/i/mcmworldwide/MEZDSMM10CO001_01?sw=600 | https://images.mcmworldwide.com/i/mcmworldwide/MEZDSMM10CO001_09?sw=600 | https://images.mcmworldwide.com/i/mcmworldwide/MEZDSMM10CO001_02?sw=600 | https://images.mcmworldwide.com/i/mcmworldwide/MEZDSMM10CO001_03?sw=600 | https://images.mcmworldwide.com/i/mcmworldwide/MEZDSMM10CO001_04?sw=600,https://kr.mcmworldwide.com/ko_KR/라이프스타일/펫-액세서리/비세토스-펫-리터백-홀더/MEZDSMM10CO001.html,캐주얼
MEZDSMM13BKXSS,비세토스 펫 리쉬,250000,Black,WOMEN,ACCESSORY,InStock,"비세토스 모노그램 캔버스, 양가죽 및 나파 가죽 소재의 리쉬",시그니처 비세토스로 제작했으며 MCM 로고 우븐 웨빙 스트랩이 돋보이는 모노그램 펫 리쉬입니다. 뛰어난 수공예 기술을 통해 양가죽으로 리쉬를 감싸서 반려동물의 편안함을 더욱 높였습니다.,,약 0 x 130 x 3 센티미터,,대한민국,연결 고리 잠금 장치 | 로고 우븐 웨빙 스트랩 | MCM 로고 참 | 비세토스 모노그램 캔버스 | 양가죽 및 나파 가죽 트림 | 매트 블랙 금속 장식 | 손잡이 길이: 19cm,스트랩 길이 - 130cm | 스트랩 길이 - 190cm,https://images.mcmworldwide.com/i/mcmworldwide/MEZDSMM13BKXSS_01?sw=600 | https://images.mcmworldwide.com/i/mcmworldwide/MEZDSMM13BKXSS_09?sw=600 | https://images.mcmworldwide.com/i/mcmworldwide/MEZDSMM13BKXSS_04?sw=600 | https://images.mcmworldwide.com/i/mcmworldwide/MEZDSMM13BKXSS_10?sw=600,https://kr.mcmworldwide.com/ko_KR/비세토스-펫-리쉬/MEZDSMM13BKXSS.html,캐주얼
MHDESMM01CO00L,울 재생 캐시미어 라우렐 카디건,890000,Cognac,MEN,CLOTHING,OutOfStock,가슴의 라우렐 로고 자수가 돋보이는 유니섹스 V넥 카디건,"슈퍼 파인 울 캐시미어 블렌드 니트 소재의 유니섹스 V넥 카디건으로, 다채로운 자수로 표현한 시그니처 라우렐 엠블럼이 돋보입니다. 오른쪽 소매의 클래식한 ‘MCM’ 로고 자수가 실루엣을 더욱 풍성하게 만들어줍니다.","울 70%, 재생 캐시미어 30%",,,대한민국,가슴의 라우렐 로고 자수 | 버튼 클로저 | 오른쪽 슬리브의 MCM 로고 자수 | 리브 니트 밑단과 커프스 | 리브 니트 트림 | 레귤러 핏.,S | M | L,https://images.mcmworldwide.com/i/mcmworldwide/MHDESMM01CO00L_01?sw=600 | https://images.mcmworldwide.com/i/mcmworldwide/MHDESMM01CO00L_09?sw=600 | https://images.mcmworldwide.com/i/mcmworldwide/MHDESMM01CO00L_04?sw=600 | https://images.mcmworldwide.com/i/mcmworldwide/MHDESMM01CO00L_10?sw=600 | https://images.mcmworldwide.com/i/mcmworldwide/MHDESMM01CO00L_11?sw=600 | https://images.mcmworldwide.com/i/mcmworldwide/MHDESMM01CO00L_12?sw=600 | https://images.mcmworldwide.com/i/mcmworldwide/MHDESMM01CO00L_13?sw=600 | https://images.mcmworldwide.com/i/mcmworldwide/MHDESMM01CO00L_14?sw=600,https://kr.mcmworldwide.com/ko_KR/men-clothing-sweatshirts-hoodies/울-재생-캐시미어-라우렐-카디건/MHDESMM01CO00L.html,미니멀
MEZDSMM09CO001,비세토스 펫 하네스,450000,Cognac,WOMEN,ACCESSORY,OutOfStock,"비세토스 모노그램 캔버스, 양가죽 및 나파 가죽 소재의 하네스",시그니처 비세토스로 제작했으며 원형 MCM 로고 참이 돋보이는 모노그램 펫 하네스입니다. 양가죽으로 정교하게 완성하여 반려동물의 편안함을 더욱 높였습니다.,,,,대한민국,버클 클로저 | MCM 로고 참 | 비세토스 모노그램 캔버스 | 양가죽 및 나파 가죽 트림 | 매트 블랙 금속 장식 | 조절 가능한 길이: 50cm~68cm,길이 조절 가능,https://images.mcmworldwide.com/i/mcmworldwide/MEZDSMM09CO001_01?sw=600 | https://images.mcmworldwide.com/i/mcmworldwide/MEZDSMM09CO001_09?sw=600 | https://images.mcmworldwide.com/i/mcmworldwide/MEZDSMM09CO001_02?sw=600 | https://images.mcmworldwide.com/i/mcmworldwide/MEZDSMM09CO001_10?sw=600,https://kr.mcmworldwide.com/ko_KR/라이프스타일/펫-액세서리/비세토스-펫-하네스/MEZDSMM09CO001.html,캐주얼
MEZDSMM05CO001,비세토스 모자 박스,4750000,Cognac,WOMEN,ACCESSORY,OutOfStock,여행의 로맨스를 구현한 빈티지풍 액세서리.,MCM의 캐리어 제작 전문 기술을 사용하여 시대와 트렌드를 초월한 액세서리를 완성했습니다. 소가죽으로 모자 박스를 감싸고 비세토스 모노그램 캔버스와 24K 도금 메탈 금속 장식으로 장식했습니다.,트림: 소가죽,약 21 x 36 x 32 센티미터,,이탈리아,가죽 손잡이 부분 | 내부 신축성 포켓 | 보호용 메탈 피트 | 비세토스 모노그램 캔버스 | 24K 도금 메탈 잠금 장치와 금속 장식 | 스웨이드 마감 마이크로파이버 안감 | 핸들 길이: 8cm,미니 | M,https://images.mcmworldwide.com/i/mcmworldwide/MEZDSMM05CO001_01?sw=600 | https://images.mcmworldwide.com/i/mcmworldwide/MEZDSMM05CO001_09?sw=600 | https://images.mcmworldwide.com/i/mcmworldwide/MEZDSMM05CO001_02?sw=600 | https://images.mcmworldwide.com/i/mcmworldwide/MEZDSMM05CO001_03?sw=600 | https://images.mcmworldwide.com/i/mcmworldwide/MEZDSMM05CO001_04?sw=600 | https://images.mcmworldwide.com/i/mcmworldwide/MEZDSMM05CO001_10?sw=600,https://kr.mcmworldwide.com/ko_KR/트래블/트렁크/비세토스-모자-박스/MEZDSMM05CO001.html,클래식
MEZDSMM15CO001,비세토스 수트케이스,5550000,Cognac,WOMEN,ACCESSORY,InStock,시대를 초월한 캐리어 제작 기술을 증명합니다.,"뮌헨의 황금기로 거슬러 올라가 제트 세터에서 비롯된 하우스의 기원을 상징하는 하드 케이스 캐리어입니다. 비세토스와 바케타 레더로 제작, 헤리티지가 돋보이는 이 여행의 동반자는 24K 도금 금속 장식으로 포인트를 주고 넉넉한 마이크로파이버 스웨이드를 사용한 내부가 특징입니다.",,약 20 x 55 x 41 센티미터,,이탈리아,락 앤 래치 클로저 | 가죽 커버 금속 자물쇠와 열쇠 및 행택 | 내부 신축성 포켓 | 내부의 가죽 스트랩 | 보호용 메탈 피트 | 가죽으로 장식한 모서리 | 비세토스 모노그램 캔버스 | 바케타 레더 트림 | 24K 도금 금속 장식 | 스웨이드 마감 마이크로파이버 안감 | 핸들 길이: 6cm,미니 | S | M | L,https://images.mcmworldwide.com/i/mcmworldwide/MEZDSMM15CO001_01?sw=600 | https://images.mcmworldwide.com/i/mcmworldwide/MEZDSMM15CO001_09?sw=600 | https://images.mcmworldwide.com/i/mcmworldwide/MEZDSMM15CO001_02?sw=600 | https://images.mcmworldwide.com/i/mcmworldwide/MEZDSMM15CO001_03?sw=600 | https://images.mcmworldwide.com/i/mcmworldwide/MEZDSMM15CO001_04?sw=600 | https://images.mcmworldwide.com/i/mcmworldwide/MEZDSMM15CO001_10?sw=600,https://kr.mcmworldwide.com/ko_KR/트래블/트렁크/비세토스-수트케이스/MEZDSMM15CO001.html,클래식
MEZFAMM01CO00M,비세토스 펫 칼라 & 크로스바디 리쉬,530000,Cognac,WOMEN,ACCESSORY,InStock,비스토스 모노그램 캔버스 트리밍이 돋보이는 나일론 패브릭 웨빙 크로스바디 리쉬와 탈부착 가능한 칼라,"이탈리아산 나일론 소재를 사용한 리쉬는 MCM의 시그니처 비세토스 캔버스를 더해 브랜드 특유의 고급스러움을 강조했습니다. 반려동물 보호자가 크로스바디로 착용할 수 있도록 조절 가능한 손잡이가 더해져, MCM의 '핸즈프리' 디자인 철학을 잘 보여줍니다. 함께 구성된 탈부착 가능한 칼라에는 뮌헨의 바이에른 다이아몬드에서 영감을 받은 가죽 로고 참이 장식되어 포인트를 더합니다.",바디: 이탈리안 나일론 | 트림: 비세토스 모노그램 캔버스,,,대한민국,"리쉬는 반려동물 보호자가 크로스바디로 착용하는 용도입니다. | 가죽 다이아몬드 참 장식이 더해진 탈부착 및 길이 조절 가능한 칼라 | 후크 잠금 장지 | 최대 인장 강도:칼라: 53.7kgf, 리쉬: 89.9kgf | 최대 하중 용량: 53.73kg (해당 수치는 반려동물의 체중이 아니라, 중력 및 가속도를 포함한 최대 하중을 의미합니다.) | 무광 블랙 메탈 하드웨어 | 칼라 길이: 32cm - 38cm",프리 사이즈,https://images.mcmworldwide.com/i/mcmworldwide/MEZFAMM01CO00M_01?sw=600 | https://images.mcmworldwide.com/i/mcmworldwide/MEZFAMM01CO00M_09?sw=600 | https://images.mcmworldwide.com/i/mcmworldwide/MEZFAMM01CO00M_02?sw=600 | https://images.mcmworldwide.com/i/mcmworldwide/MEZFAMM01CO00M_03?sw=600 | https://images.mcmworldwide.com/i/mcmworldwide/MEZFAMM01CO00M_10?sw=600 | https://images.mcmworldwide.com/i/mcmworldwide/MEZFAMM01CO00M_11?sw=600,https://kr.mcmworldwide.com/ko_KR/라이프스타일/펫-액세서리/비세토스-펫-칼라-크로스바디-리쉬/MEZFAMM01CO00M.html,캐주얼
MEZDSMM14CO001,비세토스 수트케이스,6150000,Cognac,WOMEN,ACCESSORY,OutOfStock,시대를 초월한 캐리어 제작 기술을 증명합니다.,뮌헨의 황금기로 거슬러 올라가 제트 세터에서 비롯된 하우스의 기원을 상징하는 하드 케이스 캐리어입니다. 비세토스와 바케타 레더로 제작된 헤리티지 여행의 동반자는 24K 도금 금속 장식과 널찍한 마이크로파이버 스웨이드 내부가 특징입니다.,,약 23 x 65 x 46 센티미터,,이탈리아,락 앤 래치 클로저 | 가죽 커버 금속 자물쇠와 열쇠 및 행택 | 내부 신축성 포켓 | 내부의 가죽 스트랩 | 보호용 메탈 피트 | 가죽으로 장식한 모서리 | 비세토스 모노그램 캔버스 | 바케타 레더 트림 | 24K 도금 금속 장식 | 스웨이드 마감 마이크로파이버 안감 | 핸들 길이: 6cm,미니 | S | M | L,https://images.mcmworldwide.com/i/mcmworldwide/MEZDSMM14CO001_01?sw=600 | https://images.mcmworldwide.com/i/mcmworldwide/MEZDSMM14CO001_09?sw=600 | https://images.mcmworldwide.com/i/mcmworldwide/MEZDSMM14CO001_02?sw=600 | https://images.mcmworldwide.com/i/mcmworldwide/MEZDSMM14CO001_03?sw=600 | https://images.mcmworldwide.com/i/mcmworldwide/MEZDSMM14CO001_04?sw=600 | https://images.mcmworldwide.com/i/mcmworldwide/MEZDSMM14CO001_10?sw=600 | https://images.mcmworldwide.com/i/mcmworldwide/MEZDSMM14CO001_11?sw=600 | https://images.mcmworldwide.com/i/mcmworldwide/MEZDSMM14CO001_12?sw=600,https://kr.mcmworldwide.com/ko_KR/트래블/트렁크/비세토스-수트케이스/MEZDSMM14CO001.html,클래식
MEZESMM03CO001,비세토스 펫 캐리어,1350000,Cognac,WOMEN,ACCESSORY,InStock,천연 나파 가죽과 메쉬 사이드 패널로 제작된 비세토스 반려동물 캐리어,München 토트에서 영감을 받은 실루엣이 특징이며 클래식 코냑 비세토스와 천연 나파 가죽 소재로 제작된 반려동물 캐리어입니다. 옆면의 메쉬 통풍 패널과 쿠션감을 더한 지속 가능한 코튼 소재의 내부로 동물 친구의 편안함을 향상시켰습니다.,바디: 비세토스 모노그램 캔버스 | 트림: 천연 나파 가죽,약 20 x 42 x 33 센티미터,,대한민국,레더 손잡이 부분 | 더블 지퍼 클로저 | 통풍을 위한 메쉬 사이드 패널 | 10kg 이하 소형견에 적합 | 편안함을 더하는 베이스의 쿠셔닝 | 24K 도금 브라스 금속 장식 | 지속 가능한 코튼 안감,프리 사이즈,https://images.mcmworldwide.com/i/mcmworldwide/MEZESMM03CO001_01?sw=600 | https://images.mcmworldwide.com/i/mcmworldwide/MEZESMM03CO001_09?sw=600 | https://images.mcmworldwide.com/i/mcmworldwide/MEZESMM03CO001_02?sw=600 | https://images.mcmworldwide.com/i/mcmworldwide/MEZESMM03CO001_03?sw=600 | https://images.mcmworldwide.com/i/mcmworldwide/MEZESMM03CO001_04?sw=600 | https://images.mcmworldwide.com/i/mcmworldwide/MEZESMM03CO001_10?sw=600 | https://images.mcmworldwide.com/i/mcmworldwide/MEZESMM03CO001_11?sw=600 | https://images.mcmworldwide.com/i/mcmworldwide/MEZESMM03CO001_12?sw=600,https://kr.mcmworldwide.com/ko_KR/라이프스타일/펫-액세서리/비세토스-펫-캐리어/MEZESMM03CO001.html,캐주얼
MEZESMM05CO001,비세토스 수트케이스,6750000,Cognac,WOMEN,ACCESSORY,InStock,시대를 초월한 캐리어 수공예 기술을 증명합니다.,70년대 뮌헨의 문화 전성기에 탄생하여 독일 역사에서 유명한 그 시기의 세련된 여행 감성을 구현한 라지 하드케이스 비세토스 수트케이스입니다. 소가죽으로 감싼 모서리와 티없이 깨끗한 마이크로파이버 스웨이드 소재의 내부 및 24K 도금 래치 잠금 장치가 돋보이는 헤리티지 동반자입니다.,바디: 비세토스 모노그램 캔버스 | 트림: 소가죽,약 25 x 75 x 47 센티미터,핸들 드롭: 6cm,이탈리아,가죽 손잡이 부분 | 탈부착 가능한 가죽 행택 및 가죽 커버 열쇠 | 락 앤 래치 클로저 | 가죽으로 감싼 모서리 | 내부 포켓 | 내부의 가죽 여밈 스트랩 | 보호용 메탈 피트 | 24K 도금 브라스 금속 장식 | 스웨이드 마감 마이크로파이버 안감,미니 | S | M | L,https://images.mcmworldwide.com/i/mcmworldwide/MEZESMM05CO001_01?sw=600 | https://images.mcmworldwide.com/i/mcmworldwide/MEZESMM05CO001_02?sw=600 | https://images.mcmworldwide.com/i/mcmworldwide/MEZESMM05CO001_03?sw=600 | https://images.mcmworldwide.com/i/mcmworldwide/MEZESMM05CO001_04?sw=600,https://kr.mcmworldwide.com/ko_KR/트래블/트렁크/비세토스-수트케이스/MEZESMM05CO001.html,클래식
MEZFAMM02CO001,비세토스 펫 하네스,530000,Cognac,WOMEN,ACCESSORY,InStock,천연 가죽 트리밍이 돋보이는 비세토스 모노그램 캔버스 하네스,"클래식 코냑 컬러로 선보이는 이 모노그램 펫 하네스는 뮌헨 하우스의 시대를 초월한 품격과 장인 정신을 담아냈습니다. 천연 가죽 디테일이 아티스틱한 감성을 더하고, 반려동물에게 편안함을 선사합니다.",바디:비세토스 모노그램 캔버스 | 트림:천연 가죽,,,대한민국,목 둘레 사이즈: 33cm - 40cm | 몸통 둘레 조절 범위: 40cm - 60cm | 버클 클로저 | 무광 블랙 메탈 하드웨어,프리 사이즈,https://images.mcmworldwide.com/i/mcmworldwide/MEZFAMM02CO001_01?sw=600 | https://images.mcmworldwide.com/i/mcmworldwide/MEZFAMM02CO001_09?sw=600 | https://images.mcmworldwide.com/i/mcmworldwide/MEZFAMM02CO001_02?sw=600 | https://images.mcmworldwide.com/i/mcmworldwide/MEZFAMM02CO001_03?sw=600 | https://images.mcmworldwide.com/i/mcmworldwide/MEZFAMM02CO001_04?sw=600 | https://images.mcmworldwide.com/i/mcmworldwide/MEZFAMM02CO001_10?sw=600 | https://images.mcmworldwide.com/i/mcmworldwide/MEZFAMM02CO001_11?sw=600 | https://images.mcmworldwide.com/i/mcmworldwide/MEZFAMM02CO001_12?sw=600,https://kr.mcmworldwide.com/ko_KR/라이프스타일/펫-액세서리/비세토스-펫-하네스/MEZFAMM02CO001.html,캐주얼
MEZFSMM07BK001,모노그램 프린트 펫 리터백 홀더,270000,Black,WOMEN,ACCESSORY,InStock,비세토스 모노그램 프린트와 가죽 핸들 스트랩이 돋보이는 그레인 레더 배변 봉투 홀더,"뮌헨 하우스의 절약 정신을 담은 이 배변 봉투 홀더는 엠보싱 처리된 가죽으로 제작되었으며, 가죽 스트랩이 있어 사용이 편리합니다. 모노그램 프린트로 장식된 이 액세서리는 스타크 백팩에서 영감을 받아 디자인되었습니다.",바디: 비세토스 모노그램 프린트와 엠보싱 가죽 | 트림: 천연 나파 가죽,약 4 x 7 x 9 센티미터,핸들 스트랩 길이: 16cm,대한민국,탈부착 가능한 가죽 스트랩 | 봉투는 포함되어 있지 않습니다. | 스프링 잠금 장치 | MCM 로고 브라스 플레이트 | 지퍼 클로저 | 실버 톤 코발트 메탈 하드웨어,프리 사이즈,https://images.mcmworldwide.com/i/mcmworldwide/MEZFSMM07BK001_01?sw=600 | https://images.mcmworldwide.com/i/mcmworldwide/MEZFSMM07BK001_09?sw=600 | https://images.mcmworldwide.com/i/mcmworldwide/MEZFSMM07BK001_02?sw=600 | https://images.mcmworldwide.com/i/mcmworldwide/MEZFSMM07BK001_03?sw=600 | https://images.mcmworldwide.com/i/mcmworldwide/MEZFSMM07BK001_04?sw=600 | https://images.mcmworldwide.com/i/mcmworldwide/MEZFSMM07BK001_05?sw=600 | https://images.mcmworldwide.com/i/mcmworldwide/MEZFSMM07BK001_10?sw=600,https://kr.mcmworldwide.com/ko_KR/라이프스타일/펫-액세서리/모노그램-프린트-펫-리터백-홀더/MEZFSMM07BK001.html,캐주얼
MEZGSMM05PZ001,비세토스 수트케이스,5550000,Pink,WOMEN,ACCESSORY,InStock,시간이 지나도 변치 않는 장인정신이 깃든 러기지,"1970년대 뮌헨의 문화적 르네상스에서 영감을 받은 스몰 사이즈 하드사이드 수트케이스는 시대를 초월한 여행의 품격을 담아냅니다. 이탈리아 가죽 프레임과 조형적으로 완성된 바디, 16K 금도금 클로저로 마감하였으며 정돈된 내부가 특징입니다.",바디:비세토스 모노그램 캔버스 | 트림: 이탈리아 레더,약 55 x 20 x 42 센티미터,핸들 드롭: 6 cm,이탈리아,가죽 핸들 | 탈부착 가능한 가죽 행 태그와 가죽 커버가 더해진 키 | 잠금장치 및 래치 클로저 | 가죽으로 마감한 코너 | 내부 포켓 | 내부 가죽 스트랩 잠금 장치 | 가방 바닥 보호에 도움을 주는 메탈 피트 | 16K 골드 도금 메탈 하드웨어 | 패브릭 안감,미니 | S | M | L,https://images.mcmworldwide.com/i/mcmworldwide/MEZGSMM05PZ001_01?sw=600 | https://images.mcmworldwide.com/i/mcmworldwide/MEZGSMM05PZ001_02?sw=600 | https://images.mcmworldwide.com/i/mcmworldwide/MEZGSMM05PZ001_03?sw=600 | https://images.mcmworldwide.com/i/mcmworldwide/MEZGSMM05PZ001_04?sw=600 | https://images.mcmworldwide.com/i/mcmworldwide/MEZGSMM05PZ001_05?sw=600,https://kr.mcmworldwide.com/ko_KR/트래블/트렁크/비세토스-수트케이스/MEZGSMM05PZ001.html,클래식
MEZFSMM05CO001,퀼팅 모노그램 나일론 패커블 펫 베드,350000,Cognac,WOMEN,ACCESSORY,InStock,비세토스 모노그램 프린트와 다이아몬드 퀼팅이 돋보이는 리사이클 나일론을 사용한 패커블 펫 베드,"이탈리아산 리사이클 나일론으로 제작된 이 반려동물 침대는 뮌헨 하우스의 시그니처 비세토스 모노그램으로 우아하게 장식되어 있습니다. 스냅 버튼을 이용해 파우치 형태로 변형할 수 있어 휴대가 용이하며, 바바리안 다이아몬드에서 영감을 받은 퀼팅 패딩으로 마감되어 반려동물에게 더욱 편안하고 푹신한 휴식을 선사합니다.",100% 리사이클 나일론,,,대한민국,"퀼팅 나일론 베드만 제공되며, 내부 매트리스는 포함되지 않습니다. | 파우치로 변환 가능한 패커블 디자인 | 비세토스 모노그램 프린트 | 다이아몬드 퀼팅 | 로고 각인 스냅 잠금 장치 | 24K 금 도금 메탈 하드웨어",프리 사이즈,https://images.mcmworldwide.com/i/mcmworldwide/MEZFSMM05CO001_01?sw=600 | https://images.mcmworldwide.com/i/mcmworldwide/MEZFSMM05CO001_09?sw=600 | https://images.mcmworldwide.com/i/mcmworldwide/MEZFSMM05CO001_02?sw=600 | https://images.mcmworldwide.com/i/mcmworldwide/MEZFSMM05CO001_03?sw=600 | https://images.mcmworldwide.com/i/mcmworldwide/MEZFSMM05CO001_10?sw=600,https://kr.mcmworldwide.com/ko_KR/라이프스타일/펫-액세서리/퀼팅-모노그램-나일론-패커블-펫-베드/MEZFSMM05CO001.html,캐주얼
MEZGSMM04PZ001,비세토스 수트케이스,6150000,Pink,WOMEN,ACCESSORY,InStock,시간이 지나도 변치 않는 장인정신이 깃든 러기지,"1970년대 뮌헨 문화 르네상스에서 탄생한 이 미디엄 사이즈 하드사이드 수트케이스는 당시 독일 여행 문화가 지닌 우아한 미적 감각을 현대적으로 재현합니다. 이탈리아 가죽으로 프레이밍된 실루엣과 패브릭으로 마감한 깔끔한 내부, 16K 금도금 클로저 디테일이 장인정신을 드러냅니다.",바디:비세토스 모노그램 캔버스 | 트림: 이탈리아 레더,약 65 x 22 x 45 센티미터,핸들 드롭: 6 cm,이탈리아,가죽 핸들 | 탈부착 가능한 가죽 행 태그와 가죽 커버가 더해진 키 | 잠금장치 및 래치 클로저 | 가죽으로 마감한 코너 | 내부 포켓 | 내부 가죽 스트랩 잠금 장치 | 가방 바닥 보호에 도움을 주는 메탈 피트 | 16K 골드 도금 메탈 하드웨어 | 패브릭 안감,미니 | S | M | L,https://images.mcmworldwide.com/i/mcmworldwide/MEZGSMM04PZ001_01?sw=600 | https://images.mcmworldwide.com/i/mcmworldwide/MEZGSMM04PZ001_09?sw=600 | https://images.mcmworldwide.com/i/mcmworldwide/MEZGSMM04PZ001_02?sw=600 | https://images.mcmworldwide.com/i/mcmworldwide/MEZGSMM04PZ001_03?sw=600 | https://images.mcmworldwide.com/i/mcmworldwide/MEZGSMM04PZ001_04?sw=600 | https://images.mcmworldwide.com/i/mcmworldwide/MEZGSMM04PZ001_05?sw=600,https://kr.mcmworldwide.com/ko_KR/트래블/트렁크/비세토스-수트케이스/MEZGSMM04PZ001.html,클래식
MEZFSMM07CO001,모노그램 프린트 가죽 손목 펫 리터 백 홀더,310000,Cognac,WOMEN,ACCESSORY,InStock,비세토스 모노그램 프린트와 가죽 손잡이 스트랩이 돋보이는 그레인 가죽 리터백 홀더,"엠보스드 가죽 소재의 리터백 홀더로, 뮌헨 하우스의 폐기물 감소 원칙을 구현했습니다. 가죽 손잡이 스트랩과 함께 제공되는 모노그램 프린트 액세서리는 유명한 Stark 백팩의 시그니처 디자인을 보여줍니다.",바디: 비세토스 모노그램 프린트 엠보스드 가죽 | 트림: 천연 나파 가죽,약 4 x 7 x 9 센티미터,손잡이 스트랩 길이: 16cm,대한민국,탈부착 가능한 가죽 손목 손잡이 스트랩 | 리터백 미포함 | 연결 고리 잠금 장치 | MCM 로고 브라스 플레이트 | 지퍼 클로저 | 24K 도금 메탈 금속 장식,프리 사이즈,https://images.mcmworldwide.com/i/mcmworldwide/MEZFSMM07CO001_01?sw=600 | https://images.mcmworldwide.com/i/mcmworldwide/MEZFSMM07CO001_09?sw=600 | https://images.mcmworldwide.com/i/mcmworldwide/MEZFSMM07CO001_02?sw=600 | https://images.mcmworldwide.com/i/mcmworldwide/MEZFSMM07CO001_03?sw=600 | https://images.mcmworldwide.com/i/mcmworldwide/MEZFSMM07CO001_04?sw=600 | https://images.mcmworldwide.com/i/mcmworldwide/MEZFSMM07CO001_05?sw=600 | https://images.mcmworldwide.com/i/mcmworldwide/MEZFSMM07CO001_10?sw=600,https://kr.mcmworldwide.com/ko_KR/라이프스타일/펫-액세서리/모노그램-프린트-가죽-손목-펫-리터-백-홀더/MEZFSMM07CO001.html,캐주얼
MFTEAMM05WT0XS,시퀸 탱크탑,264000,White,WOMEN,CLOTHING,OutOfStock,로고 엠보스드 다이아몬드 패치가 있는 여성용 시퀸 장식 슬리브리스 탑,뮌헨 황금기의 화려함에서 영감을 받아 시퀸 장식으로 역동적인 반짝임을 더한 슬림 핏 탱크탑입니다. 실루엣의 가슴 부분을 장식한 로고 엠보스드 패치는 독일 헤리티지를 반영한 바이에른 다이아몬드에서 영감을 받았습니다.,"폴리아미드 87%, 메탈릭 섬유 8%, 엘라스테인 5%",,,대한민국,시퀸 장식 | 가슴의 로고 엠보스드 인조 가죽 다이아몬드 패치 | 슬림 핏,XS | L,https://images.mcmworldwide.com/i/mcmworldwide/MFTEAMM05WT0XS_01?sw=600 | https://images.mcmworldwide.com/i/mcmworldwide/MFTEAMM05WT0XS_09?sw=600 | https://images.mcmworldwide.com/i/mcmworldwide/MFTEAMM05WT0XS_04?sw=600 | https://images.mcmworldwide.com/i/mcmworldwide/MFTEAMM05WT0XS_10?sw=600 | https://images.mcmworldwide.com/i/mcmworldwide/MFTEAMM05WT0XS_11?sw=600,https://kr.mcmworldwide.com/ko_KR/시퀸-탱크탑/MFTEAMM05WT0XS.html,럭셔리
MMKEAVE15PZ001,Stark 사이드 스터드 비세토스 백팩,1650000,Pink,MEN,BAG,InStock,피라미드 모양 스터드 장식과 천연 나파 가죽 트림이 특징인 비세토스 모노그램 캔버스 백팩,"글로벌 노마드의 자유로운 정신을 담은 휴대용 아이콘. 비세토스 캔버스와 천연 나파 가죽으로 제작된 스타크 백팩은 기기, 서류, 액세서리를 품격 있게 정리할 수 있습니다. 피라미드 모양 스터드가 반짝이는 피니시로 실루엣을 장식합니다.",바디: 비세토스 모노그램 캔버스 | 트림: 천연 나파 가죽,약 13 x 26 x 33 센티미터,"스트랩 길이: 74cm ~ 90cm, 핸들 드롭: 7cm",대한민국,조절 가능한 어깨 스트랩 | 가죽 손잡이 부분 | MCM 로고 플레이트. | 전면 지퍼 수납공간 | 외부 사이드 포켓과 스터드 장식 | 양방향 지퍼 클로저 | 내부 포켓과 태플릿 보관이 용이한 슬리브 | 18K 금 도금 메탈 하드웨어 | 인조 나파 안감,X-Mini Bebe Boo | 미니 | S | S–M | M,https://images.mcmworldwide.com/i/mcmworldwide/MMKEAVE15PZ001_01?sw=600 | https://images.mcmworldwide.com/i/mcmworldwide/MMKEAVE15PZ001_09?sw=600 | https://images.mcmworldwide.com/i/mcmworldwide/MMKEAVE15PZ001_02?sw=600 | https://images.mcmworldwide.com/i/mcmworldwide/MMKEAVE15PZ001_03?sw=600 | https://images.mcmworldwide.com/i/mcmworldwide/MMKEAVE15PZ001_04?sw=600 | https://images.mcmworldwide.com/i/mcmworldwide/MMKEAVE15PZ001_10?sw=600,https://kr.mcmworldwide.com/ko_KR/가방/백팩/스타크-사이드-스터드-비세토스-백팩/MMKEAVE15PZ001.html,스트릿
MELCSVD01WT001,비세토스 M Pup 인형,630000,White,WOMEN,ACCESSORY,OutOfStock,MCM 패밀리에 새롭게 합류한 M Pup은 호기심 많고 충직한 강아지입니다.,선물하기 좋은 고급스러운 프렌치 불독은 집에서나 여행 중에도 언제나 함께할 수 있는 든든한 동반자입니다. 시그니처 비세토스로 제작된 미디엄 사이즈 인형은 하우스의 유쾌한 본성을 상징합니다.,,약 23 x 29 x 31 센티미터,,대한민국,바디 소재: 비세토스 모노그램 코티드 캔버스 | 실버톤 코발트 메탈 스터드 리쉬,미디엄 M 퍼피 | 스몰 M 퍼피 | S | M,https://images.mcmworldwide.com/i/mcmworldwide/MELCSVD01WT001_01?sw=600 | https://images.mcmworldwide.com/i/mcmworldwide/MELCSVD01WT001_09?sw=600 | https://images.mcmworldwide.com/i/mcmworldwide/MELCSVD01WT001_02?sw=600 | https://images.mcmworldwide.com/i/mcmworldwide/MELCSVD01WT001_04?sw=600 | https://images.mcmworldwide.com/i/mcmworldwide/MELCSVD01WT001_10?sw=600,https://kr.mcmworldwide.com/ko_KR/라이프스타일/홈-데코/비세토스-m-pup-인형/MELCSVD01WT001.html,캐주얼
MMVAAVY03CO001,비세토스 소재의 오토마 위켄더 백.,1890000,Cognac,WOMEN,BAG,OutOfStock,MCM의 숙련된 캐리어 수공예 전통에 기반한 위켄더는 근처에 운동하러 가거나 멀리 여행을 떠날 때에도 편리하게 사용할 수 있는 크기로 디자인되었습니다.,"내구성이 뛰어난 비세토스 코티드 캔버스로 제작하여 접착 안감으로 무게를 줄인 MCM에서 가장 가벼운 위켄더 백입니다. 나파 가죽 트리밍과 가방을 열기 쉬운 길다란 지퍼, 소지품 정돈에 유용한 내부 패브릭 거싯으로 구성된 상징적인 디자인입니다. 사용하지 않을 때 접어서 간편하게 보관할 수 있습니다.",,약 20 x 46 x 27 센티미터,스트랩 길이: 79cm - 130cm,대한민국,양방향 지퍼 클로저 | 가죽 손잡이 부분 | 탈부착 가능한 수하물 택 및 금속 자물쇠와 열쇠 | 24K 금 도금 하드웨어 | 내부 지퍼 및 오픈 포켓 | 탈부착 가능한 가죽 커버 러기지 행택 및 금속 자물쇠와 열쇠 | 보호용 메탈 피트,41cm / 16.14인치 | 45cm / 17.7인치 | 50.5cm / 19.9인치 | 55cm / 22인치,https://images.mcmworldwide.com/i/mcmworldwide/MMVAAVY03CO001_01?sw=600 | https://images.mcmworldwide.com/i/mcmworldwide/MMVAAVY03CO001_02?sw=600 | https://images.mcmworldwide.com/i/mcmworldwide/MMVAAVY03CO001_03?sw=600 | https://images.mcmworldwide.com/i/mcmworldwide/MMVAAVY03CO001_04?sw=600,https://kr.mcmworldwide.com/ko_KR/트래블/러기지-백/비세토스-소재의-오토마-위켄더-백./MMVAAVY03CO001.html,클래식
MMVAAVY03BK001,비세토스 소재의 오토마 위켄더 백.,1890000,Black,WOMEN,BAG,OutOfStock,MCM의 숙련된 캐리어 수공예 전통에 기반한 위켄더는 근처에 운동하러 가거나 멀리 여행을 떠날 때에도 편리하게 사용할 수 있는 크기로 디자인되었습니다.,"내구성이 뛰어난 비세토스 코티드 캔버스로 제작하여 접착 안감으로 무게를 줄인 MCM에서 가장 가벼운 위켄더 백입니다. 나파 가죽 트리밍과 가방을 열기 쉬운 길다란 지퍼, 소지품 정돈에 유용한 내부 패브릭 거싯으로 구성된 상징적인 디자인입니다. 사용하지 않을 때 접어서 간편하게 보관할 수 있습니다.",,약 20 x 46 x 27 센티미터,스트랩 길이: 75cm~132cm,대한민국,나파 가죽 트림 | 가죽 손잡이 부분 | 양방향 지퍼 클로저 | 보호용 메탈 바닥 받침. | 코발트 하드웨어. | 내부 지퍼 및 오픈 포켓 | 탈부착 가능한 가죽 커버 러기지 행택 및 금속 자물쇠와 열쇠 | 보호용 메탈 피트,41cm / 16.14인치 | 45cm / 17.7인치 | 50.5cm / 19.9인치 | 55cm / 22인치,https://images.mcmworldwide.com/i/mcmworldwide/MMVAAVY03BK001_01?sw=600 | https://images.mcmworldwide.com/i/mcmworldwide/MMVAAVY03BK001_09?sw=600 | https://images.mcmworldwide.com/i/mcmworldwide/MMVAAVY03BK001_02?sw=600 | https://images.mcmworldwide.com/i/mcmworldwide/MMVAAVY03BK001_03?sw=600 | https://images.mcmworldwide.com/i/mcmworldwide/MMVAAVY03BK001_04?sw=600 | https://images.mcmworldwide.com/i/mcmworldwide/MMVAAVY03BK001_05?sw=600 | https://images.mcmworldwide.com/i/mcmworldwide/MMVAAVY03BK001_10?sw=600 | https://images.mcmworldwide.com/i/mcmworldwide/MMVAAVY03BK001_11?sw=600 | https://images.mcmworldwide.com/i/mcmworldwide/MMVAAVY03BK001_12?sw=600,https://kr.mcmworldwide.com/ko_KR/트래블/러기지-백/비세토스-소재의-오토마-위켄더-백./MMVAAVY03BK001.html,클래식
MELCSVD01CO001,비세토스 M Pup 인형,630000,Cognac,WOMEN,ACCESSORY,InStock,MCM 패밀리에 새롭게 합류한 M Pup은 호기심 많고 충직한 강아지입니다.,선물하기 좋은 고급스러운 프렌치 불독은 집에서나 여행 중에도 언제나 함께할 수 있는 든든한 동반자입니다. 시그니처 비세토스로 제작된 미디엄 사이즈 인형은 하우스의 유쾌한 본성을 상징합니다.,,약 23 x 29 x 31 센티미터,,대한민국,바디 소재: 비세토스 모노그램 코티드 캔버스 | 실버톤 코발트 메탈 스터드 리쉬,미디엄 M 퍼피 | 스몰 M 퍼피 | S | M,https://images.mcmworldwide.com/i/mcmworldwide/MELCSVD01CO001_01?sw=600 | https://images.mcmworldwide.com/i/mcmworldwide/MELCSVD01CO001_09?sw=600 | https://images.mcmworldwide.com/i/mcmworldwide/MELCSVD01CO001_02?sw=600 | https://images.mcmworldwide.com/i/mcmworldwide/MELCSVD01CO001_04?sw=600 | https://images.mcmworldwide.com/i/mcmworldwide/MELCSVD01CO001_10?sw=600,https://kr.mcmworldwide.com/ko_KR/라이프스타일/홈-데코/비세토스-m-pup-인형/MELCSVD01CO001.html,캐주얼
MELCSVD02CO001,비세토스 M Pup 인형,590000,Cognac,WOMEN,ACCESSORY,InStock,MCM 패밀리에 새롭게 합류한 M Pup은 호기심 많고 충직한 강아지입니다.,선물하기 좋은 고급스러운 프렌치 불독은 집에서나 여행 중에도 언제나 함께할 수 있는 든든한 동반자입니다. 시그니처 비세토스로 제작된 미디엄 사이즈 인형은 하우스의 유쾌한 본성을 상징합니다.,,약 17 x 23 x 24 센티미터,,대한민국,바디 소재: 비세토스 모노그램 코티드 캔버스 | 실버톤 코발트 메탈 스터드 리쉬,미디엄 M 퍼피 | 스몰 M 퍼피 | S | M,https://images.mcmworldwide.com/i/mcmworldwide/MELCSVD02CO001_01?sw=600 | https://images.mcmworldwide.com/i/mcmworldwide/MELCSVD02CO001_09?sw=600 | https://images.mcmworldwide.com/i/mcmworldwide/MELCSVD02CO001_02?sw=600 | https://images.mcmworldwide.com/i/mcmworldwide/MELCSVD02CO001_04?sw=600 | https://images.mcmworldwide.com/i/mcmworldwide/MELCSVD02CO001_10?sw=600,https://kr.mcmworldwide.com/ko_KR/라이프스타일/홈-데코/비세토스-m-pup-인형/MELCSVD02CO001.html,캐주얼
MXZGATA07BK001,엠보스드 모노그램 레더 에어팟 프로 케이스,310000,Black,MEN,ACCESSORY,InStock,헤리티지 모노그램이 돋보이는 모바일 액세서리 케이스,"풀그레인 나파 가죽으로 제작된 에어팟 프로 케이스 참. 클래식 비세토스 모노그램이 엠보싱으로 표현되었으며, 바이에른 다이아몬드에서 영감을 받은 스프링 클라스프가 더해져 백에 부착할 수 있습니다.",바디: 풀 그레인 나파 레더,약 2 x 7 x 6 센티미터,,대한민국,바바리안 다이아몬드에서 영감을 받은 스프링 클라스프 잠금장치 | 엠보스드 비세토스 모노그램 | 앤티크 실버 톤 메탈 하드웨어,프리 사이즈,https://images.mcmworldwide.com/i/mcmworldwide/MXZGATA07BK001_01?sw=600 | https://images.mcmworldwide.com/i/mcmworldwide/MXZGATA07BK001_03?sw=600 | https://images.mcmworldwide.com/i/mcmworldwide/MXZGATA07BK001_04?sw=600,https://kr.mcmworldwide.com/ko_KR/라이프스타일/테크-액세서리/엠보스드-모노그램-레더-에어팟-프로-케이스/MXZGATA07BK001.html,캐주얼
MELCSVD02WT001,비세토스 M Pup 인형,590000,White,WOMEN,ACCESSORY,InStock,MCM 패밀리에 새롭게 합류한 M Pup은 호기심 많고 충직한 강아지입니다.,선물하기 좋은 고급스러운 프렌치 불독은 집에서나 여행 중에도 언제나 함께할 수 있는 든든한 동반자입니다. 시그니처 비세토스로 제작된 미디엄 사이즈 인형은 하우스의 유쾌한 본성을 상징합니다.,,약 17 x 23 x 24 센티미터,,대한민국,바디 소재: 비세토스 모노그램 코티드 캔버스 | 실버톤 코발트 메탈 스터드 리쉬,미디엄 M 퍼피 | 스몰 M 퍼피 | S | M,https://images.mcmworldwide.com/i/mcmworldwide/MELCSVD02WT001_01?sw=600 | https://images.mcmworldwide.com/i/mcmworldwide/MELCSVD02WT001_09?sw=600 | https://images.mcmworldwide.com/i/mcmworldwide/MELCSVD02WT001_02?sw=600 | https://images.mcmworldwide.com/i/mcmworldwide/MELCSVD02WT001_04?sw=600 | https://images.mcmworldwide.com/i/mcmworldwide/MELCSVD02WT001_10?sw=600,https://kr.mcmworldwide.com/ko_KR/라이프스타일/홈-데코/비세토스-m-pup-인형/MELCSVD02WT001.html,캐주얼
MUV8SVY04BK001,Ottomar 비세토스 캐리어(21인치),980000,Black,WOMEN,BAG,OutOfStock,트래블 캐빈 트롤리와 함께 MCM 스타일로 세계를 여행해 보세요. 견고한 비세토스 코팅 캔버스로 만든 클래식 여행가방은 MCM 대표 패턴이 특징입니다.,"탈부착이 가능한 손잡이 부분을 비롯하여 용도에 따라 구분된 내부, 휴대용 가먼트 백, 매끄러운 이동을 위해 다각도로 움직이는 4개의 스피너 휠 등 유용한 기능을 제공합니다.",,약 19 x 33 x 53 센티미터,,대한민국,보호용 벨크로로 감싼 내부 수납공간 | 내부 사이드 지퍼 포켓과 휴대용 가먼트 백 | 탈착식 러기지 택과 매달 수 있는 금속 자물쇠와 열쇠 | 사이즈 : 34 * 55 * 19 (가로*세로*폭) (cm) | PVC | Retractable handle,S,https://images.mcmworldwide.com/i/mcmworldwide/MUV8SVY04BK001_01?sw=600 | https://images.mcmworldwide.com/i/mcmworldwide/MUV8SVY04BK001_09?sw=600 | https://images.mcmworldwide.com/i/mcmworldwide/MUV8SVY04BK001_02?sw=600 | https://images.mcmworldwide.com/i/mcmworldwide/MUV8SVY04BK001_03?sw=600 | https://images.mcmworldwide.com/i/mcmworldwide/MUV8SVY04BK001_04?sw=600 | https://images.mcmworldwide.com/i/mcmworldwide/MUV8SVY04BK001_05?sw=600 | https://images.mcmworldwide.com/i/mcmworldwide/MUV8SVY04BK001_10?sw=600 | https://images.mcmworldwide.com/i/mcmworldwide/MUV8SVY04BK001_11?sw=600,https://kr.mcmworldwide.com/ko_KR/old-season-mkd-and-outlet/ottomar-비세토스-캐리어(21인치)/MUV8SVY04BK001.html,클래식
MMVFATT01BK001,Ottomar ECONYL® 가죽 위켄더 백팩,1590000,Black,WOMEN,BAG,InStock,백팩 기능과 Visetos 모노그램 프린트 가죽 트림이 적용된 ECONYL® 모듈러 위켄더 백,"모듈형 디자인 철학과 이동성에 대한 뮌헨 하우스의 비전을 구현한 위켄더 백으로 가볍고 지속가능한 재활용 나일론 ECONYL®을 사용하여 제작되었습니다. 시그니처 비세토스 모노그램이 더해진 그레인 가죽 디테일을 더해 완성도를 높였습니다. 다양한 수납공간으로 구성된 외부와 내부는 여행 및 피트니스에 필요한 필수품들을 효율적으로 정리 할 수 있으며, 특히 신발을 위해 전용 사이드 포켓은 뛰어난 실용성을 보여줍니다. 핸들을 사용하여 들거나 크로스바디백으로 착용할 수 있으며, 바닥면의 숄더 스트랩을 활용하여 백팩으로도 변형이 가능한 다재다능한 백입니다.",바디:ECONYL® 재생 나일론 | 트림: 비세토스 모노그램 프린트가 더해진 천연가죽,약 25 x 52 x 27 센티미터,"스트랩 길이: 70cm - 84cm, 핸들 드롭: 48cm",대한민국,탈부착이 가능하며 길이 조절이 가능한 위빙 스트랩 | 숄더 스트랩으로 변형 가능한 바닥면의 스트랩 | 탑핸들 | 외부 지퍼 수납공간 | 신발 수납을 위한 외부 사이드 포켓 | 양방향 지퍼 클로저 | D링 참 장식 디테일 | 2개의 내부 포켓 | 실버톤 코발트 메탈 하드웨어 | 나일론 안감,55cm / 22인치,https://images.mcmworldwide.com/i/mcmworldwide/MMVFATT01BK001_01?sw=600 | https://images.mcmworldwide.com/i/mcmworldwide/MMVFATT01BK001_09?sw=600 | https://images.mcmworldwide.com/i/mcmworldwide/MMVFATT01BK001_02?sw=600 | https://images.mcmworldwide.com/i/mcmworldwide/MMVFATT01BK001_03?sw=600 | https://images.mcmworldwide.com/i/mcmworldwide/MMVFATT01BK001_04?sw=600 | https://images.mcmworldwide.com/i/mcmworldwide/MMVFATT01BK001_05?sw=600 | https://images.mcmworldwide.com/i/mcmworldwide/MMVFATT01BK001_10?sw=600 | https://images.mcmworldwide.com/i/mcmworldwide/MMVFATT01BK001_11?sw=600,https://kr.mcmworldwide.com/ko_KR/트래블/러기지-백/ottomar-econyl®-가죽-위켄더-백팩/MMVFATT01BK001.html,캐주얼
MMVDSTT02BK001,Ottomar 비세토스 트롤리,2750000,Black,WOMEN,BAG,InStock,나파 가죽 트림이 돋보이는 기내용 스몰 비세토스 트롤리,뮌헨 황금기의 레거시 실루엣으로 새로운 세대의 여행자에게 영감을 선사하는 시그니처 스몰 트롤리입니다. 아카이브 트렁크에서 가져온 블랙 나파 가죽 모서리로 클래식 비세토스 캔버스 바디를 장식했습니다. 가죽 사이드 핸들과 집어넣을 수 있는 상단 핸들이 있으며 내부 디바이더와 어느 방향으로든 자유롭게 움직일 수 있는 4개의 멀티 휠이 특징입니다.,,약 23 x 38 x 55 센티미터,"트롤리 핸들 드롭: 45cm, 사이드 핸들 드롭: 3cm.",대한민국,집어넣을 수 있는 트롤리 핸들 | 옆면 가죽 손잡이 | MCM 로고 플레이트 | 전면 지퍼 수납공간 | 가죽으로 감싼 모서리 | 양방향 지퍼 클로저 | 내부 지퍼 수납공간 | 다방향 멀티 휠 4개 | 탈부착 가능한 가죽 러기지 행택 및 금속 자물쇠와 열쇠 | 비세토스 모노그램 캔버스 | 블랙 나파 가죽 트림 | 매트 블랙 메탈 하드웨어. | 옥스포드 나일론 안감,54cm / 21.3인치,https://images.mcmworldwide.com/i/mcmworldwide/MMVDSTT02BK001_01?sw=600 | https://images.mcmworldwide.com/i/mcmworldwide/MMVDSTT02BK001_09?sw=600 | https://images.mcmworldwide.com/i/mcmworldwide/MMVDSTT02BK001_02?sw=600 | https://images.mcmworldwide.com/i/mcmworldwide/MMVDSTT02BK001_03?sw=600 | https://images.mcmworldwide.com/i/mcmworldwide/MMVDSTT02BK001_04?sw=600 | https://images.mcmworldwide.com/i/mcmworldwide/MMVDSTT02BK001_10?sw=600 | https://images.mcmworldwide.com/i/mcmworldwide/MMVDSTT02BK001_11?sw=600,https://kr.mcmworldwide.com/ko_KR/트래블/트롤리-더플백/ottomar-비세토스-트롤리/MMVDSTT02BK001.html,클래식
MMVFSTT04VC001,Ottomar 맥시 모노그램 레더 위켄더 백,2050000,Blue,WOMEN,BAG,OutOfStock,엠보스드 맥시 모노그램이 돋보이는 천연 나파 가죽 위켄더 백,전설적인 여행의 동반자가 완벽한 기내용 백으로 변신했습니다. 비세토스 모노그램을 엠보싱 처리를 한 천연 나파 가죽을 사용하여 뮌헨 하우스의 정체성이 더해진 스몰사이즈 Ottomar 위켄더. 가죽 행 태그와 열쇠가 달린 가죽 커버 메탈 패드락이 장인의 손길로 완성된 여행용 가방과 함께 제공됩니다.,바디: 천연 나파 가죽,약 18 x 41 x 26 센티미터,"스트랩 길이: 81cm~137cm, 핸들 길이: 12cm",대한민국,탈착 및 조절 가능한 헤링본 웨빙 스트랩 | 가죽 손잡이 부분 | 엠보스드 맥시 모노그램 | 탈부착 가능한 가죽 행택 및 금속 자물쇠와 열쇠 | 양방향 지퍼 클로저 | 내부 포켓 및 지퍼 수납공간 | 보호용 메탈 피트 | 실버톤 코발트 금속 장식 | 스웨이드 마감 마이크로파이버 안감,41cm / 16.14인치,https://images.mcmworldwide.com/i/mcmworldwide/MMVFSTT04VC001_01?sw=600 | https://images.mcmworldwide.com/i/mcmworldwide/MMVFSTT04VC001_09?sw=600 | https://images.mcmworldwide.com/i/mcmworldwide/MMVFSTT04VC001_02?sw=600 | https://images.mcmworldwide.com/i/mcmworldwide/MMVFSTT04VC001_03?sw=600 | https://images.mcmworldwide.com/i/mcmworldwide/MMVFSTT04VC001_04?sw=600 | https://images.mcmworldwide.com/i/mcmworldwide/MMVFSTT04VC001_10?sw=600,https://kr.mcmworldwide.com/ko_KR/트래블/러기지-백/ottomar-맥시-모노그램-레더-위켄더-백/MMVFSTT04VC001.html,클래식
MMVGATT01BK001,Ottomar 비세토스 위켄더,1750000,Black,WOMEN,BAG,InStock,나파 가죽 트림이 더해진 비세토스 모노그램 캔버스 위켄더 백,"여행을 위한 아이코닉한 동반자를 완벽한 기내용 사이즈로 재해석한 Ottomar 스몰 위켄더 백. 클래식 비세토스 소재로 완성되었으며, 가죽 행 태그와 키가 포함된 가죽 커버 메탈 패드락 디테일이 돋보입니다.",바디:비세토스 모노그램 캔버스 | 트림: 나파 가죽,약 17 x 41 x 26 센티미터,"스트랩 길이: 72cm - 127cm, 핸들 길이 12cm",대한민국,탈부착이 가능하며 길이 조절이 가능한 위빙 스트랩 | 가죽 탑 핸들 | 탈부착 가능한 가죽 러기지 태그와 가죽 커버가 더해진 열쇠가 있는 패드락 | 뒷면 외부 가죽 트롤리 슬리브 | 로고 브라스 플레이트 | 양방향 확장형 지퍼 클로저 | 내부 포켓과 지퍼 포켓 | Protective metal feet | 다크 메탈 하드웨어 | 스웨이드 마감의 극세사 안감,41cm / 16.14인치 | 45cm / 17.7인치 | 50.5cm / 19.9인치 | 55cm / 22인치,https://images.mcmworldwide.com/i/mcmworldwide/MMVGATT01BK001_01?sw=600 | https://images.mcmworldwide.com/i/mcmworldwide/MMVGATT01BK001_09?sw=600 | https://images.mcmworldwide.com/i/mcmworldwide/MMVGATT01BK001_02?sw=600 | https://images.mcmworldwide.com/i/mcmworldwide/MMVGATT01BK001_03?sw=600 | https://images.mcmworldwide.com/i/mcmworldwide/MMVGATT01BK001_04?sw=600 | https://images.mcmworldwide.com/i/mcmworldwide/MMVGATT01BK001_05?sw=600 | https://images.mcmworldwide.com/i/mcmworldwide/MMVGATT01BK001_10?sw=600,https://kr.mcmworldwide.com/ko_KR/트래블/러기지-백/ottomar-비세토스-위켄더/MMVGATT01BK001.html,클래식
MMVGATT024B001,Ottomar 맥시 비세토스 위켄더,1750000,Brown,WOMEN,BAG,InStock,나파 가죽 트림이 더해진 맥시 비세토스 모노그램 캔버스 위켄더 백,"여행의 아이콘이 한층 더 강렬하게 진화했습니다. 스몰 Ottomar 위켄더 백은 시즌 시나몬 컬러의 맥시멀 Visetos 모노그램으로 새롭게 강조되었으며, 가죽 행 태그와 키가 포함된 가죽 커버 메탈 패드락 등 전반에 걸쳐 나파 레더 디테일이 더해져 세련된 완성도를 선사합니다.",바디: 맥시 비세토스 모노그램 캔버스,약 17 x 41 x 26 센티미터,"스트랩 길이: 72cm - 127cm, 핸들 길이 12cm",대한민국,탈부착이 가능하며 길이 조절이 가능한 헤링본 웨빙 스트랩 | 가죽 탑 핸들 | 탈착 가능한 가죽 태그와 아이코닉한 메탈 자물쇠와 키 | 양방향 지퍼 클로저 | Interior pocket and zip compartment | Rear exterior leather trolley sleeve | Protective metal feet | 레더 트림 | 24K 골드 도금 브라스 하드웨어 | 스웨이드 마감의 극세사 안감,41cm / 16.14인치,https://images.mcmworldwide.com/i/mcmworldwide/MMVGATT024B001_01?sw=600 | https://images.mcmworldwide.com/i/mcmworldwide/MMVGATT024B001_09?sw=600 | https://images.mcmworldwide.com/i/mcmworldwide/MMVGATT024B001_02?sw=600 | https://images.mcmworldwide.com/i/mcmworldwide/MMVGATT024B001_03?sw=600 | https://images.mcmworldwide.com/i/mcmworldwide/MMVGATT024B001_05?sw=600 | https://images.mcmworldwide.com/i/mcmworldwide/MMVGATT024B001_10?sw=600 | https://images.mcmworldwide.com/i/mcmworldwide/MMVGATT024B001_11?sw=600 | https://images.mcmworldwide.com/i/mcmworldwide/MMVGATT024B001_12?sw=600,https://kr.mcmworldwide.com/ko_KR/트래블/러기지-백/ottomar-맥시-비세토스-위켄더/MMVGATT024B001.html,클래식
MMVDSTT02CO001,Ottomar 비세토스 트롤리,2750000,Cognac,WOMEN,BAG,OutOfStock,나파 가죽 트림이 돋보이는 기내용 스몰 비세토스 트롤리,뮌헨 황금기의 레거시 실루엣으로 새로운 세대의 여행자에게 영감을 선사하는 시그니처 스몰 트롤리입니다. 아카이브 트렁크에서 가져온 블랙 나파 가죽 모서리로 클래식 비세토스 캔버스 바디를 장식했습니다. 가죽 사이드 핸들과 집어넣을 수 있는 상단 핸들이 있으며 내부 디바이더와 어느 방향으로든 자유롭게 움직일 수 있는 4개의 멀티 휠이 특징입니다.,,약 23 x 38 x 55 센티미터,"트롤리 핸들 드롭: 45cm, 사이드 핸들 드롭: 3cm.",대한민국,집어넣을 수 있는 트롤리 핸들 | 옆면 가죽 손잡이 | MCM 로고 플레이트 | 전면 지퍼 수납공간 | 가죽으로 감싼 모서리 | 양방향 지퍼 클로저 | 내부 지퍼 수납공간 | 다방향 멀티 휠 4개 | 탈부착 가능한 가죽 러기지 행택 및 금속 자물쇠와 열쇠 | 비세토스 모노그램 캔버스 | 블랙 나파 가죽 트림 | 매트 블랙 메탈 하드웨어. | 옥스포드 나일론 안감,54cm / 21.3인치,https://images.mcmworldwide.com/i/mcmworldwide/MMVDSTT02CO001_01?sw=600 | https://images.mcmworldwide.com/i/mcmworldwide/MMVDSTT02CO001_09?sw=600 | https://images.mcmworldwide.com/i/mcmworldwide/MMVDSTT02CO001_02?sw=600 | https://images.mcmworldwide.com/i/mcmworldwide/MMVDSTT02CO001_03?sw=600 | https://images.mcmworldwide.com/i/mcmworldwide/MMVDSTT02CO001_04?sw=600 | https://images.mcmworldwide.com/i/mcmworldwide/MMVDSTT02CO001_10?sw=600 | https://images.mcmworldwide.com/i/mcmworldwide/MMVDSTT02CO001_11?sw=600,https://kr.mcmworldwide.com/ko_KR/트래블/트롤리-더플백/ottomar-비세토스-트롤리/MMVDSTT02CO001.html,클래식
MMVGATT03CO001,Ottomar 디스코 비세토스 위켄더,2250000,Cognac,WOMEN,BAG,InStock,"비세토스 모노그램 캔버스에 'MCM Disco' 모티프, 나파 가죽 트리밍, 가죽 행태그와 키가 포함된 메탈 락을 더한 위켄더 백","뮌헨 하우스의 러기지 제작 헤리티지를 대표하는 아이코닉한 여행 동반자인 Ottomar(오토마) 위켄더 백은 장거리 여행부터 짧은 운동 여행까지 활용 가능한 이상적인 사이즈로 완성되었습니다. 시그니처 비세토스 모노그램 위에 ‘MCM Disco’ 아트워크를 더해 뮌헨 황금기의 음악과 문화를 표현했으며, 오렌지 나파 가죽 디테일에는 가죽 커버 행태그와 열쇠가 포함된 패드락을 더해 완성했습니다.",바디:비세토스 모노그램 캔버스 | 트림: 나파 가죽,약 23 x 51 x 29 센티미터,"스트랩 길이: 75cm - 132cm, 핸들 드롭: 13.5cm",대한민국,탈착이 가능하며 길이 조절이 가능한 패브칙 웨빙 스트랩 | 가죽 탑 핸들 | 로고 브라스 플레이트 | 자물쇠와 키가 달린 탈착 가능한 가죽 행 태그 | 양방향 지퍼 클로저 | 내부 포켓과 지퍼 수납 공간 | 캐리어 손잡이에 끼울 수 있는 밴드 | 가방 바닥 보호에 도움을 주는 메탈 피트 | 24K 골드 도금 브라스 하드웨어 | 코튼 트윌 안감,50.5cm / 19.9인치,https://images.mcmworldwide.com/i/mcmworldwide/MMVGATT03CO001_01?sw=600 | https://images.mcmworldwide.com/i/mcmworldwide/MMVGATT03CO001_09?sw=600 | https://images.mcmworldwide.com/i/mcmworldwide/MMVGATT03CO001_02?sw=600 | https://images.mcmworldwide.com/i/mcmworldwide/MMVGATT03CO001_03?sw=600 | https://images.mcmworldwide.com/i/mcmworldwide/MMVGATT03CO001_04?sw=600 | https://images.mcmworldwide.com/i/mcmworldwide/MMVGATT03CO001_05?sw=600 | https://images.mcmworldwide.com/i/mcmworldwide/MMVGATT03CO001_10?sw=600,https://kr.mcmworldwide.com/ko_KR/트래블/러기지-백/ottomar-디스코-비세토스-위켄더/MMVGATT03CO001.html,럭셔리
MMVGSTT02L8001,Ottomar 그라데이션 비세토스 위켄더,2050000,Blue,WOMEN,BAG,InStock,그라데이션 모티프에 천연 가죽 트림이 더해진 비세토스 모노그램 캔버스 위켄더 백,"시그니처 비세토스 모노그램 위에 세 가지 컬러가 이루어내는 강렬한 그러데이션이 예술적인 감각을 완성합니다. Ottomar 위켄더 백은 블루 가죽 포인트, 가죽 행택, 가죽 커버 패드락 등 뮌헨 하우스의 장인정신이 깃든 디테일로 완성되었습니다.",바디:비세토스 모노그램 캔버스 | 트림:천연 가죽,약 20 x 45 x 27 센티미터,"스트랩 길이: 75cm - 132cm, 핸들 드롭: 13cm",대한민국,탈착이 가능하며 길이 조절이 가능한 패브칙 웨빙 스트랩 | 가죽 탑 핸들 | 그라데이션 효과 | 키가 포함된 메탈 자물쇠와 탈부착 가능한 가죽 커버 행택 | 양방향 지퍼 클로저 | 내부 포켓과 지퍼 수납 공간 | 캐리어 손잡이에 끼울 수 있는 밴드 | 가방 바닥 보호에 도움을 주는 메탈 피트 | 실버톤 코발트 메탈 하드웨어 | 스웨이드 마감의 극세사 안감,45cm / 17.7인치,https://images.mcmworldwide.com/i/mcmworldwide/MMVGSTT02L8001_01?sw=600 | https://images.mcmworldwide.com/i/mcmworldwide/MMVGSTT02L8001_09?sw=600 | https://images.mcmworldwide.com/i/mcmworldwide/MMVGSTT02L8001_02?sw=600 | https://images.mcmworldwide.com/i/mcmworldwide/MMVGSTT02L8001_03?sw=600 | https://images.mcmworldwide.com/i/mcmworldwide/MMVGSTT02L8001_04?sw=600 | https://images.mcmworldwide.com/i/mcmworldwide/MMVGSTT02L8001_05?sw=600 | https://images.mcmworldwide.com/i/mcmworldwide/MMVGSTT02L8001_10?sw=600 | https://images.mcmworldwide.com/i/mcmworldwide/MMVGSTT02L8001_11?sw=600,https://kr.mcmworldwide.com/ko_KR/트래블/러기지-백/ottomar-그라데이션-비세토스-위켄더/MMVGSTT02L8001.html,럭셔리
MMVGATT01CO001,Ottomar 비세토스 위켄더,1750000,Cognac,WOMEN,BAG,InStock,나파 가죽 트림이 더해진 비세토스 모노그램 캔버스 위켄더 백,"여행을 위한 아이코닉한 동반자를 완벽한 기내용 사이즈로 재해석한 Ottomar 스몰 위켄더 백. 클래식 비세토스 소재로 완성되었으며, 가죽 행 태그와 키가 포함된 가죽 커버 메탈 패드락 디테일이 돋보입니다.",바디:비세토스 모노그램 캔버스 | 트림: 나파 가죽,약 17 x 41 x 26 센티미터,"스트랩 길이: 72cm - 127cm, 핸들 길이 12cm",대한민국,탈부착이 가능하며 길이 조절이 가능한 위빙 스트랩 | 가죽 탑 핸들 | 탈부착 가능한 가죽 러기지 태그와 가죽 커버가 더해진 열쇠가 있는 패드락 | 뒷면 외부 가죽 트롤리 슬리브 | 로고 브라스 플레이트 | 양방향 확장형 지퍼 클로저 | 내부 포켓과 지퍼 포켓 | Protective metal feet | 24K 골드 도금 브라스 하드웨어 | 스웨이드 마감의 극세사 안감,41cm / 16.14인치 | 45cm / 17.7인치 | 50.5cm / 19.9인치 | 55cm / 22인치,https://images.mcmworldwide.com/i/mcmworldwide/MMVGATT01CO001_01?sw=600 | https://images.mcmworldwide.com/i/mcmworldwide/MMVGATT01CO001_09?sw=600 | https://images.mcmworldwide.com/i/mcmworldwide/MMVGATT01CO001_02?sw=600 | https://images.mcmworldwide.com/i/mcmworldwide/MMVGATT01CO001_03?sw=600 | https://images.mcmworldwide.com/i/mcmworldwide/MMVGATT01CO001_04?sw=600 | https://images.mcmworldwide.com/i/mcmworldwide/MMVGATT01CO001_05?sw=600 | https://images.mcmworldwide.com/i/mcmworldwide/MMVGATT01CO001_10?sw=600 | https://images.mcmworldwide.com/i/mcmworldwide/MMVGATT01CO001_11?sw=600,https://kr.mcmworldwide.com/ko_KR/트래블/러기지-백/ottomar-비세토스-위켄더/MMVGATT01CO001.html,클래식
MMVGSTT04BK001,Ottomar 비세토스 캐빈 트롤리,3550000,Black,WOMEN,BAG,InStock,가죽 트림이 더해진 비세토스 모노그램 캔버스 캐빈 트롤리,블랙 비세토스 캔버스로 완성된 Ottomar 캐빈 트롤리는 현대적인 시각으로 러기지 장인정신을 새롭게 조명합니다. 비세토스 캔버스와 천연 가죽을 정교하게 조합해 완성한 모노그램 실루엣은 외부 노트북 포켓과 체계적으로 구성된 내부 수납공간을 갖춰 최상의 실용성을 제공합니다.,바디:비세토스 모노그램 캔버스,약 23 x 38 x 56 센티미터,,이탈리아,높이 조절 가능한 트롤리 손잡이 | 상단 및 옆면 가죽 손잡이 | 랩탑과 디바이스를 위한 앞면 지퍼 포켓 | 양방향 지퍼 클로저 | 내부 지퍼 수납공간과 다이아몬드 로고 레더 패치 | 내부 스트랩 잠금 장치 | 레더 트림 | 메탈 하드웨어 | 나일론 안감,S,https://images.mcmworldwide.com/i/mcmworldwide/MMVGSTT04BK001_01?sw=600 | https://images.mcmworldwide.com/i/mcmworldwide/MMVGSTT04BK001_09?sw=600 | https://images.mcmworldwide.com/i/mcmworldwide/MMVGSTT04BK001_02?sw=600 | https://images.mcmworldwide.com/i/mcmworldwide/MMVGSTT04BK001_03?sw=600 | https://images.mcmworldwide.com/i/mcmworldwide/MMVGSTT04BK001_04?sw=600 | https://images.mcmworldwide.com/i/mcmworldwide/MMVGSTT04BK001_05?sw=600 | https://images.mcmworldwide.com/i/mcmworldwide/MMVGSTT04BK001_06?sw=600 | https://images.mcmworldwide.com/i/mcmworldwide/MMVGSTT04BK001_10?sw=600 | https://images.mcmworldwide.com/i/mcmworldwide/MMVGSTT04BK001_12?sw=600,https://kr.mcmworldwide.com/ko_KR/트래블/트롤리-더플백/ottomar-비세토스-캐빈-트롤리/MMVGSTT04BK001.html,클래식
MXVFATT01CO001,Ottomar 비세토스 여권 지갑,430000,Cognac,WOMEN,ACCESSORY,InStock,천연 가죽 트림이 더해진 비세토스 모노그램 캔버스 패스포트 홀더,현대적 글로벌 노마드를 위해 제작된 이 클래식한 코냑 패스포트 홀더는 뮌헨 하우스의 '여행'에 대한 정신을 보여줍니다. 내부는 여행에 필요한 서류와 재정 관리를 위한 소지품을 효율적으로 수납할 수 있는 부드러운 가죽으로 제작되었습니다.,바디:비세토스 모노그램 캔버스 | 트림:천연 가죽,약 2 x 10 x 15 센티미터,,대한민국,패스포트 슬리브 | 4개의 카드 슬롯 | 지퍼 수납 공간 | 지폐 수납 공간 | 내부 포켓 | 24K 골드 도금 브라스 하드웨어 | 패브릭 안감,프리 사이즈,https://images.mcmworldwide.com/i/mcmworldwide/MXVFATT01CO001_01?sw=600 | https://images.mcmworldwide.com/i/mcmworldwide/MXVFATT01CO001_03?sw=600 | https://images.mcmworldwide.com/i/mcmworldwide/MXVFATT01CO001_04?sw=600,https://kr.mcmworldwide.com/ko_KR/트래블/트래블-액세서리/ottomar-비세토스-여권-지갑/MXVFATT01CO001.html,캐주얼
MMVGSTT03BK001,Ottomar 비세토스 가먼트 백,2150000,Black,WOMEN,BAG,InStock,레더 커버 락과 천연 가죽 트림이 더해진 비세토스 모노그램 캔버스 가먼트 백,"시그니처 비세토스 캔버스로 완성된 가먼트 백으로, 트윈으로 구성된 지퍼 수납공간을 통해 효율적인 정리와 보관이 가능합니다. 카우하이드 레더 디테일이 고급스러움을 더하며, 후면 외부 트롤리 슬리브로 여행 가방과 연결해 편리하게 휴대할 수 있습니다.",바디:비세토스 모노그램 캔버스 | 트림:천연 가죽,약 20 x 45 x 31 센티미터,"스트랩 길이: 120 cm - 131 cm , 핸들 드롭: 15 cm",이탈리아,탈부착이 가능하며 길이 조절이 가능한 헤링본 웨빙 스트랩 | 가죽 핸들 | 뒷면 외부 트롤리 슬리브 | 앞면 및 뒷면 지퍼 수납공간 | 내부 스트랩 잠금 장치 | 다크 메탈 하드웨어 | 코튼 안감,M,https://images.mcmworldwide.com/i/mcmworldwide/MMVGSTT03BK001_01?sw=600 | https://images.mcmworldwide.com/i/mcmworldwide/MMVGSTT03BK001_09?sw=600 | https://images.mcmworldwide.com/i/mcmworldwide/MMVGSTT03BK001_02?sw=600 | https://images.mcmworldwide.com/i/mcmworldwide/MMVGSTT03BK001_03?sw=600 | https://images.mcmworldwide.com/i/mcmworldwide/MMVGSTT03BK001_04?sw=600 | https://images.mcmworldwide.com/i/mcmworldwide/MMVGSTT03BK001_05?sw=600 | https://images.mcmworldwide.com/i/mcmworldwide/MMVGSTT03BK001_10?sw=600 | https://images.mcmworldwide.com/i/mcmworldwide/MMVGSTT03BK001_11?sw=600,https://kr.mcmworldwide.com/ko_KR/트래블/러기지-백/ottomar-비세토스-가먼트-백/MMVGSTT03BK001.html,클래식
MMVGSTT04CO001,Ottomar 비세토스 캐빈 트롤리,3550000,Cognac,WOMEN,BAG,InStock,천연 가죽 트림이 더해진 비세토스 모노그램 캔버스 캐빈 트롤리,클래식한 코냑 컬러로 완성된 Ottomar 캐빈 트롤리는 현대적인 시각으로 러기지 장인정신을 새롭게 조명합니다. 비세토스 캔버스와 천연 가죽을 정교하게 조합해 완성한 모노그램 실루엣은 외부 노트북 포켓과 체계적으로 구성된 내부 수납공간을 갖춰 최상의 실용성을 제공합니다.,바디:비세토스 모노그램 캔버스 | 트림:천연 가죽,약 23 x 38 x 56 센티미터,,이탈리아,높이 조절 가능한 트롤리 손잡이 | 탑 핸들과 사이드 핸들 | 랩탑과 디바이스를 위한 앞면 지퍼 포켓 | 양방향 지퍼 클로저 | 내부 지퍼 수납공간과 다이아몬드 로고 레더 패치 | 내부 스트랩 잠금 장치 | 24K 골드 도금 메탈 하드웨어 | 나일론 안감,S,https://images.mcmworldwide.com/i/mcmworldwide/MMVGSTT04CO001_01?sw=600 | https://images.mcmworldwide.com/i/mcmworldwide/MMVGSTT04CO001_09?sw=600 | https://images.mcmworldwide.com/i/mcmworldwide/MMVGSTT04CO001_02?sw=600 | https://images.mcmworldwide.com/i/mcmworldwide/MMVGSTT04CO001_03?sw=600 | https://images.mcmworldwide.com/i/mcmworldwide/MMVGSTT04CO001_04?sw=600 | https://images.mcmworldwide.com/i/mcmworldwide/MMVGSTT04CO001_05?sw=600 | https://images.mcmworldwide.com/i/mcmworldwide/MMVGSTT04CO001_07?sw=600 | https://images.mcmworldwide.com/i/mcmworldwide/MMVGSTT04CO001_10?sw=600,https://kr.mcmworldwide.com/ko_KR/트래블/트롤리-더플백/ottomar-비세토스-캐빈-트롤리/MMVGSTT04CO001.html,클래식
MXZESTT03BK001,Ottomar 비세토스 트래블 케이스,590000,Black,MEN,ACCESSORY,InStock,뮌헨에서 탄생한 하우스의 제트 세터 헤리티지를 구현한 모노그램 트래블 케이스입니다.,여행 필수 아이템과 서류 및 기기를 수납할 수 있도록 정교하게 제작했습니다. 천연 나파 가죽 액센트와 마이크로파이버 스웨이드 소재의 내부로 세련된 아이템을 완성했습니다.,바디: 비세토스 모노그램 캔버스 | 트림: 천연 나파 가죽,약 20 x 30 x 10 센티미터,,대한민국,양방향 지퍼 클로저 | 앤틱 실버톤 금속 장식 | 스웨이드 마감 마이크로파이버 안감,S | M,https://images.mcmworldwide.com/i/mcmworldwide/MXZESTT03BK001_01?sw=600 | https://images.mcmworldwide.com/i/mcmworldwide/MXZESTT03BK001_02?sw=600 | https://images.mcmworldwide.com/i/mcmworldwide/MXZESTT03BK001_03?sw=600 | https://images.mcmworldwide.com/i/mcmworldwide/MXZESTT03BK001_04?sw=600,https://kr.mcmworldwide.com/ko_KR/트래블/트래블-액세서리/ottomar-비세토스-트래블-케이스/MXZESTT03BK001.html,클래식
MXZESTT03CO001,Ottomar 비세토스 트래블 케이스,590000,Cognac,MEN,ACCESSORY,InStock,하우스의 제트세터 DNA를 담은 모노그램 트래블 케이스입니다.,장인의 솜씨로 제작된 클래식 코냑 비세토스 액세서리에 여행 필수 아이템과 서류 및 전자기기를 보관할 수 있습니다. 천연 나파 가죽으로 포인트를 더했으며 도금 금속 장식으로 고급스러움을 더했습니다.,바디: 비세토스 모노그램 캔버스 | 트림: 나파 가죽,약 20 x 30 x 10 센티미터,,대한민국,양방향 지퍼 클로저 | 24K 도금 브라스 금속 장식 | 스웨이드 마감 마이크로파이버 안감,S | M,https://images.mcmworldwide.com/i/mcmworldwide/MXZESTT03CO001_01?sw=600 | https://images.mcmworldwide.com/i/mcmworldwide/MXZESTT03CO001_02?sw=600 | https://images.mcmworldwide.com/i/mcmworldwide/MXZESTT03CO001_03?sw=600 | https://images.mcmworldwide.com/i/mcmworldwide/MXZESTT03CO001_04?sw=600,https://kr.mcmworldwide.com/ko_KR/트래블/트래블-액세서리/ottomar-비세토스-트래블-케이스/MXZESTT03CO001.html,클래식
MXVFATT01BK001,Ottomar 비세토스 여권 지갑,430000,Black,WOMEN,ACCESSORY,InStock,천연 가죽 트리밍이 더해진 비세토스 모노그램 캔버스 여권 지갑,"모던 글로벌 노마드를 위해 제작된 Ottomar 여권 케이스. 뮌헨 하우스의 제트셋 라이프스타일을 완벽하게 담고 있습니다. 부드러운 가죽으로 제작된 내부는 여행 서류와 화폐, 카드를 효율적으로 수납할 수 있는 공간을 제공합니다.",바디:비세토스 모노그램 캔버스 | 트림:천연 가죽,약 2 x 10 x 15 센티미터,,대한민국,패스포트 슬리브 | 카드 슬롯 | 지퍼 수납 공간 | 지폐 수납 공간 | 내부 포켓 | 실버톤 코발트 브라스 하드웨어 | 패브릭 안감(카드 슬롯),프리 사이즈,https://images.mcmworldwide.com/i/mcmworldwide/MXVFATT01BK001_01?sw=600 | https://images.mcmworldwide.com/i/mcmworldwide/MXVFATT01BK001_03?sw=600 | https://images.mcmworldwide.com/i/mcmworldwide/MXVFATT01BK001_04?sw=600,https://kr.mcmworldwide.com/ko_KR/트래블/트래블-액세서리/ottomar-비세토스-여권-지갑/MXVFATT01BK001.html,미니멀
MXZESTT02BK001,Ottomar 비세토스 트래블 케이스,510000,Black,MEN,ACCESSORY,OutOfStock,뮌헨에서 탄생한 하우스의 제트 세터 헤리티지를 구현한 모노그램 트래블 케이스입니다.,여행 필수 아이템과 서류를 수납할 수 있도록 정교하게 제작했습니다. 천연 나파 가죽 액센트와 마이크로파이버 스웨이드 소재의 내부로 세련된 아이템을 완성했습니다.,바디: 비세토스 모노그램 캔버스 | 트림: 천연 나파 가죽,약 15 x 20 x 10 센티미터,,대한민국,양방향 지퍼 클로저 | 앤틱 실버톤 금속 장식 | 스웨이드 마감 마이크로파이버 안감,S | M,https://images.mcmworldwide.com/i/mcmworldwide/MXZESTT02BK001_01?sw=600 | https://images.mcmworldwide.com/i/mcmworldwide/MXZESTT02BK001_02?sw=600 | https://images.mcmworldwide.com/i/mcmworldwide/MXZESTT02BK001_03?sw=600 | https://images.mcmworldwide.com/i/mcmworldwide/MXZESTT02BK001_04?sw=600,https://kr.mcmworldwide.com/ko_KR/트래블/트래블-액세서리/ottomar-비세토스-트래블-케이스/MXZESTT02BK001.html,클래식
MXZESTT06BK001,Ottomar 비세토스 토일레트리 백,930000,Black,MEN,ACCESSORY,InStock,나파 레더 트리밍의 비세토스 토일레트리 백,양방향 사선 지퍼 클로저로 되어있어 화장품 및 셀프케어 필수 아이템을 더욱 효율적으로 수납할 수 있는 클래식한 트래블 액세서리입니다.,바디: 비세토스 모노그램 캔버스 | 트림: 천연 나파 가죽,약 14 x 26 x 14 센티미터,핸들 드롭: 4cm,대한민국,레더 손잡이 부분 | 양방향 사선 지퍼 클로저 | 중앙 지퍼 포켓 | 수납공간이 나눠진 내부와 포켓 | 앤틱 실버톤 금속 장식 | 스웨이드 마감 마이크로파이버 안감,M,https://images.mcmworldwide.com/i/mcmworldwide/MXZESTT06BK001_01?sw=600 | https://images.mcmworldwide.com/i/mcmworldwide/MXZESTT06BK001_02?sw=600 | https://images.mcmworldwide.com/i/mcmworldwide/MXZESTT06BK001_03?sw=600 | https://images.mcmworldwide.com/i/mcmworldwide/MXZESTT06BK001_04?sw=600,https://kr.mcmworldwide.com/ko_KR/트래블/트래블-액세서리/ottomar-비세토스-토일레트리-백/MXZESTT06BK001.html,클래식
MXZFATT07CO001,Ottomar 비세토스 러기지 택,145000,Cognac,MEN,ACCESSORY,InStock,로고 브라스 플레이트와 천연 가죽 트림이 더해진 비세토스 모노그램 캔버스 여행용 러기지 태그,뮌헨 하우스의 헤리티지를 상징하는 아이코닉한 24K 골드 도금 브라스 플레이트가 시그니처 비세토스 모노그램 위에 장식된 러기지 택 입니다. 버클 스트랩과 천연 가죽 디테일이있어 러기지에 세련된 포이트를 더할 수 있습니다.,바디:비세토스 모노그램 캔버스 | 트림:천연 가죽,약 0 x 8 x 13 센티미터,스트랩 길이: 11 cm,대한민국,탈부착이 가능하며 길이 조절이 가능한 가죽 스트랩 | 로고 브라스 플레이트 | 뒷면 ID 창 | 24K 골드 도금 브라스 하드웨어,프리 사이즈,https://images.mcmworldwide.com/i/mcmworldwide/MXZFATT07CO001_01?sw=600 | https://images.mcmworldwide.com/i/mcmworldwide/MXZFATT07CO001_04?sw=600,https://kr.mcmworldwide.com/ko_KR/트래블/트래블-액세서리/ottomar-비세토스-러기지-택/MXZFATT07CO001.html,미니멀
MXZFATT02CO001,Ottomar 비세토스 토일레트리 백,790000,Cognac,MEN,ACCESSORY,InStock,나파 레더 트리밍의 비세토스 모노그램 캔버스 토일레트리 백,"이 클래식한 코냑 컬러 액세서리는 양방향 앵글 지퍼 클로저로 잠금되어 있으며, 세련된 나일론 내부는 뷰티 및 여행 필수품을 고급스럽게 수납할 수 있도록 여러 개의 구획으로 나뉘어 있습니다.",바디:비세토스 모노그램 캔버스 | 트림:천연 가죽,약 10 x 20 x 11 센티미터,,대한민국,가죽 탑 핸들 | 양방향으로 여닫을 수 있는 사선 지퍼 클로저 | 중앙 지퍼 포켓 | 내부 슬립 포켓 | 구획된 내부 수납공간 | 24K 골드 도금 브라스 하드웨어 | 나일론 안감 | 핸들 길이: 4 cm,M | S,https://images.mcmworldwide.com/i/mcmworldwide/MXZFATT02CO001_01?sw=600 | https://images.mcmworldwide.com/i/mcmworldwide/MXZFATT02CO001_02?sw=600 | https://images.mcmworldwide.com/i/mcmworldwide/MXZFATT02CO001_03?sw=600 | https://images.mcmworldwide.com/i/mcmworldwide/MXZFATT02CO001_04?sw=600,https://kr.mcmworldwide.com/ko_KR/트래블/트래블-액세서리/ottomar-비세토스-토일레트리-백/MXZFATT02CO001.html,클래식
MXZGATT014B001,Ottomar 맥시 비세토스 토일레트리 백,930000,Brown,MEN,ACCESSORY,OutOfStock,나파 레더 트리밍의 맥시 비세토스 모노그램 캔버스 토일레트리 백,"이번 시즌의 시나몬 컬러로 생동감을 더한 Ottomar 토일러리 백. 시그니처 비세토스 모노그램을 극대화 하여 표현한 정교한 액세서리입니다. 각진 양방향 지퍼 클로저로 여닫을 수 있으며, 매우 부드러운 마이크로파이버 스웨이드 내부는 뷰티 아이템과 여행 필수품을 수납하기 좋게 구분되어 있습니다.",바디: 맥시 비세토스 모노그램 캔버스,약 14 x 26 x 14 센티미터,핸들 드롭: 4 cm,대한민국,가죽 탑 핸들 | 양방향으로 여닫을 수 있는 사선 지퍼 클로저 | 내부 엘라스틱 포켓과 지퍼 수납공간 | 구획된 내부 수납공간 | 레더 트림 | 24K 골드 도금 브라스 하드웨어 | 스웨이드 마감의 극세사 안감,M | S,https://images.mcmworldwide.com/i/mcmworldwide/MXZGATT014B001_01?sw=600 | https://images.mcmworldwide.com/i/mcmworldwide/MXZGATT014B001_02?sw=600 | https://images.mcmworldwide.com/i/mcmworldwide/MXZGATT014B001_03?sw=600 | https://images.mcmworldwide.com/i/mcmworldwide/MXZGATT014B001_04?sw=600 | https://images.mcmworldwide.com/i/mcmworldwide/MXZGATT014B001_05?sw=600 | https://images.mcmworldwide.com/i/mcmworldwide/MXZGATT014B001_06?sw=600,https://kr.mcmworldwide.com/ko_KR/트래블/트래블-액세서리/ottomar-맥시-비세토스-토일레트리-백/MXZGATT014B001.html,클래식
MXBAAVI04BK001,"비세토스 클라우스 M 비세토스 리버서블 벨트 1.5""",450000,Black,MEN,ACCESSORY,OutOfStock,활용도와 기능성이 뛰어나 어떤 룩에도 잘 어울립니다.,"클라우스 리버서블 벨트의 한쪽 면은 시그니처 모노그램 코티드 캔버스로, 다른 면은 솔리드 레더로 제작했습니다. 아이코닉한 “M” 버클은 탈착이 가능하므로 스트랩을 잘라 원하는 길이로 조절할 수 있습니다.",,,,대한민국,길이 조절 가능. | 나파 가죽 트림 | 웨이스트 사이즈: 120 | 24K 도금 금속 장식,잘라서 사이즈 조절,https://images.mcmworldwide.com/i/mcmworldwide/MXBAAVI04BK001_01?sw=600 | https://images.mcmworldwide.com/i/mcmworldwide/MXBAAVI04BK001_09?sw=600 | https://images.mcmworldwide.com/i/mcmworldwide/MXBAAVI04BK001_02?sw=600 | https://images.mcmworldwide.com/i/mcmworldwide/MXBAAVI04BK001_03?sw=600,"https://kr.mcmworldwide.com/ko_KR/sizable-belts-for-how-to-video/비세토스-클라우스-m-비세토스-리버서블-벨트-1.5""/MXBAAVI04BK001.html",클래식
MXZFSTT04CO001,Ottomar 비세토스 트래블 파우치,430000,Cognac,MEN,ACCESSORY,InStock,가죽 손목 스트랩과 천연 나파 가죽 트림이 돋보이는 비세토스 모노그램 트래블 파우치,"여행 관련 아이템을 세련되게 휴대할 수 있는 Ottomar 파우치는 여권, 스마트폰 및 필수 서류에 이상적입니다. 시그니처 비세토스와 천연 나파 가죽으로 제작된 이 미니 동반자는 큰 사이즈의 백 안에 넣거나 함께 제공되는 가죽 스트랩을 이용해 핸즈프리로 착용할 수 있습니다.",바디: 비세토스 모노그램 캔버스 | 트림: 천연 나파 가죽,약 2 x 18 x 12 센티미터,스트랩 길이: 22cm,대한민국,탈부착 가능한 가죽 손목 손잡이 스트랩 | 지퍼 클로저 | 내부 카드 슬롯 | 24K 도금 브라스 금속 장식 | 패브릭 안감.,미니,https://images.mcmworldwide.com/i/mcmworldwide/MXZFSTT04CO001_01?sw=600 | https://images.mcmworldwide.com/i/mcmworldwide/MXZFSTT04CO001_03?sw=600 | https://images.mcmworldwide.com/i/mcmworldwide/MXZFSTT04CO001_04?sw=600,https://kr.mcmworldwide.com/ko_KR/트래블/트래블-액세서리/ottomar-비세토스-트래블-파우치/MXZFSTT04CO001.html,캐주얼
MWTESAK02BK001,Diamond 엠보스드 레더,1850000,Black,WOMEN,BAG,InStock,바이에른 다이아몬드에서 영감을 받은 송아지 가죽 핸들이 있는 그레인 가죽 소재의 직사각형 토트백,"중간 크기 엠보싱 가죽으로 제작된 이 백은 바이에른 다이아몬드의 뚜렷한 형태감에서 영감을 받은 가죽 손잡이가 스페인산 송아지 가죽으로 완성되어 포인트를 더합니다. 직사각형 실루엣에는 깔끔한 마이크로화이버 스웨이드 안감이 더해졌으며, 조절 가능한 가죽 스트랩이 포함되어 편안하면서도 세련된 착용이 가능합니다.",바디: 엠보스드 가죽 | 트림: 나파 송아지 가죽,약 11 x 40 x 28 센티미터,"스트랩 길이: 113.5cm~124cm, 핸들 드롭: 5cm",대한민국,탈부착 및 조절 가능한 가죽 스트랩 | 송아지 가죽 핸들 | 전면에 MCM 로고 모티프. | 지퍼 클로저 | 내부 슬립 포켓 및 지퍼 포켓. | 24K 도금 브라스 금속 장식 | 스웨이드 마감 마이크로파이버 안감,M,https://images.mcmworldwide.com/i/mcmworldwide/MWTESAK02BK001_01?sw=600 | https://images.mcmworldwide.com/i/mcmworldwide/MWTESAK02BK001_09?sw=600 | https://images.mcmworldwide.com/i/mcmworldwide/MWTESAK02BK001_02?sw=600 | https://images.mcmworldwide.com/i/mcmworldwide/MWTESAK02BK001_03?sw=600 | https://images.mcmworldwide.com/i/mcmworldwide/MWTESAK02BK001_04?sw=600 | https://images.mcmworldwide.com/i/mcmworldwide/MWTESAK02BK001_10?sw=600,https://kr.mcmworldwide.com/ko_KR/여성/핸드백/모두보기/diamond--엠보스드-레더/MWTESAK02BK001.html,클래식
MMKGAVE08CO001,Stark 베베 부 골드 크리스탈 비세토스 백팩,1690000,Cognac,MEN,BAG,InStock,한층 더 특별한 존재감을 선사하는 스타크 패밀리의 가장 사이즈 백,골드 도금 스터드와 Swarovski® 크리스털이 코냑 컬러 비세토스 캔버스와 나파 가죽으로 제작된 Bebe Boo Stark 백팩을 더욱 특별하게 완성합니다. 탈부착 가능한 숄더 스트랩을 적용해 크로스바디 백 또는 숄더백으로 자유롭게 변형할 수 있어 다양한 스타일링이 가능합니다.,바디:비세토스 모노그램 캔버스 | 트림: 나파 가죽,약 9 x 17 x 21 센티미터,,대한민국,탈부착 가능하고 다양하게 변형이 가능한 가죽 숄더 스트랩 | 가죽 탑 핸들 | Swarovski® 크리스털 장식 | 로고 브라스 플레이트 | 앞면 지퍼 포켓 | 스터드 디테일이 있는 외부 포켓 | 지퍼 클로저 | 내부 카드 슬롯 | 24K 금 도금 브라스 스터드와 하드웨어 | 스웨이드 마감의 극세사 안감,엑스트라 미니,https://images.mcmworldwide.com/i/mcmworldwide/MMKGAVE08CO001_01?sw=600 | https://images.mcmworldwide.com/i/mcmworldwide/MMKGAVE08CO001_02?sw=600 | https://images.mcmworldwide.com/i/mcmworldwide/MMKGAVE08CO001_03?sw=600 | https://images.mcmworldwide.com/i/mcmworldwide/MMKGAVE08CO001_04?sw=600 | https://images.mcmworldwide.com/i/mcmworldwide/MMKGAVE08CO001_05?sw=600 | https://images.mcmworldwide.com/i/mcmworldwide/MMKGAVE08CO001_06?sw=600 | https://images.mcmworldwide.com/i/mcmworldwide/MMKGAVE08CO001_10?sw=600 | https://images.mcmworldwide.com/i/mcmworldwide/MMKGAVE08CO001_11?sw=600,https://kr.mcmworldwide.com/ko_KR/stark-베베-부-골드-크리스탈-비세토스-백팩/MMKGAVE08CO001.html,럭셔리
MWZFSAK04CO001,비세토스 레더 믹스 다이아몬드 3D 벨트 백,1250000,Cognac,WOMEN,BAG,InStock,스페인산 송아지 가죽 트림이 있는 비세토스 모노그램 캔버스 소재의 벨트 백,"바이에른 다이아몬드를 조각적으로 해석한 스몰 벨트 백으로, 뮌헨 코드의 예리한 각도에서 영감을 받은 양방향 지퍼 디자인이 특징입니다. 비세토스와 스페인산 송아지 가죽으로 제작한 대담한 실루엣은 가죽 버클 스트랩이 더해져 허리에 걸치거나 크로스백으로 연출할 수 있습니다.",바디: 비세토스 모노그램 캔버스 | 트림: 스페인산 송아지 가죽,약 7 x 23 x 14 센티미터,스트랩 길이: 75cm~107cm,대한민국,참을 달 수 있는 D링 디테일의 조절 가능한 가죽 스트랩 | 외부 포켓 | MCM 로고 모티프 | 양방향 사선 지퍼 클로저 | 내부 지퍼 수납공간 | 24K 도금 브라스 금속 장식 | 스웨이드 마감 마이크로파이버 안감,S,https://images.mcmworldwide.com/i/mcmworldwide/MWZFSAK04CO001_01?sw=600 | https://images.mcmworldwide.com/i/mcmworldwide/MWZFSAK04CO001_09?sw=600 | https://images.mcmworldwide.com/i/mcmworldwide/MWZFSAK04CO001_02?sw=600 | https://images.mcmworldwide.com/i/mcmworldwide/MWZFSAK04CO001_03?sw=600 | https://images.mcmworldwide.com/i/mcmworldwide/MWZFSAK04CO001_04?sw=600 | https://images.mcmworldwide.com/i/mcmworldwide/MWZFSAK04CO001_10?sw=600 | https://images.mcmworldwide.com/i/mcmworldwide/MWZFSAK04CO001_11?sw=600 | https://images.mcmworldwide.com/i/mcmworldwide/MWZFSAK04CO001_12?sw=600 | https://images.mcmworldwide.com/i/mcmworldwide/MWZFSAK04CO001_13?sw=600,https://kr.mcmworldwide.com/ko_KR/여성/핸드백/백팩-벨트백/비세토스-레더-믹스-다이아몬드-3d-벨트-백/MWZFSAK04CO001.html,스트릿
MWSGATA01BK001,Aren 비세토스 E/W 숄더백,1090000,Black,WOMEN,BAG,InStock,바이에른 다이아몬드 레더 참과 가죽 트림이 더해진 비세토스 모노그램 캔버스 숄더백,"하우스의 시그니처 레터, 월계수, 다이아몬드 패턴으로 장식된 숄더백. 천연 가죽 디테일로 마감하였으며 뮌헨의 바이에른 다이아몬드에서 영감을 받은 로고가 양각 처리된 가죽참으로 포인트를 더하였습니다.",바디:비세토스 모노그램 캔버스,약 9 x 29 x 12 센티미터,핸들 드롭: 27 cm,대한민국,가죽 탑 핸들 | 로고가 엠보싱 처리된 탈부착 가능한 바바리안 다이아몬드 가죽 참 | 양방향 지퍼 클로저 | 내부 카드 슬롯 | 레더 트림 | 실버톤 코발트 브라스 하드웨어 | 스웨이드 마감의 극세사 안감,S,https://images.mcmworldwide.com/i/mcmworldwide/MWSGATA01BK001_01?sw=600 | https://images.mcmworldwide.com/i/mcmworldwide/MWSGATA01BK001_09?sw=600 | https://images.mcmworldwide.com/i/mcmworldwide/MWSGATA01BK001_02?sw=600 | https://images.mcmworldwide.com/i/mcmworldwide/MWSGATA01BK001_03?sw=600 | https://images.mcmworldwide.com/i/mcmworldwide/MWSGATA01BK001_04?sw=600 | https://images.mcmworldwide.com/i/mcmworldwide/MWSGATA01BK001_05?sw=600 | https://images.mcmworldwide.com/i/mcmworldwide/MWSGATA01BK001_06?sw=600 | https://images.mcmworldwide.com/i/mcmworldwide/MWSGATA01BK001_10?sw=600,https://kr.mcmworldwide.com/ko_KR/여성/핸드백/숄더백-크로스백/aren-비세토스-e/w-숄더백/MWSGATA01BK001.html,클래식
MWSGSTA01QA001,Aren 맥시 모노그램 레더 E/W 숄더백,1550000,Pink,WOMEN,BAG,InStock,엠보싱 맥시 비세토스 모노그램과 바이에른 다이아몬드 레더 참이 더해진 풀그레인 레더 숄더백,"이탈리아산 풀그레인 레더로 정교하게 제작된 Aren 숄더 백. 조각적인 실루엣과 하우스의 맥시 모노그램이 돋보이며, 뮌헨 바이에른 다이아몬드에서 영감을 받은 로고 엠보싱 레더 참 디테일이 더해져 고급스러움을 한층 강조합니다.",바디:풀그레인 가죽,약 9 x 29 x 12 센티미터,핸들 드롭: 27 cm,이탈리아,가죽 탑 핸들 | 엠보싱 처리된 맥시 비세토스 모노그램 모티프 | 로고가 엠보싱 처리된 탈부착 가능한 바바리안 다이아몬드 가죽 참 | 양방향 지퍼 클로저 | 내부 카드 슬롯 | 16K 골드 도금 메탈 하드웨어 | 스웨이드 마감의 극세사 안감,S,https://images.mcmworldwide.com/i/mcmworldwide/MWSGSTA01QA001_01?sw=600 | https://images.mcmworldwide.com/i/mcmworldwide/MWSGSTA01QA001_09?sw=600 | https://images.mcmworldwide.com/i/mcmworldwide/MWSGSTA01QA001_02?sw=600 | https://images.mcmworldwide.com/i/mcmworldwide/MWSGSTA01QA001_03?sw=600 | https://images.mcmworldwide.com/i/mcmworldwide/MWSGSTA01QA001_04?sw=600 | https://images.mcmworldwide.com/i/mcmworldwide/MWSGSTA01QA001_05?sw=600 | https://images.mcmworldwide.com/i/mcmworldwide/MWSGSTA01QA001_06?sw=600 | https://images.mcmworldwide.com/i/mcmworldwide/MWSGSTA01QA001_10?sw=600,https://kr.mcmworldwide.com/ko_KR/여성/핸드백/숄더백-크로스백/aren-맥시-모노그램-레더-e/w-숄더백/MWSGSTA01QA001.html,캐주얼
MMRFATA02K8001,Aren ECONYL®과 가죽을 사용한 크로스바디,730000,Green,MEN,BAG,InStock,비세토스 모노그램 프린트 가죽 트림이 더해진 ECONYL® 크로스바디 백,"전통과 혁신의 결합이 돋보이는 이 스몰 Aren 크로스바디 백은 재활용 나일론 ECONYL®과 비세토스 모노그램 프린트 가죽을 사용하여 정교하게 제작되었습니다. 외부 수납공간을 통해 필수품을 손쉽게 꺼낼 수 있으며, D링 디테일로 참 장식을 달아 나만의 개성을 더할 수 있습니다.",바디:ECONYL® 재생 나일론 | 트림: 비세토스 모노그램 프린트가 더해진 천연가죽,약 7 x 20 x 16 센티미터,스트랩 길이: 86cm - 136cm,대한민국,탈부착이 가능하며 길이 조절이 가능한 헤링본 웨빙 스트랩 | 앞면 지퍼 포켓 | 뒷면 외부 포켓 | 지퍼 클로저 | 내부 포켓 | 실버톤 코발트 메탈 하드웨어,S,https://images.mcmworldwide.com/i/mcmworldwide/MMRFATA02K8001_01?sw=600 | https://images.mcmworldwide.com/i/mcmworldwide/MMRFATA02K8001_09?sw=600 | https://images.mcmworldwide.com/i/mcmworldwide/MMRFATA02K8001_02?sw=600 | https://images.mcmworldwide.com/i/mcmworldwide/MMRFATA02K8001_03?sw=600 | https://images.mcmworldwide.com/i/mcmworldwide/MMRFATA02K8001_04?sw=600 | https://images.mcmworldwide.com/i/mcmworldwide/MMRFATA02K8001_10?sw=600,https://kr.mcmworldwide.com/ko_KR/남성/가방/크로스백/aren-econyl®과-가죽을-사용한-크로스바디/MMRFATA02K8001.html,캐주얼
MMMEATA02BK001,Aren 비세토스 메신저 백,1190000,Black,MEN,BAG,InStock,천연 나파 가죽 트림이 돋보이는 비세토스 모노그램 캔버스 소재의 메신저 백,시그니처 비세토스와 독특한 나파 가죽 디테일로 제작되었으며 뛰어난 휴대성을 자랑하는 실루엣에 곡선형 엣지를 더한 Aren 메신저 백입니다. 가죽 버클형 스트랩 장식이 실루엣의 앞면에 클래식한 터치를 더하고 뒷면의 가죽 벨트를 활용해서 벨트백으로 연출할 수 있습니다.,바디: 비세토스 모노그램 캔버스 | 트림: 천연 나파 가죽,약 5 x 18 x 14 센티미터,스트랩 길이: 85cm~134cm,대한민국,탈부착 및 길이 조절 가능한 패브릭 웨빙 스트랩 | 뒷면의 가죽 벨트 루프 | 자석 탭 클로저 | 내부 지퍼 수납공간 및 카드 슬롯 | 앤틱 실버톤 금속 장식 | 스웨이드 마감 마이크로파이버 안감,미니,https://images.mcmworldwide.com/i/mcmworldwide/MMMEATA02BK001_01?sw=600 | https://images.mcmworldwide.com/i/mcmworldwide/MMMEATA02BK001_09?sw=600 | https://images.mcmworldwide.com/i/mcmworldwide/MMMEATA02BK001_02?sw=600 | https://images.mcmworldwide.com/i/mcmworldwide/MMMEATA02BK001_03?sw=600 | https://images.mcmworldwide.com/i/mcmworldwide/MMMEATA02BK001_04?sw=600 | https://images.mcmworldwide.com/i/mcmworldwide/MMMEATA02BK001_10?sw=600 | https://images.mcmworldwide.com/i/mcmworldwide/MMMEATA02BK001_11?sw=600 | https://images.mcmworldwide.com/i/mcmworldwide/MMMEATA02BK001_12?sw=600,https://kr.mcmworldwide.com/ko_KR/남성/가방/크로스백/aren-비세토스-메신저-백/MMMEATA02BK001.html,클래식
MWPFATA01BK001,Aren ECONYL®과 가죽 마마 쇼퍼,1050000,Black,WOMEN,BAG,InStock,"바바리안 다이아몬드 가죽 참, 라우렐 로고 하드웨어, 비세토스 모노그램 프린트 가죽 트림이 특징인 ECONYL® 쇼퍼백","아렌 마마 쇼퍼가 폐어망을 재활용한 친환경 소재인 리사이클드 나일론 ECONYL® 블랙 컬러로 선보입니다. 슬림한 실루엣에 비세토스 모노그램 프린트 가죽 핸들과 바이에른 다이아몬드에서 영감을 받은 가죽 참 장식이 어우러져 세련된 포인트를 더합니다. 외부 포켓은 필수품 수납에 용이하며, 넉넉한 내부 공간 양옆은 메탈 후크 잠금장치를 통해 수납 공간을 조절할 수 있습니다.",바디:ECONYL® 재생 나일론 | 트림: 비세토스 모노그램 프린트가 더해진 그레인 레더,약 20 x 29 x 35 센티미터,핸들 드롭: 25cm,대한민국,가죽 탑 핸들 | 비세토스 모노그램 프린트가 더해진 탈부착 가능한 다이아몬드 가죽 참 | 앞면에 라우렐 로고가 더해진 하드웨어 | 외부 사이드 슬립 포켓 | 마그네틱 탭 클로저 | 내부 지퍼 수납공간 | 내부 후크 잠금장치 | 바닥 보호를 위한 레더 패드 | 실버톤 코발트 메탈 하드웨어 | 패브릭 안감,X라지,https://images.mcmworldwide.com/i/mcmworldwide/MWPFATA01BK001_01?sw=600 | https://images.mcmworldwide.com/i/mcmworldwide/MWPFATA01BK001_09?sw=600 | https://images.mcmworldwide.com/i/mcmworldwide/MWPFATA01BK001_02?sw=600 | https://images.mcmworldwide.com/i/mcmworldwide/MWPFATA01BK001_03?sw=600 | https://images.mcmworldwide.com/i/mcmworldwide/MWPFATA01BK001_04?sw=600 | https://images.mcmworldwide.com/i/mcmworldwide/MWPFATA01BK001_05?sw=600 | https://images.mcmworldwide.com/i/mcmworldwide/MWPFATA01BK001_10?sw=600,https://kr.mcmworldwide.com/ko_KR/여성/핸드백/쇼퍼-토트백/aren-econyl®과-가죽-마마-쇼퍼/MWPFATA01BK001.html,캐주얼
MMMFSTA06CO001,Aren 비세토스 메신저,1350000,Cognac,MEN,BAG,InStock,천연 나파 가죽 트림이 돋보이는 비세토스 모노그램 캔버스 소재의 메신저 백,기능에 집중한 디자인과 뮌헨 하우스의 이동성 철학을 결합하여 일상 생활과 업무에서 더욱 효율적으로 활용할 수 있습니다. 시그니처 비세토스와 천연 나파 가죽으로 디자인된 미디엄 Aren 메신저 백은 클래식 수공예에 뿌리를 둔 세련된 아이템입니다.,바디: 비세토스 모노그램 캔버스 | 트림: 천연 나파 가죽,약 10 x 32 x 25 센티미터,스트랩 길이: 79cm~146cm,대한민국,길이 조절 가능한 패브릭 웨빙 스트랩 | 뒷면 외부 지퍼 포켓 | 자석 탭 클로저 | 내부 지퍼 수납공간 | 24K 도금 브라스 금속 장식 | 스웨이드 마감 마이크로파이버 안감,M,https://images.mcmworldwide.com/i/mcmworldwide/MMMFSTA06CO001_01?sw=600 | https://images.mcmworldwide.com/i/mcmworldwide/MMMFSTA06CO001_09?sw=600 | https://images.mcmworldwide.com/i/mcmworldwide/MMMFSTA06CO001_02?sw=600 | https://images.mcmworldwide.com/i/mcmworldwide/MMMFSTA06CO001_03?sw=600 | https://images.mcmworldwide.com/i/mcmworldwide/MMMFSTA06CO001_04?sw=600 | https://images.mcmworldwide.com/i/mcmworldwide/MMMFSTA06CO001_10?sw=600,https://kr.mcmworldwide.com/ko_KR/남성/가방/크로스백/aren-비세토스-메신저/MMMFSTA06CO001.html,클래식
MMRFSTA05BK001,Aren 비세토스 크로스바디,850000,Black,MEN,BAG,InStock,천연 나파 가죽 트림이 돋보이는 비세토스 모노그램 캔버스 소재의 크로스바디 백,"뮌헨 하우스에서 이 새로운 크로스바디 백의 유연한 구조를 통해 더욱 부드러운 면을 선보입니다. 외부 수납공간에 필수 아이템을 빠르게 넣고 꺼낼 수 있으며, 고급스러운 코튼 트윌 소재의 내부에는 귀중품을 안전하게 보관할 수 있습니다.",바디: 비세토스 모노그램 캔버스 | 트림: 천연 나파 가죽,약 7 x 20 x 16 센티미터,스트랩 길이: 86cm~136cm,대한민국,탈착 및 조절 가능한 헤링본 웨빙 스트랩 | 전면 지퍼 수납공간 | 뒷면 외부 포켓 | 지퍼 클로저 | 내부 포켓. | 앤틱 실버톤 금속 장식 | 코튼 트윌 안감.,S,https://images.mcmworldwide.com/i/mcmworldwide/MMRFSTA05BK001_01?sw=600 | https://images.mcmworldwide.com/i/mcmworldwide/MMRFSTA05BK001_09?sw=600 | https://images.mcmworldwide.com/i/mcmworldwide/MMRFSTA05BK001_02?sw=600 | https://images.mcmworldwide.com/i/mcmworldwide/MMRFSTA05BK001_03?sw=600 | https://images.mcmworldwide.com/i/mcmworldwide/MMRFSTA05BK001_04?sw=600 | https://images.mcmworldwide.com/i/mcmworldwide/MMRFSTA05BK001_10?sw=600,https://kr.mcmworldwide.com/ko_KR/남성/가방/크로스백/aren-비세토스-크로스바디/MMRFSTA05BK001.html,캐주얼
MMLFSTA07BK001,Aren 리사이클 나일론 슬링백,890000,Black,MEN,BAG,OutOfStock,비세토스 모노그램 프린트 가죽 트리밍이 돋보이는 리사이클 나일론 슬링 백,"기존 백팩의 고급스러운 대안, 미니 아렌 슬링 백은 이탈리아산 리사이클 나일론 소재로 제작되어 하나의 스트랩으로 간편하게 휴대할 수 있습니다. 클래식한 비세토스 모노그램 프린트가 돋보이는 앞면 지퍼 수납공간과 함께, 미래지향적인 디자인으로 완성되었습니다.",바디: 이탈리안 리사이클 나일론,약 9 x 23 x 31 센티미터,스트랩 길이: 88.5cm ~ 115 cm,대한민국,길이 조절이 가능한 스트랩 | 비세토스 모노그램 프린트가 돋보이는 가죽 전면 지퍼 수납공간 | 각진 지퍼 여밈 | 내부 포켓 | 레더 트림 | 실버 톤 코발트 메탈 하드웨어 | 나일론 라이닝,미니,https://images.mcmworldwide.com/i/mcmworldwide/MMLFSTA07BK001_01?sw=600 | https://images.mcmworldwide.com/i/mcmworldwide/MMLFSTA07BK001_09?sw=600 | https://images.mcmworldwide.com/i/mcmworldwide/MMLFSTA07BK001_02?sw=600 | https://images.mcmworldwide.com/i/mcmworldwide/MMLFSTA07BK001_03?sw=600 | https://images.mcmworldwide.com/i/mcmworldwide/MMLFSTA07BK001_04?sw=600 | https://images.mcmworldwide.com/i/mcmworldwide/MMLFSTA07BK001_10?sw=600,https://kr.mcmworldwide.com/ko_KR/남성/가방/백팩/aren-리사이클-나일론-슬링백/MMLFSTA07BK001.html,스트릿
MMRDATA05BK001,Aren 맥시 모노그램 레더 메신저 백,1590000,Black,MEN,BAG,OutOfStock,엠보스드 맥시 모노그램이 돋보이는 천연 나파 가죽 소재의 미디엄 메신저 백,세련된 수공예와 하우스의 이동에 대한 철학을 구현한 Aren 메신저 백입니다. 클래식 코드의 업스케일 버전인 맥시 모노그램이 천연 나파 가죽에 각인되어 MCM 맥시멀리즘을 표현합니다. 앞면과 뒷면 포켓으로 자주 사용하는 필수 아이템을 손쉽게 넣고 꺼낼 수 있으며 메인 지퍼 수납공간에는 최신 기기와 액세서리 및 서류를 수납하기 좋습니다.,,약 5 x 27 x 19 센티미터,스트랩 길이: 89.5cm ~ 138cm,대한민국,조절 가능한 헤링본 웨빙 스트랩 | 엠보스드 맥시 비세토스 모노그램 | 뒷면 외부 포켓 | 전면 플랩 수납공간 | 양방향 지퍼 클로저 | 내부 지퍼 포켓 | 천연 나파 가죽 | 다크 금속 장식 | 스웨이드 마감 마이크로파이버 안감,M,https://images.mcmworldwide.com/i/mcmworldwide/MMRDATA05BK001_01?sw=600 | https://images.mcmworldwide.com/i/mcmworldwide/MMRDATA05BK001_09?sw=600 | https://images.mcmworldwide.com/i/mcmworldwide/MMRDATA05BK001_02?sw=600 | https://images.mcmworldwide.com/i/mcmworldwide/MMRDATA05BK001_03?sw=600 | https://images.mcmworldwide.com/i/mcmworldwide/MMRDATA05BK001_04?sw=600 | https://images.mcmworldwide.com/i/mcmworldwide/MMRDATA05BK001_10?sw=600,https://kr.mcmworldwide.com/ko_KR/남성/가방/크로스백/aren-맥시-모노그램-레더-메신저-백/MMRDATA05BK001.html,캐주얼
MWHESTA01CO001,Aren 비세토스 호보,1290000,Cognac,WOMEN,BAG,InStock,조절 가능한 가죽 스트랩과 가죽 행택 및 금속 자물쇠가 돋보이는 비세토스 호보백,여유로운 클래식 실루엣을 모던하게 재해석하여 부드러움과 구조의 이상적인 균형이 돋보입니다. 탈부착 가능한 가죽 행택과 로고 인그레이빙 금속 자물쇠 등 헤리티지 MCM 캐리어에서 가져온 요소가 돋보이는 스몰 Aren 호보백입니다.,바디: 비세토스 모노그램 캔버스 | 트림: 나파 가죽,약 10 x 26 x 19 센티미터,스트랩 길이: 125cm ~ 133cm,대한민국,조절 가능한 가죽 어깨 스트랩 | 탈부착 가능한 가죽 행택과 로고 인그레이빙 금속 자물쇠 | 지퍼 클로저 | 내부 슬립 포켓 | 내부의 로고 엠보스드 다이아몬드 가죽 패치 | 24K 도금 브라스 금속 장식 | 스웨이드 마감 마이크로파이버 안감,S | L,https://images.mcmworldwide.com/i/mcmworldwide/MWHESTA01CO001_01?sw=600 | https://images.mcmworldwide.com/i/mcmworldwide/MWHESTA01CO001_09?sw=600 | https://images.mcmworldwide.com/i/mcmworldwide/MWHESTA01CO001_02?sw=600 | https://images.mcmworldwide.com/i/mcmworldwide/MWHESTA01CO001_03?sw=600 | https://images.mcmworldwide.com/i/mcmworldwide/MWHESTA01CO001_04?sw=600 | https://images.mcmworldwide.com/i/mcmworldwide/MWHESTA01CO001_10?sw=600 | https://images.mcmworldwide.com/i/mcmworldwide/MWHESTA01CO001_11?sw=600,https://kr.mcmworldwide.com/ko_KR/여성/핸드백/숄더백-크로스백/aren-비세토스-호보/MWHESTA01CO001.html,페미닌
MWHESTA02CO001,Aren 비세토스 호보,1450000,Cognac,WOMEN,BAG,InStock,조절 가능한 가죽 스트랩과 가죽 행택 및 금속 자물쇠가 돋보이는 비세토스 호보백,여유로운 클래식 실루엣을 모던하게 재해석하여 부드러움과 구조의 이상적인 균형이 돋보입니다. 탈부착 가능한 가죽 행택과 로고 인그레이빙 금속 자물쇠 등 헤리티지 MCM 캐리어에서 가져온 요소가 돋보이는 라지 Aren 호보백입니다.,바디: 비세토스 모노그램 캔버스 | 트림: 나파 가죽,약 11 x 34 x 33 센티미터,스트랩 길이: 92.5cm ~ 116.5cm,대한민국,조절 가능한 가죽 어깨 스트랩 | 탈부착 가능한 가죽 행택과 로고 인그레이빙 금속 자물쇠 | 지퍼 클로저 | 내부 슬립 포켓 및 지퍼 포켓 | 24K 도금 브라스 금속 장식 | 스웨이드 마감 마이크로파이버 안감,S | L,https://images.mcmworldwide.com/i/mcmworldwide/MWHESTA02CO001_01?sw=600 | https://images.mcmworldwide.com/i/mcmworldwide/MWHESTA02CO001_09?sw=600 | https://images.mcmworldwide.com/i/mcmworldwide/MWHESTA02CO001_02?sw=600 | https://images.mcmworldwide.com/i/mcmworldwide/MWHESTA02CO001_03?sw=600 | https://images.mcmworldwide.com/i/mcmworldwide/MWHESTA02CO001_04?sw=600 | https://images.mcmworldwide.com/i/mcmworldwide/MWHESTA02CO001_10?sw=600,https://kr.mcmworldwide.com/ko_KR/여성/핸드백/숄더백-크로스백/aren-비세토스-호보/MWHESTA02CO001.html,페미닌
MWHFSTA10BK001,재생 나일론 및 비세토스 소재의 Aren 듀오 호보,990000,Black,WOMEN,BAG,OutOfStock,탈부착 가능한 비세토스 체인 백과 천연 나파 가죽 트림이 돋보이는 재생 나일론 호보,시대를 초월한 형태와 기능의 결합이 돋보이는 투인원 디자인. 이탈리아산 재생 나일론과 비세토스 캔버스로 제작된 이 탈부착 가능한 호보 듀엣 백은 개인의 필요와 세팅에 맞게 두 개를 결합해서 우아하게 연출하거나 단독으로 사용하여 스타일링할 수 있습니다.,바디: 비세토스 모노그램 캔버스 | 트림: 천연 나파 가죽,약 6 x 26 x 22 센티미터,"스트랩 길이: 95cm~119cm, 핸들 드롭: 25cm",대한민국,탈부착 및 길이 조절 가능한 가죽 스트랩 및 체인 핸들 스트랩 | 지퍼 클로저 | 라지 나일론 백: 내부 포켓 및 지퍼 수납공간 | 스몰 비세토스 백: 내부 카드 슬롯 | 24K 도금 브라스 금속 장식 | 스웨이드 마감 마이크로파이버 안감,S,https://images.mcmworldwide.com/i/mcmworldwide/MWHFSTA10BK001_01?sw=600 | https://images.mcmworldwide.com/i/mcmworldwide/MWHFSTA10BK001_09?sw=600 | https://images.mcmworldwide.com/i/mcmworldwide/MWHFSTA10BK001_02?sw=600 | https://images.mcmworldwide.com/i/mcmworldwide/MWHFSTA10BK001_03?sw=600 | https://images.mcmworldwide.com/i/mcmworldwide/MWHFSTA10BK001_04?sw=600 | https://images.mcmworldwide.com/i/mcmworldwide/MWHFSTA10BK001_10?sw=600,https://kr.mcmworldwide.com/ko_KR/여성/핸드백/숄더백-크로스백/재생-나일론-및-비세토스-소재의-aren-듀오-호보/MWHFSTA10BK001.html,캐주얼
MWHGSTA04BK001,Aren 비세토스 듀오 호보,1290000,Black,WOMEN,BAG,OutOfStock,탈착 가능한 가죽 체인 백과 천연 나파 가죽 트림이 더해진 비세토스 모노그램 캔버스 호보백,형태와 기능이 시대를 초월한 결합을 보여주는 투인원 디자인의 백. 비세토스 캔버스와 천연 나파 가죽을 사용하여 제작된 이 분리 가능한 호보백은 함께 연결하여 우아함을 극대화 하거나 필요에 따라서 각각 독립적으로 연출하여 다양하게 활용 할 수 있습니다.,바디:비세토스 모노그램 캔버스 | 트림:천연 가죽,약 6 x 26 x 22 센티미터,"스트랩 길이:95 cm - 119 cm, 핸들 드롭: 25 cm",대한민국,길이 조절이 가능한 가죽 스트랩 | 탈부착 가능한 체인 핸들 스트랩 | 엠보싱 처리된 라우렐 로고 모티프 | 지퍼 클로저 | 라지 비세토스 백: 내부 지퍼 수납공간 | 스몰 레더 백: 2개의 카드 슬롯 | 실버톤 코발트 브라스 하드웨어 | 스웨이드 마감의 극세사 안감,S,https://images.mcmworldwide.com/i/mcmworldwide/MWHGSTA04BK001_01?sw=600 | https://images.mcmworldwide.com/i/mcmworldwide/MWHGSTA04BK001_09?sw=600 | https://images.mcmworldwide.com/i/mcmworldwide/MWHGSTA04BK001_02?sw=600 | https://images.mcmworldwide.com/i/mcmworldwide/MWHGSTA04BK001_03?sw=600 | https://images.mcmworldwide.com/i/mcmworldwide/MWHGSTA04BK001_04?sw=600 | https://images.mcmworldwide.com/i/mcmworldwide/MWHGSTA04BK001_05?sw=600 | https://images.mcmworldwide.com/i/mcmworldwide/MWHGSTA04BK001_06?sw=600 | https://images.mcmworldwide.com/i/mcmworldwide/MWHGSTA04BK001_10?sw=600 | https://images.mcmworldwide.com/i/mcmworldwide/MWHGSTA04BK001_11?sw=600,https://kr.mcmworldwide.com/ko_KR/여성/핸드백/숄더백-크로스백/aren-비세토스-듀오-호보/MWHGSTA04BK001.html,캐주얼
MWHFSTA01BK001,Aren 시퀸 양가죽 호보,1350000,Black,WOMEN,BAG,InStock,시퀸 장식과 탈부착 가능한 가죽 참 및 MCM 로고 모티프가 돋보이는 양가죽 소재의 호보백,뮌헨의 황금기를 매혹적으로 기념하는 이번 시즌의 Aren 호보백으로 디스코 전성기에서 영감을 받은 반짝이는 시퀸이 돋보입니다. 탈부착 가능한 가죽 참과 골드톤 메탈 스트랩 버클 디자인에서 시그니처 바이에른 다이아몬드를 찾아볼 수 있습니다. 이 우아한 아이템에는 크로스바디 연장 스트랩이 포함되어 있습니다.,바디: 양가죽 | 트림: 천연 나파 가죽,약 10 x 26 x 19 센티미터,스트랩 길이: 125cm~133cm,대한민국,길이 조절 가능한 가죽 스트랩과 크로스바디 스트랩 익스텐션 | 시퀸 장식 | 탈부착 가능한 바이에른 다이아몬드 로고 가죽 참 | MCM 로고 모티프 | 지퍼 클로저 | 내부 포켓 | 24K 도금 브라스 금속 장식 | 스웨이드 마감 마이크로파이버 안감,S,https://images.mcmworldwide.com/i/mcmworldwide/MWHFSTA01BK001_01?sw=600 | https://images.mcmworldwide.com/i/mcmworldwide/MWHFSTA01BK001_09?sw=600 | https://images.mcmworldwide.com/i/mcmworldwide/MWHFSTA01BK001_02?sw=600 | https://images.mcmworldwide.com/i/mcmworldwide/MWHFSTA01BK001_03?sw=600 | https://images.mcmworldwide.com/i/mcmworldwide/MWHFSTA01BK001_04?sw=600 | https://images.mcmworldwide.com/i/mcmworldwide/MWHFSTA01BK001_10?sw=600,https://kr.mcmworldwide.com/ko_KR/여성/핸드백/숄더백-크로스백/aren-시퀸-램스킨-호보/MWHFSTA01BK001.html,럭셔리
MWKGATA03PZ001,Aren 비세토스 드로우스트링 백팩,1650000,Pink,WOMEN,BAG,InStock,버클 하드웨어 장식과 가죽 트림이 더해진 비세토스 모노그램 캔버스 드로스트링 백팩,"하우스의 클래식 드로스트링 버킷 디자인을 세련된 백팩으로 재해석한 아이템. 시그니처 소프트 핑크 컬러의 비세토스 캔버스와 가죽으로 완성되었으며, 바이에른 다이아몬드에서 영감을 받은 버클 하드웨어가 돋보이는 다양한 수납공간이 특징입니다.",바디:비세토스 모노그램 캔버스,약 13 x 29 x 32 센티미터,"스트랩 길이: 76cm - 83cm, 핸들 드롭: 8.5cm",대한민국,길이 조절이 가능한 숄더 스트랩 | 가죽 탑 핸들 | 마그네틱 스냅 클로저와 가죽 끈 조임 장치 | 버클 장식 | 자석 잠금 장치가 있는 앞면 플랩 포켓 | 내부 슬립 포켓 | 레더 트림 | 16K 골드 도금 메탈 하드웨어 | 스웨이드 마감의 극세사 안감,S,https://images.mcmworldwide.com/i/mcmworldwide/MWKGATA03PZ001_01?sw=600 | https://images.mcmworldwide.com/i/mcmworldwide/MWKGATA03PZ001_09?sw=600 | https://images.mcmworldwide.com/i/mcmworldwide/MWKGATA03PZ001_02?sw=600 | https://images.mcmworldwide.com/i/mcmworldwide/MWKGATA03PZ001_03?sw=600 | https://images.mcmworldwide.com/i/mcmworldwide/MWKGATA03PZ001_04?sw=600 | https://images.mcmworldwide.com/i/mcmworldwide/MWKGATA03PZ001_05?sw=600 | https://images.mcmworldwide.com/i/mcmworldwide/MWKGATA03PZ001_10?sw=600,https://kr.mcmworldwide.com/ko_KR/여성/핸드백/백팩-벨트백/aren-비세토스-드로우스트링-백팩/MWKGATA03PZ001.html,캐주얼
MWRGATA05CO001,Aren 비세토스 레더 믹스 베니티 케이스,1190000,Cognac,WOMEN,BAG,InStock,나파 가죽과 바바리안 다이아몬드 레더 참을 매치한 비세토스 모노그램 캔버스 바니티 케이스,"뷰티 제품을 포함하여 필수품을 우아하게 수납할 수 있는 베니티 케이스. 비세토스 캔버스와 부드러운 나파 가죽을 조화롭게 사용해 MCM의 클래식한 장인정신을 담아냈습니다. 가죽 크로스바디 스트랩이 함께 구성되며, 바이에른 다이아몬드에서 영감을 받은 가죽 로고 참으로 하우스의 독일 헤리티지를 표현했습니다.",바디:비세토스 모노그램 캔버스 | 트림: 나파 가죽,약 9 x 23 x 14 센티미터,"스트랩 길이: 99 cm - 123 cm, 핸들 드롭: 4.5 cm",대한민국,탈부착이 가능하며 길이 조절이 가능한 가죽 크로스바디 스트랩 | 가죽 탑 핸들 | 탈부착 가능한 바이에른 다이아몬드 로고 레더 참 | 양방향 지퍼 클로저 | 내부 카드 슬롯 | 24K 골드 도금 브라스 하드웨어 | 스웨이드 마감의 극세사 안감,미니 | S,https://images.mcmworldwide.com/i/mcmworldwide/MWRGATA05CO001_01?sw=600 | https://images.mcmworldwide.com/i/mcmworldwide/MWRGATA05CO001_09?sw=600 | https://images.mcmworldwide.com/i/mcmworldwide/MWRGATA05CO001_02?sw=600 | https://images.mcmworldwide.com/i/mcmworldwide/MWRGATA05CO001_03?sw=600 | https://images.mcmworldwide.com/i/mcmworldwide/MWRGATA05CO001_04?sw=600 | https://images.mcmworldwide.com/i/mcmworldwide/MWRGATA05CO001_05?sw=600 | https://images.mcmworldwide.com/i/mcmworldwide/MWRGATA05CO001_10?sw=600 | https://images.mcmworldwide.com/i/mcmworldwide/MWRGATA05CO001_11?sw=600,https://kr.mcmworldwide.com/ko_KR/여성/핸드백/숄더백-크로스백/aren-비세토스-레더-믹스-베니티-케이스/MWRGATA05CO001.html,페미닌
MWSGSTA04BW001,Aren 양가죽 숄더백,2450000,Black,WOMEN,BAG,InStock,대비되는 컬러조합과 MCM 로고 모티프가 어우러진 램스킨 레더 숄더 백,"한국 문화에 헌정하는 라지 사이즈 양가죽 숄더백. 부드러운 양가죽 소재로 완성되었으며, 투톤 컬러와 독특한 가죽 스트랩 디테일은 전통 태권도 도복에서 영감을 받았습니다. 특히 스트랩 디자인은 도복의 허리 벨트를 연상시키며 세련된 포인트를 더합니다.",바디: 양가죽,약 17 x 33 x 30 센티미터,,대한민국,가죽 숄더 스트랩 | 대비되는 색조 | MCM 로고 모티프 | 지퍼 클로저 | 실버톤 코발트 브라스 하드웨어,S | L,https://images.mcmworldwide.com/i/mcmworldwide/MWSGSTA04BW001_01?sw=600 | https://images.mcmworldwide.com/i/mcmworldwide/MWSGSTA04BW001_09?sw=600 | https://images.mcmworldwide.com/i/mcmworldwide/MWSGSTA04BW001_02?sw=600 | https://images.mcmworldwide.com/i/mcmworldwide/MWSGSTA04BW001_03?sw=600 | https://images.mcmworldwide.com/i/mcmworldwide/MWSGSTA04BW001_04?sw=600 | https://images.mcmworldwide.com/i/mcmworldwide/MWSGSTA04BW001_05?sw=600 | https://images.mcmworldwide.com/i/mcmworldwide/MWSGSTA04BW001_10?sw=600,https://kr.mcmworldwide.com/ko_KR/여성/핸드백/숄더백-크로스백/aren-양가죽-숄더백/MWSGSTA04BW001.html,스트릿
MWRGSTA02CO001,Aren 비세토스 레더 믹스 베니티 케이스,990000,Cognac,WOMEN,BAG,InStock,천연 가죽 트리밍과 바이에른 다이아몬드 가죽 참 장식이 어우러진 비세토스 모노그램 캔버스 배니티 케이스,"하우스의 장인정신이 돋보이는 배니티 케이스로, 시그니처 비세토스 모노그램의 클래식한 레터링, 라우렐, 다이아몬드 패턴 위에 부드러운 가죽 디테일로 마감했습니다. 뮌헨 바이에른 다이아몬드에서 영감을 받은 가죽 참 장식이 포인트를 더합니다.",바디:비세토스 모노그램 캔버스 | 트림:천연 가죽,약 6 x 19 x 12 센티미터,"스트랩 길이:125 cm to 133 cm , 핸들 드롭: 4 cm",대한민국,탈부착이 가능하며 길이 조절이 가능한 가죽 스트랩 | 가죽 탑 핸들 | 로고가 엠보싱 처리된 탈부착 가능한 바바리안 다이아몬드 가죽 참 | 양방향 지퍼 클로저 | 내부 카드 슬롯 | 로고 엠보싱 패치가 더해진 내부 | 24K 골드 도금 브라스 하드웨어 | 스웨이드 마감의 극세사 안감,미니 | S,https://images.mcmworldwide.com/i/mcmworldwide/MWRGSTA02CO001_01?sw=600 | https://images.mcmworldwide.com/i/mcmworldwide/MWRGSTA02CO001_09?sw=600 | https://images.mcmworldwide.com/i/mcmworldwide/MWRGSTA02CO001_02?sw=600 | https://images.mcmworldwide.com/i/mcmworldwide/MWRGSTA02CO001_03?sw=600 | https://images.mcmworldwide.com/i/mcmworldwide/MWRGSTA02CO001_04?sw=600 | https://images.mcmworldwide.com/i/mcmworldwide/MWRGSTA02CO001_05?sw=600 | https://images.mcmworldwide.com/i/mcmworldwide/MWRGSTA02CO001_10?sw=600 | https://images.mcmworldwide.com/i/mcmworldwide/MWRGSTA02CO001_11?sw=600,https://kr.mcmworldwide.com/ko_KR/여성/핸드백/숄더백-크로스백/aren-비세토스-레더-믹스-베니티-케이스/MWRGSTA02CO001.html,페미닌
MWTGATA03PZ001,Aren 비세토스 스쿨 토트,1250000,Pink,WOMEN,BAG,InStock,가죽 트림이 더해진 비세토스 모노그램 캔버스 토트백,"학생부터 직장인까지, 누구나 언제 어디서나 실용적으로 활용할 수 있도록 디자인된 Aren 라지 스쿨 백은 시그니처 비세토스 모노그램이 더해져 시대를 초월한 아름다움이 더욱 돋보입니다. 뮌헨 하우스의 아이코닉한 로고가 새겨진 브라스 플레이트로 포인트를 더하였으며, 서류, 노트북와 같이 업무에 필요한 아이템 부터 일상 생활에 필요한 필수품까지 다양한 물건을 수납할 수 있는 넉넉한 공간을 갖추고 있습니다.",바디:비세토스 모노그램 캔버스,약 14 x 39 x 29 센티미터,,대한민국,탑핸들 | 외부 포켓 | 로고 브라스 플레이트 | 내부 포켓 | D링 참 장식 디테일 | 레더 트림 | 16K 골드 도금 메탈 하드웨어 | 패브릭 안감 | 핸들 길이 33cm,S | L,https://images.mcmworldwide.com/i/mcmworldwide/MWTGATA03PZ001_01?sw=600 | https://images.mcmworldwide.com/i/mcmworldwide/MWTGATA03PZ001_09?sw=600 | https://images.mcmworldwide.com/i/mcmworldwide/MWTGATA03PZ001_02?sw=600 | https://images.mcmworldwide.com/i/mcmworldwide/MWTGATA03PZ001_03?sw=600 | https://images.mcmworldwide.com/i/mcmworldwide/MWTGATA03PZ001_04?sw=600 | https://images.mcmworldwide.com/i/mcmworldwide/MWTGATA03PZ001_05?sw=600 | https://images.mcmworldwide.com/i/mcmworldwide/MWTGATA03PZ001_10?sw=600,https://kr.mcmworldwide.com/ko_KR/여성/핸드백/쇼퍼-토트백/aren-비세토스-스쿨-토트/MWTGATA03PZ001.html,캐주얼
MWTGSTA04BK001,Aren 패브릭 토트,1350000,Black,WOMEN,BAG,InStock,"MCM 로고 모티프, 탈부착 가능한 가죽 참, 가죽 트리밍이 더해진 패브릭 토트백",프리미엄 이탈리아산 코튼-리넨 혼방 소재로 선보이는 라지 Aren 토트백으로 하우스를 상징하는 라우렐 엠블럼으로 포인트를 더했습니다. 탈부착 가능한 바이에른 다이아몬드 참을 포함한 화이트 가죽 디테일이 입체감이 돋보이는 실루엣에 한층 더 고급스러움을 부여합니다.,겉감: 이탈리아산 코튼-리넨 혼방 원단 | 트림: 가죽,약 14 x 39 x 29 센티미터,"스트랩길이: 88cm - 109.5cm, 핸들 드롭: 11.5cm",대한민국,탈부착 및 길이 조절이 가능한 스트랩 | 가죽 탑 핸들 | 탈착 가능한 로고가 새겨진 바바리안 다이아몬드 레더 참 | 앞면의 라우렐 로고 모티프 | 내부 지퍼 포켓 및 슬립 포켓 | 바닥 보호를 위한 레더 패드 | 실버톤 코발트 메탈 하드웨어 | 코튼 안감,L,https://images.mcmworldwide.com/i/mcmworldwide/MWTGSTA04BK001_01?sw=600 | https://images.mcmworldwide.com/i/mcmworldwide/MWTGSTA04BK001_02?sw=600 | https://images.mcmworldwide.com/i/mcmworldwide/MWTGSTA04BK001_03?sw=600 | https://images.mcmworldwide.com/i/mcmworldwide/MWTGSTA04BK001_04?sw=600 | https://images.mcmworldwide.com/i/mcmworldwide/MWTGSTA04BK001_05?sw=600,https://kr.mcmworldwide.com/ko_KR/여성/핸드백/쇼퍼-토트백/aren-패브릭-토트/MWTGSTA04BK001.html,캐주얼
MMTGSTA04BK001,Aren 비세토스 N/S 토트,1050000,Black,MEN,BAG,InStock,천연 가죽 트림과 로고 우븐 웨빙 스트랩이 어우러진 비세토스 모노그램 캔버스 토트 백,"뮌헨 하우스의 ‘트래블 스피릿’을 담아 완성된 ‘Aren’ 토트백은 이동 중에도 우아함을 잃지 않도록 세심하게 디자인되었습니다. 아카이브 트렁크에서 영감을 받은 로고 직조 웨빙 스트랩과 레더 행택이 더해져, 하우스 특유의 제트셋 감성을 완벽하게 담아냅니다.",바디:비세토스 모노그램 캔버스 | 트림:천연 가죽,약 9 x 17 x 21 센티미터,"스트랩 길이: 79 cm - 138 cm, 핸들 드롭: 8.5 cm",대한민국,탈부착 가능하며 길이 조절이 가능한 로고 우븐 스트랩 | 가죽 탑 핸들 | 탈착가능한 가죽 행 테그 | 지퍼 클로저 | 내부 슬립 포켓 및 지퍼 수납공간 | 다크톤 코발트 메탈 하드웨어 | 코튼 트윌 안감,미니 | L,https://images.mcmworldwide.com/i/mcmworldwide/MMTGSTA04BK001_01?sw=600 | https://images.mcmworldwide.com/i/mcmworldwide/MMTGSTA04BK001_09?sw=600 | https://images.mcmworldwide.com/i/mcmworldwide/MMTGSTA04BK001_02?sw=600 | https://images.mcmworldwide.com/i/mcmworldwide/MMTGSTA04BK001_03?sw=600 | https://images.mcmworldwide.com/i/mcmworldwide/MMTGSTA04BK001_04?sw=600 | https://images.mcmworldwide.com/i/mcmworldwide/MMTGSTA04BK001_05?sw=600 | https://images.mcmworldwide.com/i/mcmworldwide/MMTGSTA04BK001_06?sw=600 | https://images.mcmworldwide.com/i/mcmworldwide/MMTGSTA04BK001_10?sw=600 | https://images.mcmworldwide.com/i/mcmworldwide/MMTGSTA04BK001_11?sw=600,https://kr.mcmworldwide.com/ko_KR/남성/가방/토트백/aren-비세토스-n/s-토트/MMTGSTA04BK001.html,캐주얼
MYZFSTA01BK001,Aren 맥시 모노그램 레더 체인 크로스바디,950000,Black,WOMEN,BAG,OutOfStock,"엠보스드 맥시 모노그램, 체인 핸들, 가죽 스트랩이 돋보이는 천연 풀 그레인 가죽 크로스바디 백","뮌헨 하우스의 완벽한 수공예를 보여주는 풀 그레인 가죽 크로스바디 백으로, 업스케일 버전의 시그니처 MCM 모노그램을 정교한 엠보스드 디테일로 선보입니다. 우아한 체인 핸들과 탈부착 가능한 가죽 스트랩이 포함되어 고급스러운 실루엣을 두 가지 방식으로 스타일링할 수 있습니다.",바디: 천연 풀 그레인 가죽,약 5 x 20 x 11 센티미터,,대한민국,탈부착 및 조절 가능한 가죽 크로스바디 스트랩 | 체인 핸들. | 후면 외부 포켓. | 엠보스드 맥시 모노그램 | 지퍼 클로저. | 내부 포켓. | 24K 도금 브라스 금속 장식 | 코튼 트윌 안감.,M,https://images.mcmworldwide.com/i/mcmworldwide/MYZFSTA01BK001_01?sw=600 | https://images.mcmworldwide.com/i/mcmworldwide/MYZFSTA01BK001_09?sw=600 | https://images.mcmworldwide.com/i/mcmworldwide/MYZFSTA01BK001_02?sw=600 | https://images.mcmworldwide.com/i/mcmworldwide/MYZFSTA01BK001_03?sw=600 | https://images.mcmworldwide.com/i/mcmworldwide/MYZFSTA01BK001_04?sw=600 | https://images.mcmworldwide.com/i/mcmworldwide/MYZFSTA01BK001_10?sw=600,https://kr.mcmworldwide.com/ko_KR/여성/핸드백/클러치-파우치/aren-맥시-모노그램-레더-체인-크로스바디/MYZFSTA01BK001.html,스트릿
MWDGADU04BK001,Dessau Drawstring Bag in Visetos,1850000,Black,WOMEN,BAG,OutOfStock,Visetos monogram canvas bucket bag with matching zip pouch and leather trim,"Drawing its name from a historic center of Bauhaus design, the Dessau drawstring bag melds form and function in a manner honoring the renowned German arts movement. Sculpted from Visetos canvas and nappa leather, the refined bucket silhouette is further adorned with the iconic logo brass plate of the Munich House. A matching monogram pouch accompanies the elegant companion.",Body: Visetos monogram canvas,약 18 x 30 x 34 센티미터,"101 cm to 125 cm strap length, Handle drop: 24 cm",대한민국,"Detachable, adjustable leather strap | Removable leather top handle | Logo brass plate | Leather drawstring fastening | Accompanying Visetos monogram zip pouch | Leather trim | Silver-tone cobalt brass hardware | Microfiber lining with suede finish",M | L,https://images.mcmworldwide.com/i/mcmworldwide/MWDGADU04BK001_01?sw=600 | https://images.mcmworldwide.com/i/mcmworldwide/MWDGADU04BK001_09?sw=600 | https://images.mcmworldwide.com/i/mcmworldwide/MWDGADU04BK001_02?sw=600 | https://images.mcmworldwide.com/i/mcmworldwide/MWDGADU04BK001_03?sw=600 | https://images.mcmworldwide.com/i/mcmworldwide/MWDGADU04BK001_04?sw=600 | https://images.mcmworldwide.com/i/mcmworldwide/MWDGADU04BK001_05?sw=600 | https://images.mcmworldwide.com/i/mcmworldwide/MWDGADU04BK001_10?sw=600 | https://images.mcmworldwide.com/i/mcmworldwide/MWDGADU04BK001_11?sw=600,https://kr.mcmworldwide.com/ko_KR/여성/핸드백/숄더백-크로스백/dessau-drawstring-bag-in-visetos/MWDGADU04BK001.html,캐주얼
MWDGSDU01BK001,Dessau 맥시 모노그램 레더 드로우스트링 백,1990000,Black,WOMEN,BAG,InStock,레더 핸들과 레더 스트랩이 조화를 이루며 엠보싱된 맥시 비세토스 모노그램이 돋보이는 천연 풀그레인 레더 드로스트링 백,바우하우스 디자인의 중심지에서 이름을 얻은 데사우 드로스트링 백은 형태와 기능을 조화롭게 결합한 실루엣로 독일 예술 정신을 기립니다. 이탈리아 풀그레인 레더 위에 새겨진 시그니처 비세토스 모노그램을 보다 풍부하게 표현해 하우스의 정교한 장인정신을 담아냈습니다.,바디: 천연 풀 그레인 레더,약 14 x 28 x 23 센티미터,"스트랩 길이: 97 cm - 121 cm, 핸들 드롭: 20 cm",이탈리아,탈부착이 가능하며 길이 조절이 가능한 가죽 스트랩 | 탈착 가능한 가죽 핸들 | 엠보싱 처리된 맥시 비세토스 모노그램 모티프 | 앞면의 MCM 로고 | 가죽 드로스트링 잠금장치 | 로고 엠보싱 가죽 패치가 더해진 내부 슬립 포켓 | 실버톤 코발트 브라스 하드웨어 | 스웨이드 마감의 극세사 안감,M,https://images.mcmworldwide.com/i/mcmworldwide/MWDGSDU01BK001_01?sw=600 | https://images.mcmworldwide.com/i/mcmworldwide/MWDGSDU01BK001_09?sw=600 | https://images.mcmworldwide.com/i/mcmworldwide/MWDGSDU01BK001_02?sw=600 | https://images.mcmworldwide.com/i/mcmworldwide/MWDGSDU01BK001_03?sw=600 | https://images.mcmworldwide.com/i/mcmworldwide/MWDGSDU01BK001_04?sw=600 | https://images.mcmworldwide.com/i/mcmworldwide/MWDGSDU01BK001_05?sw=600 | https://images.mcmworldwide.com/i/mcmworldwide/MWDGSDU01BK001_10?sw=600 | https://images.mcmworldwide.com/i/mcmworldwide/MWDGSDU01BK001_11?sw=600 | https://images.mcmworldwide.com/i/mcmworldwide/MWDGSDU01BK001_12?sw=600,https://kr.mcmworldwide.com/ko_KR/여성/핸드백/숄더백-크로스백/dessau-맥시-모노그램-레더-드로우스트링-백/MWDGSDU01BK001.html,스트릿
MWSEAAK04CO001,Diamant 3D 비세토스 레더믹스 숄더백,1490000,Cognac,WOMEN,BAG,InStock,스페인산 송아지 가죽 트림이 있는 비세토스 모노그램 캔버스 소재의 숄더백,바이에른 다이아몬드를 입체적으로 표현한 조각같은 숄더백으로 뮌헨 코드의 예리한 각도에서 영감을 받은 이중 지퍼 클로저가 특징입니다. 비세토스와 스페인산 송아지 가죽으로 제작된 여유로운 실루엣은 편안한 착용감을 선사합니다.,바디: 비세토스 모노그램 캔버스 | 트림: 스페인산 송아지 가죽,약 10 x 24 x 16 센티미터,,대한민국,조절 가능한 가죽 어깨 스트랩 | 외부 포켓 및 뒷면 지퍼 수납공간 | 이중 지퍼 클로저 | 상단의 MCM 로고 모티프 | 내부 지퍼 수납공간 | 24K 도금 브라스 금속 장식 | 스웨이드 마감 마이크로파이버 안감 | 스트랩 드롭: 55cm.,S | M,https://images.mcmworldwide.com/i/mcmworldwide/MWSEAAK04CO001_01?sw=600 | https://images.mcmworldwide.com/i/mcmworldwide/MWSEAAK04CO001_09?sw=600 | https://images.mcmworldwide.com/i/mcmworldwide/MWSEAAK04CO001_02?sw=600 | https://images.mcmworldwide.com/i/mcmworldwide/MWSEAAK04CO001_03?sw=600 | https://images.mcmworldwide.com/i/mcmworldwide/MWSEAAK04CO001_04?sw=600 | https://images.mcmworldwide.com/i/mcmworldwide/MWSEAAK04CO001_05?sw=600 | https://images.mcmworldwide.com/i/mcmworldwide/MWSEAAK04CO001_10?sw=600,https://kr.mcmworldwide.com/ko_KR/여성/핸드백/숄더백-크로스백/diamant-3d-비세토스-레더믹스-숄더백/MWSEAAK04CO001.html,클래식
MMPGSDC01CO001,Dia 비세토스 레더 믹스 쇼퍼,1750000,Cognac,MEN,BAG,InStock,"탈착 가능한 파우치와 카프스킨 가죽 트리밍, 바바리안 다이아몬드 프린트 패브릭 안감이 돋보이는 비세토스 모노그램 캔버스 쇼퍼","보석 같은 존재감의 Dia 쇼퍼는 바바리안 다이아몬드 모티프로 완성된 세련된 디자인이 특징입니다. 뮌헨에서 영감을 받은 기하학적 감각은 카프 레더 핸들 스트랩과 가죽 패치, 그리고 내부 그래픽 아트워크에 반영되었습니다. 시그니처 Visetos 캔버스로 완성된 이 컨템포러리 쇼퍼는 탈착식 파우치를 더해 또 하나의 기능적 매력을 선보입니다.",바디:비세토스 모노그램 캔버스 | 트림: 이탈리안 카프스킨,약 15 x 35 x 34 센티미터,핸들 드롭: 22cm,이탈리아,카프레더 핸들 스트랩 | 로고 브라스 플레이트 | 후크 잠금 장지 | 탈부착 가능한 파우치 | 24K 골드 도금 브라스 하드웨어 | 다이아몬드 그래픽 프린트가 더해진 패브릭 라이닝,L | X라지,https://images.mcmworldwide.com/i/mcmworldwide/MMPGSDC01CO001_01?sw=600 | https://images.mcmworldwide.com/i/mcmworldwide/MMPGSDC01CO001_09?sw=600 | https://images.mcmworldwide.com/i/mcmworldwide/MMPGSDC01CO001_02?sw=600 | https://images.mcmworldwide.com/i/mcmworldwide/MMPGSDC01CO001_03?sw=600 | https://images.mcmworldwide.com/i/mcmworldwide/MMPGSDC01CO001_04?sw=600 | https://images.mcmworldwide.com/i/mcmworldwide/MMPGSDC01CO001_05?sw=600 | https://images.mcmworldwide.com/i/mcmworldwide/MMPGSDC01CO001_06?sw=600 | https://images.mcmworldwide.com/i/mcmworldwide/MMPGSDC01CO001_10?sw=600 | https://images.mcmworldwide.com/i/mcmworldwide/MMPGSDC01CO001_11?sw=600,https://kr.mcmworldwide.com/ko_KR/남성/가방/토트백/dia-비세토스-레더-믹스-쇼퍼/MMPGSDC01CO001.html,캐주얼
MMRGSAK02BK001,Diamant 비세토스 레더 믹스 3D 크로스바디,1250000,Black,MEN,BAG,InStock,천연 가죽 트림이 더해진 비세토스 모노그램 캔버스 크로스바디 백,"뮌헨의 바이에른 다이아몬드에서 영감을 받은 Diamant 3D 크로스바디 백은 독일 본고장의 전통적 상징에서 영감을 받은 조형적인 디자인이 특징입니다. 나파 가죽으로 마감된 부드러운 실루엣과, 기하학적 패턴의 정교한 라인에서 영감을 받은 양방향 지퍼 클로저가 특징입니다.",바디:비세토스 모노그램 캔버스 | 트림:천연 가죽,약 10 x 30 x 19 센티미터,스트랩 길이:76 cm - 123 cm,대한민국,탈부착이 가능하며 길이 조절이 가능한 크로스바디 스트랩 | 뒷변 외부 지퍼 포켓 | 앞면의 MCM 로고 | 양방향 지퍼 클로저 | 내부 지퍼 수납공간 | 실버톤 코발트 메탈 하드웨어 | 스웨이드 마감의 극세사 안감,S | M,https://images.mcmworldwide.com/i/mcmworldwide/MMRGSAK02BK001_01?sw=600 | https://images.mcmworldwide.com/i/mcmworldwide/MMRGSAK02BK001_09?sw=600 | https://images.mcmworldwide.com/i/mcmworldwide/MMRGSAK02BK001_02?sw=600 | https://images.mcmworldwide.com/i/mcmworldwide/MMRGSAK02BK001_03?sw=600 | https://images.mcmworldwide.com/i/mcmworldwide/MMRGSAK02BK001_04?sw=600 | https://images.mcmworldwide.com/i/mcmworldwide/MMRGSAK02BK001_05?sw=600 | https://images.mcmworldwide.com/i/mcmworldwide/MMRGSAK02BK001_10?sw=600 | https://images.mcmworldwide.com/i/mcmworldwide/MMRGSAK02BK001_11?sw=600 | https://images.mcmworldwide.com/i/mcmworldwide/MMRGSAK02BK001_12?sw=600,https://kr.mcmworldwide.com/ko_KR/남성/가방/크로스백/diamant-비세토스-레더-믹스-3d-크로스바디/MMRGSAK02BK001.html,클래식
MWSFSAK01BK001,Diamant 3D 카프 레더 숄더백,2050000,Black,WOMEN,BAG,InStock,MCM 로고 모티브와 이중 앵글 지퍼 잠금 장치가 돋보이는 이탈리아산 송아지 가죽 숄더백,"바바리안 다이아몬드를 입체적으로 재해석한 이 숄더백은 뮌헨 코드의 예리한 각도에서 영감을 받은 이중 지퍼 클로저로 마감되었습니다. 이탈리아산 송아지가죽을 사용하였으며, 기하학적인 호보 디자인으로 조각적인 느낌을 한층 강조합니다.",바디:이탈리안 카프스킨 레더,약 14 x 34 x 23 센티미터,스트랩 길이: 50cm,이탈리아,길이 조절이 가능한 가죽 스트랩 | 뒷면의 외부 포켓과 지퍼 수납공간 | 앞면의 MCM로고 모티브 | 이중 지퍼 클로저 | 내부 지퍼 수납공간 | 24K 금 도금 브라스 하드웨어 | 스웨이드 마감 마이크로파이버 안감,S | M,https://images.mcmworldwide.com/i/mcmworldwide/MWSFSAK01BK001_01?sw=600 | https://images.mcmworldwide.com/i/mcmworldwide/MWSFSAK01BK001_09?sw=600 | https://images.mcmworldwide.com/i/mcmworldwide/MWSFSAK01BK001_02?sw=600 | https://images.mcmworldwide.com/i/mcmworldwide/MWSFSAK01BK001_03?sw=600 | https://images.mcmworldwide.com/i/mcmworldwide/MWSFSAK01BK001_05?sw=600 | https://images.mcmworldwide.com/i/mcmworldwide/MWSFSAK01BK001_06?sw=600 | https://images.mcmworldwide.com/i/mcmworldwide/MWSFSAK01BK001_10?sw=600 | https://images.mcmworldwide.com/i/mcmworldwide/MWSFSAK01BK001_11?sw=600,https://kr.mcmworldwide.com/ko_KR/여성/핸드백/숄더백-크로스백/diamant-3d-카프레더-숄더백/MWSFSAK01BK001.html,미니멀
MWTESAK04CO001,Diamond 비세토스 레더 믹스,2050000,Cognac,WOMEN,BAG,InStock,송아지 가죽 트림과 바이에른 다이아몬드 모티프 가죽 핸들이 돋보이는 비세토스 토트백입니다.,"오랜 전통의 디자인을 현대적으로 재해석해 멋스러운 디자인과 실용성을 하나로 완성한 이 백은, 바이에른 다이아몬드의 뚜렷한 형태감에서 영감을 받은 가죽 손잡이가 특징입니다. 뮌헨을 대표하는 패턴이 시그니처 비세토스 모노그램 캔버스로 정교하게 제작된 직사각형 실루엣에 세련된 감각을 더합니다.",바디: 비세토스 모노그램 캔버스 | 트림: 나파 송아지 가죽,약 9 x 57 x 37 센티미터,핸들 드롭: 8cm,대한민국,송아지 가죽 핸들 | 앞면의 MCM 라우렐 로고 프린트 | 지퍼 클로저 | 내부 슬립 포켓 및 지퍼 포켓. | 24K 도금 브라스 금속 장식 | 스웨이드 마감 마이크로파이버 안감,M | X라지,https://images.mcmworldwide.com/i/mcmworldwide/MWTESAK04CO001_01?sw=600 | https://images.mcmworldwide.com/i/mcmworldwide/MWTESAK04CO001_09?sw=600 | https://images.mcmworldwide.com/i/mcmworldwide/MWTESAK04CO001_02?sw=600 | https://images.mcmworldwide.com/i/mcmworldwide/MWTESAK04CO001_03?sw=600 | https://images.mcmworldwide.com/i/mcmworldwide/MWTESAK04CO001_04?sw=600 | https://images.mcmworldwide.com/i/mcmworldwide/MWTESAK04CO001_10?sw=600,https://kr.mcmworldwide.com/ko_KR/여성/핸드백/모두보기/diamond-비세토스-레더-믹스/MWTESAK04CO001.html,캐주얼
MWBESEA06BK001,Ella 맥시 모노그램 레더 보스턴 백,1790000,Black,WOMEN,BAG,OutOfStock,엠보스드 모노그램과 가죽 행택 및 로고 인그레이빙 금속 자물쇠가 돋보이는 천연 가죽 보스턴 백,맥시 모노그램이 새겨진 천연 나파 가죽 소재의 미디엄 Ella 보스턴 백은 뮌헨의 황금기에서 탄생한 데일리 캐리올입니다. 당시의 여행용 트렁크에서 직접적으로 영감을 받아 가죽 행택과 로고 인그레이빙 금속 자물쇠로 제트 세터의 계보를 이은 실루엣입니다.,바디: 천연 나파 가죽,약 17 x 32 x 20 센티미터,"스트랩 길이: 93cm ~ 109cm, 핸들 드롭: 10cm",이탈리아,탈부착 및 조절 가능한 어깨 스트랩 | 가죽 손잡이 부분 | 엠보스드 맥시 모노그램 | 탈부착 가능한 가죽 행택과 로고 인그레이빙 금속 자물쇠 | 양방향 지퍼 클로저 | 내부 슬립 포켓 및 지퍼 포켓. | 24K 도금 브라스 금속 장식 | 스웨이드 마감 마이크로파이버 안감,S | M,https://images.mcmworldwide.com/i/mcmworldwide/MWBESEA06BK001_01?sw=600 | https://images.mcmworldwide.com/i/mcmworldwide/MWBESEA06BK001_09?sw=600 | https://images.mcmworldwide.com/i/mcmworldwide/MWBESEA06BK001_02?sw=600 | https://images.mcmworldwide.com/i/mcmworldwide/MWBESEA06BK001_03?sw=600 | https://images.mcmworldwide.com/i/mcmworldwide/MWBESEA06BK001_04?sw=600 | https://images.mcmworldwide.com/i/mcmworldwide/MWBESEA06BK001_10?sw=600,https://kr.mcmworldwide.com/ko_KR/여성/핸드백/탑-핸들백/ella-맥시-모노그램-레더-보스턴-백/MWBESEA06BK001.html,스트릿
MMTFAAK01BK001,다이아몬드 비세토스 E/W 토트,1590000,Black,MEN,BAG,OutOfStock,라우렐 로고와 천연 가죽 트리밍이 더해진 비세토스 모노그램 캔버스 E/W 토트백,"시그니처 코냑 컬러의 비세토스 캔버스로 완성된 E/W 토트백. 뮌헨의 바바리안 다이아몬드에서 영감을 받은 기하학적인 가죽 디테일이 돋보입니다. 내부는 코튼 트윌 소재로 마감되었으며, 16인치 노트북도 여유 있게 수납 가능한 넉넉한 공간과 3개의 포켓으로 실용성을 더했습니다. 견고한 지퍼 클로저와 정교한 가죽 디테일이 세련된 실루엣을 완성합니다.",바디:비세토스 모노그램 캔버스 | 트림:천연 가죽,약 14 x 38 x 32 센티미터,"스트랩 길이:76 cm - 136 cm, 핸들 길이: 11 cm",대한민국,탈부착이 가능하며 길이 조절이 가능한 패브릭 크로스바디 스트랩 | 가죽 탑 핸들 | 앞면 지퍼 포켓 | 앞면의 라우렐 로고 모티프 | 지퍼 클로저 | 2개의 내부 슬립 포켓 | 내부 지퍼 수납공간 | 16인치 맥북 프로 수납 가능 | 다크 실버톤 코발트 메탈 하드웨어 | 코튼 트윌 안감,L,https://images.mcmworldwide.com/i/mcmworldwide/MMTFAAK01BK001_01?sw=600 | https://images.mcmworldwide.com/i/mcmworldwide/MMTFAAK01BK001_09?sw=600 | https://images.mcmworldwide.com/i/mcmworldwide/MMTFAAK01BK001_02?sw=600 | https://images.mcmworldwide.com/i/mcmworldwide/MMTFAAK01BK001_03?sw=600 | https://images.mcmworldwide.com/i/mcmworldwide/MMTFAAK01BK001_04?sw=600 | https://images.mcmworldwide.com/i/mcmworldwide/MMTFAAK01BK001_10?sw=600,https://kr.mcmworldwide.com/ko_KR/남성/가방/토트백/다이아몬드-비세토스-e/w-토트/MMTFAAK01BK001.html,캐주얼
MWBGAEA01CO001,Ella 디스코 비세토스 보스턴,1390000,Cognac,WOMEN,BAG,InStock,비세토스 모노그램 캔버스에 나파 가죽 트리밍과 바바리안 다이아몬드 가죽 참을 더한 보스턴백,Ella(엘라) 보스턴백은 아이코닉한 비세토스 모노그램 위에 뮌헨 황금기의 경쾌한 멜로디에서 영감을 받은 멀티컬러 ‘MCM Disco’ 타이포그래피를 더해 완성했습니다. 탈착 가능한 바바리안 다이아몬드 가죽 참과 오렌지 나파 가죽 디테일이 클래식한 코냑 컬러 디자인에 조화를 더합니다.,바디:비세토스 모노그램 캔버스 | 트림: 나파 가죽,약 12 x 22 x 15 센티미터,"스트랩 길이: 115cm - 139cm, 핸들 드롭: 8cm",대한민국,탈부착이 가능하며 길이 조절이 가능한 가죽 스트랩 | 가죽 탑 핸들 | 탈착 가능한 바이에른 다이아몬드 가죽 참 | 양방향 지퍼 클로저 | 내부 슬립 포켓 | 24K 골드 도금 브라스 하드웨어 | 스웨이드 마감의 극세사 안감,S,https://images.mcmworldwide.com/i/mcmworldwide/MWBGAEA01CO001_01?sw=600 | https://images.mcmworldwide.com/i/mcmworldwide/MWBGAEA01CO001_09?sw=600 | https://images.mcmworldwide.com/i/mcmworldwide/MWBGAEA01CO001_02?sw=600 | https://images.mcmworldwide.com/i/mcmworldwide/MWBGAEA01CO001_03?sw=600 | https://images.mcmworldwide.com/i/mcmworldwide/MWBGAEA01CO001_04?sw=600 | https://images.mcmworldwide.com/i/mcmworldwide/MWBGAEA01CO001_05?sw=600 | https://images.mcmworldwide.com/i/mcmworldwide/MWBGAEA01CO001_10?sw=600 | https://images.mcmworldwide.com/i/mcmworldwide/MWBGAEA01CO001_11?sw=600,https://kr.mcmworldwide.com/ko_KR/여성/핸드백/탑-핸들백/-ella-디스코-비세토스-보스턴/MWBGAEA01CO001.html,럭셔리
MMZESFI01BK001,Fursten 맥시 모노그램 레더 벨트백,1290000,Black,MEN,BAG,OutOfStock,엠보스드 비세토스 모노그램이 돋보이는 천연 나파 가죽 벨트백,업스케일 버전의 클래식 비세토스 모노그램이 새겨져 있으며 뛰어난 휴대성으로 더욱 향상된 MCM 수공예를 선보이는 Frusten 벨트백입니다. 앞면과 중앙 및 뒷면 지퍼 수납공간을 활용하여 소지품을 깔끔하고 고급스럽게 정리할 수 있습니다.,바디: 천연 나파 가죽,약 8 x 40 x 19 센티미터,스트랩 길이: 65cm ~ 106cm,대한민국,버클 잠금 장치가 있는 조절 가능한 패브릭 웨빙 스트랩 | 엠보스드 맥시 모노그램 | 앞면 및 뒷면의 외부 지퍼 포켓 | 내부 슬립 포켓이 있는 지퍼 여밈 주요 수납공간 | 매트 블랙 메탈 하드웨어. | 스웨이드 마감 마이크로파이버 안감,M,https://images.mcmworldwide.com/i/mcmworldwide/MMZESFI01BK001_01?sw=600 | https://images.mcmworldwide.com/i/mcmworldwide/MMZESFI01BK001_09?sw=600 | https://images.mcmworldwide.com/i/mcmworldwide/MMZESFI01BK001_03?sw=600 | https://images.mcmworldwide.com/i/mcmworldwide/MMZESFI01BK001_04?sw=600 | https://images.mcmworldwide.com/i/mcmworldwide/MMZESFI01BK001_10?sw=600 | https://images.mcmworldwide.com/i/mcmworldwide/MMZESFI01BK001_11?sw=600,https://kr.mcmworldwide.com/ko_KR/남성/가방/벨트백/fursten-맥시-모노그램-레더-벨트백/MMZESFI01BK001.html,스트릿
MMZGSFI02BK001,Fursten 맥시 모노그램 레더 벨트백,1290000,Black,MEN,BAG,InStock,엠보싱 처리된 맥시 비세토스 모노그램 모티프가 더해진 내추럴 풀그레인 레더 벨트 백,클래식 비세토스 모노그램을 업스케일해 새롭게 선보이는 ‘Fursten’ 벨트 백은 MCM의 자유로운 모빌리티 철학을 장인정신으로 구현한 작품입니다. 두 개의 지퍼 수납공간으로 효율적인 수납을 제공합니다.,바디: 천연 풀 그레인 레더,약 10 x 38 x 14 센티미터,스트랩 길이: 65 cm - 106 cm,이탈리아,버클 클로저가 더해진 길이 조절이 가능한 패브릭 웨빙 스트랩 | 엠보싱 처리된 맥시 모노그램 모티프 | 뒷면 외부 지퍼 포켓 | 참 장식 부착이 가능한 D링 디테일 | 양방향 지퍼 클로저 | 내부 슬립 포켓 | 다크 메탈 하드웨어 | 스웨이드 마감의 극세사 안감,M,https://images.mcmworldwide.com/i/mcmworldwide/MMZGSFI02BK001_01?sw=600 | https://images.mcmworldwide.com/i/mcmworldwide/MMZGSFI02BK001_09?sw=600 | https://images.mcmworldwide.com/i/mcmworldwide/MMZGSFI02BK001_02?sw=600 | https://images.mcmworldwide.com/i/mcmworldwide/MMZGSFI02BK001_03?sw=600 | https://images.mcmworldwide.com/i/mcmworldwide/MMZGSFI02BK001_04?sw=600 | https://images.mcmworldwide.com/i/mcmworldwide/MMZGSFI02BK001_10?sw=600,https://kr.mcmworldwide.com/ko_KR/남성/가방/벨트백/fursten-맥시-모노그램-레더-벨트백/MMZGSFI02BK001.html,스트릿
MWPESAC04BK001,Himmel 엠보스드 로고 레더 쇼퍼,1190000,Black,WOMEN,BAG,OutOfStock,엠보스드 MCM 로고 모티프와 바이에른 다이아몬드 가죽 참이 있는 그레인 가죽 소재의 쇼퍼,영광스러운 라우렐 엠블럼이 새겨져 있으며 비세토스 모노그램 프린트 가죽 안감으로 클래식한 터치를 더한 미니 Himmel 쇼퍼입니다. 실루엣에는 단독으로 사용할 수 있는 지퍼 파우치와 탈부착 가능한 바이에른 다이아몬드 로고 가죽 참이 포함되어 있습니다.,바디: 엠보스드 가죽,약 12 x 21 x 21 센티미터,핸들 드롭: 17.5cm,이탈리아,조절 가능한 가죽 핸들 | 앞면의 엠보스드 라우렐 로고 모티프 | 탈부착 가능한 바이에른 다이아몬드 로고 가죽 참 | 탈부착 가능한 지퍼 파우치 | 24K 도금 브라스 금속 장식 | 비세토스 모노그램 프린트 가죽 안감,미니,https://images.mcmworldwide.com/i/mcmworldwide/MWPESAC04BK001_01?sw=600 | https://images.mcmworldwide.com/i/mcmworldwide/MWPESAC04BK001_09?sw=600 | https://images.mcmworldwide.com/i/mcmworldwide/MWPESAC04BK001_02?sw=600 | https://images.mcmworldwide.com/i/mcmworldwide/MWPESAC04BK001_03?sw=600 | https://images.mcmworldwide.com/i/mcmworldwide/MWPESAC04BK001_04?sw=600 | https://images.mcmworldwide.com/i/mcmworldwide/MWPESAC04BK001_10?sw=600,https://kr.mcmworldwide.com/ko_KR/여성/핸드백/쇼퍼-토트백/himmel-엠보스드-로고-레더-쇼퍼/MWPESAC04BK001.html,캐주얼
MMRESKK02BK001,Klassik 맥시 모노그램 레더 크로스바디,1290000,Black,MEN,BAG,OutOfStock,엠보스드 맥시 모노그램이 돋보이는 천연 가죽 소재의 크로스바디 백,현대 사회를 살아가는 글로벌 노마드의 이동성을 중시하는 사고방식을 간결한 형태로 구현한 Klassik 크로스바디 백입니다. 천연 나파 가죽으로 제작된 실루엣에 고급스러운 버전의 명망 높은 비세토스 모노그램이 새겨져 있습니다.,바디: 천연 나파 가죽,약 5 x 18 x 22 센티미터,스트랩 길이: 125.5cm ~ 149.5cm,대한민국,조절 가능한 가죽 크로스바디 스트랩 | 엠보스드 맥시 모노그램 | 후면 외부 슬립 포켓. | 지퍼 클로저 | 내부 슬립 포켓 및 지퍼 포켓. | 매트 블랙 메탈 하드웨어. | 스웨이드 마감 마이크로파이버 안감,미니,https://images.mcmworldwide.com/i/mcmworldwide/MMRESKK02BK001_01?sw=600 | https://images.mcmworldwide.com/i/mcmworldwide/MMRESKK02BK001_09?sw=600 | https://images.mcmworldwide.com/i/mcmworldwide/MMRESKK02BK001_02?sw=600 | https://images.mcmworldwide.com/i/mcmworldwide/MMRESKK02BK001_03?sw=600 | https://images.mcmworldwide.com/i/mcmworldwide/MMRESKK02BK001_04?sw=600 | https://images.mcmworldwide.com/i/mcmworldwide/MMRESKK02BK001_10?sw=600,https://kr.mcmworldwide.com/ko_KR/남성/가방/크로스백/klassik-맥시-모노그램-레더-크로스바디/MMRESKK02BK001.html,스트릿
MWPEATA02CO001,Leni 비세토스 쇼퍼,1450000,Cognac,WOMEN,BAG,InStock,앞면 플랩 수납공간과 천연 나파 가죽 트림이 돋보이는 비세토스 캐리올 쇼퍼,"클래식한 우아함과 현대적인 감성을 조화롭게 담아낸 Leni 쇼퍼백은, 당당하고 아름다운 현대 여성의 삶을 디자인에 녹여냈습니다. 시그니처인 캔버스와 천연 가죽 소재를 사용하여 정교하게 제작되었으며, 뮌헨의 바이에른 다이아몬드에서 영감을 받은 전면의 두 개 수납공간은 독창적인 포인트를 더합니다.",바디: 비세토스 모노그램 캔버스 | 트림: 천연 나파 가죽,약 16 x 34 x 36 센티미터,핸들 드롭: 25cm.,대한민국,고리 클로저 | 앞면 플랩 포켓 2개 | 참고: 마마 파우치 별도 판매 | 24K 도금 브라스 금속 장식 | 코튼 캔버스 안감.,X라지,https://images.mcmworldwide.com/i/mcmworldwide/MWPEATA02CO001_01?sw=600 | https://images.mcmworldwide.com/i/mcmworldwide/MWPEATA02CO001_09?sw=600 | https://images.mcmworldwide.com/i/mcmworldwide/MWPEATA02CO001_02?sw=600 | https://images.mcmworldwide.com/i/mcmworldwide/MWPEATA02CO001_03?sw=600 | https://images.mcmworldwide.com/i/mcmworldwide/MWPEATA02CO001_04?sw=600 | https://images.mcmworldwide.com/i/mcmworldwide/MWPEATA02CO001_10?sw=600,https://kr.mcmworldwide.com/ko_KR/여성/핸드백/쇼퍼-토트백/leni-비세토스-쇼퍼/MWPEATA02CO001.html,캐주얼
MWPGAUP02CO001,MCM X ATEEZ with MINGI Toni 탑 지퍼 비세토스 쇼퍼,1050000,Cognac,WOMEN,BAG,OutOfStock,‘FIX ON’ 그래픽과 ATEEZ 로고 디테일이 조화를 이루는 비세토스 쇼퍼,"민기의 시그니처 ‘FIX ON’ 그래픽이 더해진 미니 쇼퍼는 ATEEZ 특유의 감각적인 무드를 담아냅니다. 비세토스 모노그램 캔버스와 실용적인 실루엣, 뒷면의 워드마크 엠블럼 디테일이 조화를 이루며 데일리 스타일링에 자연스럽게 어우러집니다.",바디:비세토스 모노그램 캔버스 | 트림: 나파 가죽,약 10 x 19 x 19 센티미터,"스트랩 길이: 98 cm - 114 cm, 핸들 드롭: 10cm",대한민국,앞면의 ‘FIX ON’ 그래픽 디테일 | 뒷면의 ATEEZ 로고 디테일 | 외부 후면 슬립 포켓 | 탑 지퍼 클로저 | 내부 지퍼 포켓 및 슬립 포켓 | 외부 D링 디테일 | 24K 골드 도금 브라스 하드웨어 | 코튼 캔버스 라이닝,미니,https://images.mcmworldwide.com/i/mcmworldwide/MWPGAUP02CO001_01?sw=600 | https://images.mcmworldwide.com/i/mcmworldwide/MWPGAUP02CO001_02?sw=600 | https://images.mcmworldwide.com/i/mcmworldwide/MWPGAUP02CO001_03?sw=600 | https://images.mcmworldwide.com/i/mcmworldwide/MWPGAUP02CO001_04?sw=600 | https://images.mcmworldwide.com/i/mcmworldwide/MWPGAUP02CO001_05?sw=600 | https://images.mcmworldwide.com/i/mcmworldwide/MWPGAUP02CO001_06?sw=600,https://kr.mcmworldwide.com/ko_KR/여성/핸드백/쇼퍼-토트백/mcm-x-ateez-with-mingi-toni-탑-지퍼-비세토스-쇼퍼/MWPGAUP02CO001.html,스트릿
MWBGAUP01CO001,MCM X ATEEZ with MINGI Ella 비세토스 보스턴,1150000,Cognac,WOMEN,BAG,OutOfStock,‘FIX ON’ 그래픽과 ATEEZ 로고로 완성한 헤리티지 보스턴 백,"민기의 시그니처 ‘FIX ON’ 그래픽이 더해진 엘라 보스턴 백은 ATEEZ 특유의 자유로운 무드를 현대적으로 풀어냈습니다. 아이코닉한 보스턴 실루엣에 워드마크 엠블럼, 가죽 행택, 로고 각인 메탈 패드락 디테일을 더해 제트세팅 헤리티지를 강조했습니다.",바디:비세토스 모노그램 캔버스 | 트림: 나파 가죽,약 9 x 18 x 10 센티미터,"스트랩 길이: 97 cm - 113cm, 핸들 드롭: 8cm",대한민국,탈부착 및 길이 조절 가능한 가죽 스트랩 | 가죽 탑 핸들 | 앞면의 ‘FIX ON’ 그래픽 디테일 | 뒷면의 ATEEZ 로고 디테일 | 탈부착 가능한 가죽 행택 및 자물쇠 디테일 | 양방향 지퍼 클로저 | 내부 포켓 및 카드 슬롯 | 24K 골드 도금 브라스 하드웨어 | 스웨이드 마감의 극세사 안감,미니,https://images.mcmworldwide.com/i/mcmworldwide/MWBGAUP01CO001_01?sw=600 | https://images.mcmworldwide.com/i/mcmworldwide/MWBGAUP01CO001_02?sw=600 | https://images.mcmworldwide.com/i/mcmworldwide/MWBGAUP01CO001_03?sw=600 | https://images.mcmworldwide.com/i/mcmworldwide/MWBGAUP01CO001_04?sw=600 | https://images.mcmworldwide.com/i/mcmworldwide/MWBGAUP01CO001_05?sw=600,https://kr.mcmworldwide.com/ko_KR/여성/핸드백/탑-핸들백/mcm-x-ateez-with-mingi-ella-비세토스-보스턴/MWBGAUP01CO001.html,스트릿
MWPCSVI01WT001,Liz 리버서블 비세토스 쇼퍼,1090000,White,WOMEN,BAG,OutOfStock,비세토스 모노그램 캔버스와 나파 가죽 소재의 가벼운 쇼퍼,"하나의 데일리 아이콘, 두 가지 시그니처 룩. 클래식 비세토스와 나파 가죽으로 제작한 미디엄 리즈 쇼퍼는 뒤집어서 몽환적인 큐빅 모노그램 패턴으로 색다른 룩을 연출할 수 있습니다. 가죽 드로우스트링을 활용하여 현대인의 역동적인 니즈에 맞게 가벼운 실루엣을 확장하거나 축소할 수 있습니다. 짧은 여행에서 따로 지갑으로 사용할 수 있는 탈부착 가능한 파우치 형태로 더 커진 활용성을 자랑합니다.",,약 17 x 36 x 28 센티미터,핸들 드롭: 24cm.,대한민국,리버서블 디자인 | 탈부착 가능한 비세토스 지퍼 파우치와 가죽 어깨 스트랩 | 가죽 손잡이 부분 | 전면의 MCM 로고 플레이트 | 보호용 가죽 바닥. | 비세토스 모노그램 코티드 캔버스. | 나파 가죽 트리밍. | 코발트 메탈 하드웨어. | 큐빅 모노그램 코튼 캔버스 안감,S | M,https://images.mcmworldwide.com/i/mcmworldwide/MWPCSVI01WT001_01?sw=600 | https://images.mcmworldwide.com/i/mcmworldwide/MWPCSVI01WT001_09?sw=600 | https://images.mcmworldwide.com/i/mcmworldwide/MWPCSVI01WT001_02?sw=600 | https://images.mcmworldwide.com/i/mcmworldwide/MWPCSVI01WT001_03?sw=600 | https://images.mcmworldwide.com/i/mcmworldwide/MWPCSVI01WT001_04?sw=600 | https://images.mcmworldwide.com/i/mcmworldwide/MWPCSVI01WT001_06?sw=600 | https://images.mcmworldwide.com/i/mcmworldwide/MWPCSVI01WT001_10?sw=600,https://kr.mcmworldwide.com/ko_KR/여성/핸드백/쇼퍼-토트백/liz-리버서블-비세토스-쇼퍼/MWPCSVI01WT001.html,캐주얼
MWTGSMA01BK001,Milla 스페니시 엠보스드 레더 토트,1990000,Black,WOMEN,BAG,InStock,"뮌헨의 아이콘, 새롭게 탄생하다.","스페인산 그레인 가죽으로 완성된 아이코닉 ‘밀라’ 토트백이 클래식한 실루엣으로 새롭게 재해석되었습니다. 정교한 구조와 넉넉한 수납 공간이 조화를 이루어 우아함과 실용성을 동시에 선사하며, 로고 엠보싱 가죽 참이 세련된 포인트를 더합니다. 토트로 들거나, 함께 제공되는 스트랩을 활용해 핸즈프리 스타일로 럭셔리하게 연출할 수 있습니다.",바디: 스페인산 엠보스드 레더 | 트림: 천연 나파 가죽,약 14 x 33 x 24 센티미터,,이탈리아,탈부착이 가능하며 길이 조절이 가능한 가죽 스트랩 | 가죽 탑 핸들 | 탈착 가능한 로고가 새겨진 바바리안 다이아몬드 레더 참 | 앞면의 MCM 로고 | 마그네틱 탭 클로저 | 내부 지퍼 수납공간 | 24K 골드 도금 브라스 하드웨어 | 스웨이드 마감의 극세사 안감,S | M,https://images.mcmworldwide.com/i/mcmworldwide/MWTGSMA01BK001_01?sw=600 | https://images.mcmworldwide.com/i/mcmworldwide/MWTGSMA01BK001_09?sw=600 | https://images.mcmworldwide.com/i/mcmworldwide/MWTGSMA01BK001_02?sw=600 | https://images.mcmworldwide.com/i/mcmworldwide/MWTGSMA01BK001_03?sw=600 | https://images.mcmworldwide.com/i/mcmworldwide/MWTGSMA01BK001_04?sw=600 | https://images.mcmworldwide.com/i/mcmworldwide/MWTGSMA01BK001_05?sw=600 | https://images.mcmworldwide.com/i/mcmworldwide/MWTGSMA01BK001_06?sw=600 | https://images.mcmworldwide.com/i/mcmworldwide/MWTGSMA01BK001_10?sw=600 | https://images.mcmworldwide.com/i/mcmworldwide/MWTGSMA01BK001_11?sw=600 | https://images.mcmworldwide.com/i/mcmworldwide/MWTGSMA01BK001_12?sw=600,https://kr.mcmworldwide.com/ko_KR/여성/핸드백/쇼퍼-토트백/milla-스페니시-엠보스드-레더-토트/MWTGSMA01BK001.html,클래식
MMKEAVE05CO001,스타크 모노그램 나일론 패커블 백팩,930000,Cognac,MEN,BAG,InStock,비세토스 모노그램 올오버 프린트와 천연 나파 가죽 트림이 돋보이는 컨버터블 나일론 백팩,MCM에서 2024 가을-겨울 시즌을 위해 혁신적인 패커블 디자인이 돋보이는 이탈리안 나일론 및 나파 가죽 소재의 한정판 스타크 백팩을 선보입니다. 지퍼형 전면 포켓을 통해 실루엣을 뒤집으면 가벼운 모노그램 파우치로 바뀌어 손쉽게 소지품을 보관하고 휴대할 수 있습니다. 파우치로 바꿀 때 함께 제공되는 D링 디테일로 원하는 스트랩을 부착하여 핸즈프리로 착용할 수 있습니다.,바디: 나일론 100% | 트림: 천연 나파 가죽 | 안감: 나일론 100%,약 14 x 32 x 41 센티미터,"스트랩 길이: 76cm ~ 90cm, 핸들 드롭: 8cm",대한민국,조절 가능한 어깨 스트랩 | 손잡이 부분 | 지퍼 파우치로 변형되는 패커블 디자인 | 전면 지퍼 수납공간 | 앞면의 MCM 로고 플레이트. | 양방향 지퍼 클로저 | 다크 톤 금속 장식,M,https://images.mcmworldwide.com/i/mcmworldwide/MMKEAVE05CO001_01?sw=600 | https://images.mcmworldwide.com/i/mcmworldwide/MMKEAVE05CO001_02?sw=600 | https://images.mcmworldwide.com/i/mcmworldwide/MMKEAVE05CO001_03?sw=600 | https://images.mcmworldwide.com/i/mcmworldwide/MMKEAVE05CO001_04?sw=600 | https://images.mcmworldwide.com/i/mcmworldwide/MMKEAVE05CO001_05?sw=600,https://kr.mcmworldwide.com/ko_KR/남성/가방/백팩/스타크-모노그램-나일론-패커블-백팩/MMKEAVE05CO001.html,캐주얼
MMZAAFI01CO001,비세토스 프루스튼 벨트백,1050000,Cognac,MEN,BAG,InStock,유행 중인 스트리트웨어 클래식인 프루스튼 벨트백은 간편하게 휴대할 수 있는 전설적인 아이템입니다.,날렵한 실루엣과 헤리티지 형태가 특징이며 빠르게 돌아가는 라이프스타일에 쉽게 적응합니다. 허리에 차거나 크로스바디로 착용하여 스트리트 스타일 룩을 완성해 보세요. 몸쪽에 숨겨진 슬릿 포켓은 귀중품을 보관하기 좋습니다.,,약 10 x 38 x 14 센티미터,스트랩 길이: 65cm ~ 106cm,대한민국,나파 가죽 트림 | 전면과 후면의 외부 지퍼 포켓 | 내부 오픈 포켓 | 24K 도금 금속 장식 | 코티드 캔버스 | 측면 D링 장식,S | M,https://images.mcmworldwide.com/i/mcmworldwide/MMZAAFI01CO001_01?sw=600 | https://images.mcmworldwide.com/i/mcmworldwide/MMZAAFI01CO001_09?sw=600 | https://images.mcmworldwide.com/i/mcmworldwide/MMZAAFI01CO001_03?sw=600 | https://images.mcmworldwide.com/i/mcmworldwide/MMZAAFI01CO001_04?sw=600 | https://images.mcmworldwide.com/i/mcmworldwide/MMZAAFI01CO001_10?sw=600 | https://images.mcmworldwide.com/i/mcmworldwide/MMZAAFI01CO001_11?sw=600,https://kr.mcmworldwide.com/ko_KR/남성/가방/벨트백/비세토스-프루스튼-벨트백/MMZAAFI01CO001.html,스트릿
MMKEAVE15IG001,Stark 사이드 스터드 비세토스 백팩,1650000,Beige,MEN,BAG,InStock,피라미드 모양 스터드 장식과 천연 나파 가죽 트림이 특징인 비세토스 모노그램 캔버스 백팩,"글로벌 노마드의 자유로운 정신을 담은 휴대용 아이콘. 비세토스 캔버스와 천연 나파 가죽으로 제작된 스타크 백팩은 기기, 서류, 액세서리를 품격 있게 정리할 수 있습니다. 피라미드 모양 스터드가 반짝이는 피니시로 실루엣을 장식합니다.",바디: 비세토스 모노그램 캔버스 | 트림: 천연 나파 가죽,약 13 x 26 x 33 센티미터,"스트랩 길이: 74cm ~ 90cm, 핸들 드롭: 7cm",대한민국,조절 가능한 어깨 스트랩 | 가죽 손잡이 부분 | MCM 로고 플레이트. | 전면 지퍼 수납공간 | 외부 사이드 포켓과 스터드 장식 | 양방향 지퍼 클로저 | 내부 포켓 및 태블릿 슬리브 | 도금 브라스 금속 장식 | 인조 나파 안감,X-Mini Bebe Boo | 미니 | S | S–M | M,https://images.mcmworldwide.com/i/mcmworldwide/MMKEAVE15IG001_01?sw=600 | https://images.mcmworldwide.com/i/mcmworldwide/MMKEAVE15IG001_09?sw=600 | https://images.mcmworldwide.com/i/mcmworldwide/MMKEAVE15IG001_02?sw=600 | https://images.mcmworldwide.com/i/mcmworldwide/MMKEAVE15IG001_03?sw=600 | https://images.mcmworldwide.com/i/mcmworldwide/MMKEAVE15IG001_04?sw=600 | https://images.mcmworldwide.com/i/mcmworldwide/MMKEAVE15IG001_10?sw=600 | https://images.mcmworldwide.com/i/mcmworldwide/MMKEAVE15IG001_11?sw=600,https://kr.mcmworldwide.com/ko_KR/남성/가방/백팩/스타크-사이드-스터드-비세토스-백팩/MMKEAVE15IG001.html,스트릿
MWTGABO01MT001,München 다이아몬드 자카드 토트,1790000,Multi,WOMEN,BAG,InStock,나파가죽 트림과 바이에른 다이아몬드 참 장식이 더해진 다이아몬드 모노그램 자카드 토트백,브랜드의 탄생지인 독일을 핵심 뮤즈로 삼은 이번 시즌의 München(뮌헨) 토트백은 바이에른 다이아몬드에서 영감을 받은 멀티컬러 자카드 직조 모노그램이 특징입니다. 브랜드의 시그니처 실루엣에 탈착 가능한 가죽 로고 참과 가죽 스트랩이 함께 구성되어 핸즈프리 스타일링이 가능합니다.,바디: 다이아몬드 모노그램 자카드 | 트림: 나파 가죽,약 15 x 38 x 28 센티미터,"스트랩 길이: 103cm - 119cm, 핸들 드롭: 10cm",대한민국,탈부착이 가능하며 길이 조절이 가능한 가죽 스트랩 | 가죽 탑 핸들 | 탈착 가능한 바이에른 다이아몬드 가죽 참 | 후크 잠금 장지 | 2개의 내부 슬립 포켓 | 내부 지퍼 수납공간 | 24K 골드 도금 브라스 하드웨어 | 스웨이드 마감의 극세사 안감,L,https://images.mcmworldwide.com/i/mcmworldwide/MWTGABO01MT001_01?sw=600 | https://images.mcmworldwide.com/i/mcmworldwide/MWTGABO01MT001_09?sw=600 | https://images.mcmworldwide.com/i/mcmworldwide/MWTGABO01MT001_02?sw=600 | https://images.mcmworldwide.com/i/mcmworldwide/MWTGABO01MT001_03?sw=600 | https://images.mcmworldwide.com/i/mcmworldwide/MWTGABO01MT001_04?sw=600 | https://images.mcmworldwide.com/i/mcmworldwide/MWTGABO01MT001_05?sw=600 | https://images.mcmworldwide.com/i/mcmworldwide/MWTGABO01MT001_10?sw=600 | https://images.mcmworldwide.com/i/mcmworldwide/MWTGABO01MT001_11?sw=600 | https://images.mcmworldwide.com/i/mcmworldwide/MWTGABO01MT001_12?sw=600 | https://images.mcmworldwide.com/i/mcmworldwide/MWTGABO01MT001_13?sw=600,https://kr.mcmworldwide.com/ko_KR/여성/핸드백/쇼퍼-토트백/münchen-다이아몬드-자카드-토트/MWTGABO01MT001.html,클래식
MMKFSVE06BK001,리사이클 나일론 소재의 스타크 백팩,1590000,Black,MEN,BAG,OutOfStock,모노그램 프린트 지퍼 수납 공간과 천연 나파 가죽 트리밍이 돋보이는 리사이클 나일론 백팩,이전 모델의 기능적인 부분은 유지하고 이동성에 대한 부분은 한층 강화시킨 백팩. 시그니처 스타크 실루엣을 리사이클 나일론으로 새롭게 디자인한 이 가방은 모노그램 메시 소재의 외부 지퍼 수납공간으로 액세서리와 소지품을 깔끔하게 수납할 수 있습니다.,바디: 이탈리아산 재생 나일론 | 트림: 천연 나파 가죽,약 15 x 32 x 44 센티미터,"스트랩 길이:74 cm ~ 90 cm , 핸들 길이: 6.5cm",대한민국,"길이 조절이 가능한 스트랩 | 가죽 탑 핸 | 비세토스 모노그램 프린트의 앞면 및 측면 지퍼 포켓 | D링 디테일 | 양방향 지퍼 클로저 | 13"" 노트북과 태플릿 수납이 가능한 내부 포켓과 슬리브 | Padded back panel | 실버 톤 코발트 메탈 하드웨어 | 나일론 라이닝",M,https://images.mcmworldwide.com/i/mcmworldwide/MMKFSVE06BK001_01?sw=600 | https://images.mcmworldwide.com/i/mcmworldwide/MMKFSVE06BK001_09?sw=600 | https://images.mcmworldwide.com/i/mcmworldwide/MMKFSVE06BK001_02?sw=600 | https://images.mcmworldwide.com/i/mcmworldwide/MMKFSVE06BK001_03?sw=600 | https://images.mcmworldwide.com/i/mcmworldwide/MMKFSVE06BK001_04?sw=600 | https://images.mcmworldwide.com/i/mcmworldwide/MMKFSVE06BK001_10?sw=600 | https://images.mcmworldwide.com/i/mcmworldwide/MMKFSVE06BK001_11?sw=600 | https://images.mcmworldwide.com/i/mcmworldwide/MMKFSVE06BK001_12?sw=600 | https://images.mcmworldwide.com/i/mcmworldwide/MMKFSVE06BK001_13?sw=600,https://kr.mcmworldwide.com/ko_KR/남성/가방/백팩/리사이클-나일론-소재의-스타크-백팩/MMKFSVE06BK001.html,캐주얼
MWREATA01CO001,비세토스 아렌 숄더 백.,890000,Cognac,WOMEN,BAG,InStock,체인 스트랩과 나파 가죽 트림이 돋보이는 비세토스 모노그램 숄더백,클래식 코냑 비세토스와 천연 나파 가죽으로 제작하여 우아한 이동성을 간결하게 표현한 미니 체인 숄더백입니다. MCM만의 헤리티지 홀마크인 도금 브라스 로고 플레이트가 실루엣의 앞면을 장식합니다.,바디: 비세토스 모노그램 캔버스 | 트림: 천연 나파 가죽,약 6 x 21 x 11 센티미터,,대한민국,골드톤 체인 스트랩 | 뒷면 외부 포켓 | MCM 로고 플레이트. | 자석 스냅 클로저. | 내부 지퍼 포켓 및 카드 슬롯. | 24K 도금 브라스 금속 장식 | 스웨이드 마감 마이크로파이버 안감 | 스트랩 드롭: 55cm.,미니,https://images.mcmworldwide.com/i/mcmworldwide/MWREATA01CO001_01?sw=600 | https://images.mcmworldwide.com/i/mcmworldwide/MWREATA01CO001_09?sw=600 | https://images.mcmworldwide.com/i/mcmworldwide/MWREATA01CO001_02?sw=600 | https://images.mcmworldwide.com/i/mcmworldwide/MWREATA01CO001_03?sw=600 | https://images.mcmworldwide.com/i/mcmworldwide/MWREATA01CO001_04?sw=600,https://kr.mcmworldwide.com/ko_KR/여성/핸드백/숄더백-크로스백/비세토스-아렌-숄더-백./MWREATA01CO001.html,페미닌
MWPGSLR024B001,New Liz 비세토스 쇼퍼,1090000,Brown,WOMEN,BAG,InStock,매칭 지퍼 파우치와 천연 나파 가죽 트림이 돋보이는 비세토스 모노그램 캔버스 쇼퍼백,"더 가볍고 부드러워진 New Liz. 움직임에 최적화된 실루엣으로 재탄생했습니다. 길어진 가죽 스트랩은 향상된 착용감을 제공하며, D-링 디테일로 개인 참을 더할 수 있습니다. 탈착 가능한 파우치는 클러치로도 활용되어 데이룩에서 이브닝룩까지 자연스럽게 어우러집니다.",바디:비세토스 모노그램 캔버스,약 17 x 30 x 35 센티미터,핸들 드롭: 26.5 cm,대한민국,바이에른 다이아몬드에서 영감을 얻은 레더 핸들 스트랩 | 로고 브라스 플레이트 | 후크 잠금 장지 | 탈착 가능한 매칭되는 모노그램 지퍼 파우치 | D-ring detail for charms | Protective leather feet | 레더 트림 | 24K 골드 도금 브라스 하드웨어 | 뮤닉 라이온 모티프가 더해진 패브릭 안감,S | M,https://images.mcmworldwide.com/i/mcmworldwide/MWPGSLR024B001_01?sw=600 | https://images.mcmworldwide.com/i/mcmworldwide/MWPGSLR024B001_09?sw=600 | https://images.mcmworldwide.com/i/mcmworldwide/MWPGSLR024B001_02?sw=600 | https://images.mcmworldwide.com/i/mcmworldwide/MWPGSLR024B001_03?sw=600 | https://images.mcmworldwide.com/i/mcmworldwide/MWPGSLR024B001_04?sw=600 | https://images.mcmworldwide.com/i/mcmworldwide/MWPGSLR024B001_05?sw=600 | https://images.mcmworldwide.com/i/mcmworldwide/MWPGSLR024B001_06?sw=600 | https://images.mcmworldwide.com/i/mcmworldwide/MWPGSLR024B001_10?sw=600 | https://images.mcmworldwide.com/i/mcmworldwide/MWPGSLR024B001_11?sw=600,https://kr.mcmworldwide.com/ko_KR/여성/핸드백/쇼퍼-토트백/new-liz-비세토스-쇼퍼/MWPGSLR024B001.html,캐주얼
MWPGSLR03BK001,New Liz 비세토스 쇼퍼,1050000,Black,WOMEN,BAG,InStock,천연 나파 가죽 트리밍과 매치된 지퍼 파우치가 포함된 비세토스 모노그램 캔버스 쇼퍼백,"새로운 스타일의 New Liz. 한층 가벼워지고 부드러워진 실루엣으로 재해석된 New Liz는 자유로운 움직임을 고려해 디자인되었습니다. 길어진 가죽 스트랩이 한층 편안한 착용감을 선사하며, 참 액세서리를 더할 수 있는 D-링 디테일로 개성을 더했습니다. 탈부착 가능한 파우치는 단독 클러치로도 활용할 수 있어 낮부터 저녁까지 자연스럽게 이어지는 스타일을 완성합니다.",바디:비세토스 모노그램 캔버스 | 트림: 천연 가죽,약 15 x 25 x 31 센티미터,핸들 드롭: 26 cm,대한민국,바이에른 다이아몬드에서 영감을 받은 가죽 핸들 스트랩 | 로고 브라스 플레이트 | 후크 클라스프 클로저 | 탈착 가능한 비세토스 모노그램 지퍼 파우치 | D링 디테일 | 대비되는 톤으로 완성된 스티칭 | 바닥 보호를 위한 레더 패드 | 실버톤 코발트 브라스 하드웨어 | 패브릭 안감,S | M,https://images.mcmworldwide.com/i/mcmworldwide/MWPGSLR03BK001_01?sw=600 | https://images.mcmworldwide.com/i/mcmworldwide/MWPGSLR03BK001_09?sw=600 | https://images.mcmworldwide.com/i/mcmworldwide/MWPGSLR03BK001_02?sw=600 | https://images.mcmworldwide.com/i/mcmworldwide/MWPGSLR03BK001_03?sw=600 | https://images.mcmworldwide.com/i/mcmworldwide/MWPGSLR03BK001_04?sw=600 | https://images.mcmworldwide.com/i/mcmworldwide/MWPGSLR03BK001_05?sw=600 | https://images.mcmworldwide.com/i/mcmworldwide/MWPGSLR03BK001_06?sw=600 | https://images.mcmworldwide.com/i/mcmworldwide/MWPGSLR03BK001_10?sw=600,https://kr.mcmworldwide.com/ko_KR/여성/핸드백/쇼퍼-토트백/new-liz-비세토스-쇼퍼/MWPGSLR03BK001.html,캐주얼
MWRGAOB04CO001,Pina 골드 크리스탈 비세토스 탬버린 크로스바디,2390000,Cognac,WOMEN,BAG,InStock,화려한 장식으로 재해석한 클래식한 탬버린 백,시그니처 비세토스(Visetos) 캔버스 바디 위에 골드 도금 스터드와 Swarovski® 크리스털로 장식해 화려한 존재감을 완성한 Pina 탬버린백. 원형 실루엣에 가죽 태슬이 더해져 뮌헨 황금기의 웅장함을 아름답게 담아냅니다.,바디:비세토스 모노그램 캔버스 | 트림: 나파 가죽,약 6 x 19 x 19 센티미터,,대한민국,탈부착이 가능하며 길이 조절이 가능한 가죽 스트랩 | Swarovski® 크리스털 장식 | 가죽 테슬 디테일 | 로고 브라스 플레이트 | 양방향 지퍼 클로저 | 내부 포켓 | 24K 금 도금 브라스 스터드와 하드웨어 | 스웨이드 마감의 극세사 안감,S,https://images.mcmworldwide.com/i/mcmworldwide/MWRGAOB04CO001_01?sw=600 | https://images.mcmworldwide.com/i/mcmworldwide/MWRGAOB04CO001_09?sw=600 | https://images.mcmworldwide.com/i/mcmworldwide/MWRGAOB04CO001_02?sw=600 | https://images.mcmworldwide.com/i/mcmworldwide/MWRGAOB04CO001_03?sw=600 | https://images.mcmworldwide.com/i/mcmworldwide/MWRGAOB04CO001_04?sw=600 | https://images.mcmworldwide.com/i/mcmworldwide/MWRGAOB04CO001_05?sw=600 | https://images.mcmworldwide.com/i/mcmworldwide/MWRGAOB04CO001_10?sw=600,https://kr.mcmworldwide.com/ko_KR/여성/핸드백/숄더백-크로스백/pina-골드-크리스탈-비세토스-탬버린-크로스바디/MWRGAOB04CO001.html,럭셔리
MYZAAVI02K8001,비세토스 오리지널 크로스바디 파우치,730000,Green,WOMEN,BAG,InStock,천연가죽 스트랩과 트림이 더해진 비세토스 모노그램 캔버스 지퍼 파우치,"카키 모스 컬러의 클래식 비세토스 모노그램으로 완성된 이 파우치는 넉넉한 수납공간을 갖추고 있습니다. 내부는 코튼 트윌 안감을 사용했고, 외부의 스냅 포켓이 있어 자주 사용하는 필수품을 빠르고 안전하게 보관할 수 있습니다. 클러치로 들거나 가죽 스트랩을 연결해 크로스바디 스타일로 연출할 수 있습니다.",바디: 코팅 처리된 비세토스 모노그램 캔버스 | 트림: 천연 나파 가죽,약 3 x 30 x 22 센티미터,스트랩 길이: 60cm,대한민국,탈부착이 가능하며 길이 조절이 가능한 가죽 크로스바디 스트랩 | 히든 스냅이 있는 뒷면 외부 포켓 | 지퍼 클로저 | 내부 포켓과 지퍼 포켓 | 실버톤 코발트 메탈 하드웨어 | 코튼 트윌 안감,M,https://images.mcmworldwide.com/i/mcmworldwide/MYZAAVI02K8001_01?sw=600 | https://images.mcmworldwide.com/i/mcmworldwide/MYZAAVI02K8001_09?sw=600 | https://images.mcmworldwide.com/i/mcmworldwide/MYZAAVI02K8001_03?sw=600 | https://images.mcmworldwide.com/i/mcmworldwide/MYZAAVI02K8001_04?sw=600 | https://images.mcmworldwide.com/i/mcmworldwide/MYZAAVI02K8001_10?sw=600,https://kr.mcmworldwide.com/ko_KR/여성/핸드백/클러치-파우치/비세토스-오리지널-크로스바디-파우치/MYZAAVI02K8001.html,캐주얼
MMKEAVE12IG001,Stark 사이드 스터드 비세토스 백팩,1890000,Beige,MEN,BAG,OutOfStock,피라미드 모양 스터드 장식과 천연 나파 가죽 트림이 특징인 비세토스 모노그램 캔버스 백팩,"글로벌 노마드의 자유로운 정신을 담은 휴대용 아이콘. 비세토스 캔버스와 천연 나파 가죽으로 제작된 스타크 백팩은 기기, 서류, 액세서리를 품격 있게 정리할 수 있습니다. 피라미드 모양 스터드가 반짝이는 피니시로 실루엣을 장식합니다.",바디: 비세토스 모노그램 캔버스 | 트림: 천연 나파 가죽,약 16 x 33 x 41 센티미터,"스트랩 길이: 76cm~90cm, 핸들 길이: 8cm",대한민국,조절 가능한 어깨 스트랩 | 가죽 손잡이 부분 | MCM 로고 플레이트 | 전면 지퍼 수납공간 | 외부 사이드 포켓과 스터드 장식 | 양방향 지퍼 클로저 | 내부 포켓 및 13인치 노트북과 태블릿을 위한 슬리브 | 도금 브라스 금속 장식 | 인조 나파 안감,X-Mini Bebe Boo | 미니 | S | S–M | M,https://images.mcmworldwide.com/i/mcmworldwide/MMKEAVE12IG001_01?sw=600 | https://images.mcmworldwide.com/i/mcmworldwide/MMKEAVE12IG001_09?sw=600 | https://images.mcmworldwide.com/i/mcmworldwide/MMKEAVE12IG001_02?sw=600 | https://images.mcmworldwide.com/i/mcmworldwide/MMKEAVE12IG001_03?sw=600 | https://images.mcmworldwide.com/i/mcmworldwide/MMKEAVE12IG001_04?sw=600 | https://images.mcmworldwide.com/i/mcmworldwide/MMKEAVE12IG001_10?sw=600 | https://images.mcmworldwide.com/i/mcmworldwide/MMKEAVE12IG001_11?sw=600,https://kr.mcmworldwide.com/ko_KR/남성/가방/백팩/stark-사이드-스터드-비세토스-백팩/MMKEAVE12IG001.html,스트릿
MMKGAVE07CO001,Stark 사이드 스터드 골드 크리스탈 비세토스 백팩,2290000,Cognac,MEN,BAG,InStock,정교한 장식으로 새롭게 완성된 시그니처 스타크 백팩,"코냑 컬러 비세토스 캔버스와 나파 가죽으로 완성된 클래식 Stark 백팩을 수많은 Swarovski® 크리스털과 골드 도금 스터드가 화려하게 장식합니다. 현대적인 글로벌 노마드 라이프스타일에 맞춰 설계된 타임리스 실루엣으로, 다양한 내부 및 외부 수납공간을 갖추어 디바이스, 문서, 액세서리를 효율적으로 정리할 수 있습니다.",바디:비세토스 모노그램 캔버스 | 트림: 나파 가죽,약 14 x 30 x 38 센티미터,,대한민국,길이 조절이 가능한 숄더 스트랩 | 가죽 탑 핸들 | Swarovski® 크리스털 장식 | 로고 브라스 플레이트 | 앞면 지퍼 포켓 | 스터드 디테일이 있는 외부 포켓 | 양방향 지퍼 클로저 | 13인치 노트북이나 태블릿을 위한 슬리브와 내부 포켓 | 24K 금 도금 브라스 스터드와 하드웨어 | 스웨이드 마감의 극세사 안감,S–M,https://images.mcmworldwide.com/i/mcmworldwide/MMKGAVE07CO001_01?sw=600 | https://images.mcmworldwide.com/i/mcmworldwide/MMKGAVE07CO001_02?sw=600 | https://images.mcmworldwide.com/i/mcmworldwide/MMKGAVE07CO001_03?sw=600 | https://images.mcmworldwide.com/i/mcmworldwide/MMKGAVE07CO001_04?sw=600 | https://images.mcmworldwide.com/i/mcmworldwide/MMKGAVE07CO001_05?sw=600 | https://images.mcmworldwide.com/i/mcmworldwide/MMKGAVE07CO001_06?sw=600 | https://images.mcmworldwide.com/i/mcmworldwide/MMKGAVE07CO001_10?sw=600 | https://images.mcmworldwide.com/i/mcmworldwide/MMKGAVE07CO001_11?sw=600 | https://images.mcmworldwide.com/i/mcmworldwide/MMKGAVE07CO001_12?sw=600,https://kr.mcmworldwide.com/ko_KR/남성/가방/백팩/stark-사이드-스터드-골드-크리스탈-비세토스-백팩/MMKGAVE07CO001.html,럭셔리
MWPFSMT03BK001,Toni 비세토스 탑 지퍼 숄더,850000,Black,WOMEN,BAG,InStock,가죽 크로스바디 스트랩과 천연 나파 가죽 트림이 더해진 비세토스 모노그램 캔버스 쇼퍼백,토니 쇼퍼백 특유 디자인을 축소하여 완성판 컴팩트한 백. 부드러운 가죽 핸들과 길이 조절이 가능한 가죽 스트랩이 더해져 다양한 룩으로 연출 할 수 있습니다.,바디:비세토스 모노그램 캔버스 | 트림: 천연 나파 가죽,약 9 x 16 x 14 센티미터,"스트랩 길이: 109.5cm - 13.5cm, 핸들 길이 9cm",대한민국,탈부착이 가능하며 길이 조절이 가능한 가죽 스트랩 | 가죽 탑 핸들 | 로고 브라스 플레이트 | 뒷면의 외부 포켓 | 상단 지퍼 클로저 | 내부 포켓 및 카드 슬롯 | 실버톤 코발트 메탈 하드웨어 | 패브릭 안감,엑스트라 미니 | 미니,https://images.mcmworldwide.com/i/mcmworldwide/MWPFSMT03BK001_01?sw=600 | https://images.mcmworldwide.com/i/mcmworldwide/MWPFSMT03BK001_09?sw=600 | https://images.mcmworldwide.com/i/mcmworldwide/MWPFSMT03BK001_02?sw=600 | https://images.mcmworldwide.com/i/mcmworldwide/MWPFSMT03BK001_03?sw=600 | https://images.mcmworldwide.com/i/mcmworldwide/MWPFSMT03BK001_04?sw=600 | https://images.mcmworldwide.com/i/mcmworldwide/MWPFSMT03BK001_10?sw=600,https://kr.mcmworldwide.com/ko_KR/여성/핸드백/쇼퍼-토트백/toni-비세토스-탑-지퍼-숄더/MWPFSMT03BK001.html,캐주얼
MWPAATN04I8001,Toni 비세토스 상단 지퍼 쇼퍼,970000,Beige,WOMEN,BAG,InStock,포함된 가죽 스트랩을 활용해 핸즈프리로 착용할 수 있는 탁월한 활용성의 컴팩트한 쇼퍼.,나파 가죽 트림과 시그니처 비세토스 캔버스로 제작되었으며 개성 있고 실용적이며 기하학적 형태가 돋보이는 미니 토니 쇼퍼입니다. 고급스러운 코튼 캔버스 내부에 상단 지퍼 클로저로 소지품을 안전하게 보관할 수 있으며 하우스의 메트로폴리탄 정신에서 영감을 받은 그래픽 프린트가 돋보입니다.,,약 10 x 19 x 19 센티미터,"스트랩 길이: 98cm ~ 114cm, 핸들 드롭: 10cm",대한민국,탈부착 및 조절 가능한 가죽 스트랩 | 가죽 손잡이 부분 | 외부 포켓 | 상단 지퍼 클로저 | 내부 지퍼 포켓 및 슬립 포켓 | 참을 달 수 있는 D링 | 비세토스 모노그램 코티드 캔버스 | 나파 가죽 트림 | 24K 도금 브라스 금속 장식 | 코튼 캔버스 안감.,엑스트라 미니 | 미니,https://images.mcmworldwide.com/i/mcmworldwide/MWPAATN04I8001_01?sw=600 | https://images.mcmworldwide.com/i/mcmworldwide/MWPAATN04I8001_09?sw=600 | https://images.mcmworldwide.com/i/mcmworldwide/MWPAATN04I8001_02?sw=600 | https://images.mcmworldwide.com/i/mcmworldwide/MWPAATN04I8001_03?sw=600 | https://images.mcmworldwide.com/i/mcmworldwide/MWPAATN04I8001_04?sw=600 | https://images.mcmworldwide.com/i/mcmworldwide/MWPAATN04I8001_10?sw=600,https://kr.mcmworldwide.com/ko_KR/여성/핸드백/쇼퍼-토트백/toni-비세토스-상단-지퍼-쇼퍼/MWPAATN04I8001.html,캐주얼
MWPGAMT01CO001,Toni 디스코 비세토스 탑 지퍼 쇼퍼,1150000,Cognac,WOMEN,BAG,InStock,비세토스 모노그램 캔버스에 나파 가죽 트리밍과 'MCM Disco' 모티프를 더한 쇼퍼백,Toni(토니) 쇼퍼백이 시그니처 비세토스 모노그램 위에 뮌헨 황금기의 음악과 문화에서 영감을 받은 멀티컬러 ‘MCM Disco’ 타이포그래피를 더해 생동감 있는 시즌 스타일로 선보입니다. 오렌지 나파 가죽 디테일은 클래식한 코냑 컬러 실루엣과 조화를 이루며 감각적인 컬러 대비를 완성합니다.,바디:비세토스 모노그램 캔버스 | 트림: 나파 가죽,약 9 x 16 x 14 센티미터,핸들 드롭: 26cm,대한민국,가죽 핸들 스트랩 | MCM Disco 모티프 | 지퍼 클로저 | 내부 슬립 포켓 | 참을 달 수 있는 D링 디테일 | 24K 골드 도금 브라스 하드웨어 | 스웨이드 마감의 극세사 안감,M,https://images.mcmworldwide.com/i/mcmworldwide/MWPGAMT01CO001_01?sw=600 | https://images.mcmworldwide.com/i/mcmworldwide/MWPGAMT01CO001_09?sw=600 | https://images.mcmworldwide.com/i/mcmworldwide/MWPGAMT01CO001_02?sw=600 | https://images.mcmworldwide.com/i/mcmworldwide/MWPGAMT01CO001_03?sw=600 | https://images.mcmworldwide.com/i/mcmworldwide/MWPGAMT01CO001_04?sw=600 | https://images.mcmworldwide.com/i/mcmworldwide/MWPGAMT01CO001_05?sw=600 | https://images.mcmworldwide.com/i/mcmworldwide/MWPGAMT01CO001_10?sw=600,https://kr.mcmworldwide.com/ko_KR/여성/핸드백/쇼퍼-토트백/toni-디스코-비세토스-탑-지퍼-쇼퍼/MWPGAMT01CO001.html,캐주얼
MWPGSMT04QA001,Toni 맥시 모노그램 레더 탑 지퍼 쇼퍼,1290000,Pink,WOMEN,BAG,OutOfStock,엠보싱 처리된 맥시 비세토스 모노그램 모티프의 천연 풀그레인 가죽 쇼퍼 백,"이탈리아산 천연 풀그레인 가죽으로 제작된 토니 쇼퍼 백은 시그니처 비세토스 모노그램을 확장된 스케일로 표현해 뮌헨 하우스의 유산을 현대적으로 재해석했습니다. 부드러운 핸들로 토트 스타일 연출은 물론, 가죽 스트랩을 활용해 보다 자유로운 스타일링이 가능합니다.",바디: 천연 풀 그레인 레더,약 9 x 19 x 19 센티미터,"스트랩 길이: 108 cm - 132 cm, 핸들 드롭: 10.5 cm",이탈리아,탈부착이 가능하며 길이 조절이 가능한 가죽 스트랩 | 가죽 탑 핸들 | 엠보싱 처리된 맥시 모노그램 모티프 | 지퍼 클로저 | 가죽 패치가 더해진 내부 포켓 | 16K 골드 도금 메탈 하드웨어 | 스웨이드 마감의 극세사 안감,미니 | S,https://images.mcmworldwide.com/i/mcmworldwide/MWPGSMT04QA001_01?sw=600 | https://images.mcmworldwide.com/i/mcmworldwide/MWPGSMT04QA001_09?sw=600 | https://images.mcmworldwide.com/i/mcmworldwide/MWPGSMT04QA001_02?sw=600 | https://images.mcmworldwide.com/i/mcmworldwide/MWPGSMT04QA001_03?sw=600 | https://images.mcmworldwide.com/i/mcmworldwide/MWPGSMT04QA001_04?sw=600 | https://images.mcmworldwide.com/i/mcmworldwide/MWPGSMT04QA001_05?sw=600 | https://images.mcmworldwide.com/i/mcmworldwide/MWPGSMT04QA001_10?sw=600 | https://images.mcmworldwide.com/i/mcmworldwide/MWPGSMT04QA001_11?sw=600,https://kr.mcmworldwide.com/ko_KR/여성/핸드백/쇼퍼-토트백/toni-맥시-모노그램-레더-탑-지퍼-쇼퍼/MWPGSMT04QA001.html,클래식
MWRGSXT01BK001,Tracy 비세토스 레더 믹스 크로스바디,1050000,Black,WOMEN,BAG,InStock,라우렐 락 잠금장치와 이탈리안 카프스킨 레더 트림이 더해진 비세토스 모노그램 캔버스 크로스바디,이탈리아산 카프스킨 레더로 우아하게 마감된 미니 ‘트레이시’ 크로스바디 백은 시그니처 비세토스 캔버스 위에 하우스의 상징적인 라우렐 락 잠금장치로 완성되었습니다. 체인 링크 디자인이 더해진 가죽 스트랩이 사랑스러운 미니 실루엣을 더욱 돋보이게 합니다.,바디:비세토스 모노그램 캔버스 | 트림: 이탈리안 카프스킨,약 5 x 22 x 11 센티미터,,대한민국,탈부착 가능한 레더 체인 믹스 스트랩 | 라우렐 락 클로저 | 내부 카드 슬롯과 지퍼 수납공간 | 실버톤 코발트 브라스 하드웨어 | 스웨이드 마감의 극세사 안감 | 스트랩 드롭: 55 cm,미니,https://images.mcmworldwide.com/i/mcmworldwide/MWRGSXT01BK001_01?sw=600 | https://images.mcmworldwide.com/i/mcmworldwide/MWRGSXT01BK001_09?sw=600 | https://images.mcmworldwide.com/i/mcmworldwide/MWRGSXT01BK001_02?sw=600 | https://images.mcmworldwide.com/i/mcmworldwide/MWRGSXT01BK001_03?sw=600 | https://images.mcmworldwide.com/i/mcmworldwide/MWRGSXT01BK001_04?sw=600 | https://images.mcmworldwide.com/i/mcmworldwide/MWRGSXT01BK001_05?sw=600 | https://images.mcmworldwide.com/i/mcmworldwide/MWRGSXT01BK001_10?sw=600 | https://images.mcmworldwide.com/i/mcmworldwide/MWRGSXT01BK001_11?sw=600,https://kr.mcmworldwide.com/ko_KR/여성/핸드백/숄더백-크로스백/tracy-비세토스-레더-믹스-크로스바디/MWRGSXT01BK001.html,페미닌
MWPGSMT12L8001,Toni 그라데이션 탑 지퍼 쇼퍼,1090000,Blue,WOMEN,BAG,OutOfStock,그라데이션 모티프에 천연 가죽 트림이 더해진 비세토스 모노그램 캔버스 쇼퍼 백,시그니처 비세토스 모노그램 위로 세 가지 컬러가 이루어내는 그라데이션이 시즌 무드를 담아냅니다. 창의성과 장인정신이 조화를 이루는 이 토니 쇼퍼는 블루 가죽 포인트와 바이에른 다이아몬드에서 영감을 받은 탈부착 가죽 참으로 세련되게 마감되었습니다.,바디:비세토스 모노그램 캔버스 | 트림:천연 가죽,약 16 x 35 x 30 센티미터,핸들 드롭: 26.5 cm,대한민국,가죽 핸들 | 탈착 가능한 바바리안 다이아몬드 가죽 참 | 그라데이션 효과 | 로고 브라스 플레이트 | 지퍼 클로저 | 내부 슬립 포켓 | D링 참 장식 디테일 | 실버톤 코발트 메탈 하드웨어 | 스웨이드 마감의 극세사 안감,M,https://images.mcmworldwide.com/i/mcmworldwide/MWPGSMT12L8001_01?sw=600 | https://images.mcmworldwide.com/i/mcmworldwide/MWPGSMT12L8001_09?sw=600 | https://images.mcmworldwide.com/i/mcmworldwide/MWPGSMT12L8001_02?sw=600 | https://images.mcmworldwide.com/i/mcmworldwide/MWPGSMT12L8001_03?sw=600 | https://images.mcmworldwide.com/i/mcmworldwide/MWPGSMT12L8001_04?sw=600 | https://images.mcmworldwide.com/i/mcmworldwide/MWPGSMT12L8001_05?sw=600 | https://images.mcmworldwide.com/i/mcmworldwide/MWPGSMT12L8001_10?sw=600 | https://images.mcmworldwide.com/i/mcmworldwide/MWPGSMT12L8001_11?sw=600,https://kr.mcmworldwide.com/ko_KR/여성/핸드백/쇼퍼-토트백/toni-그라데이션-탑-지퍼-쇼퍼/MWPGSMT12L8001.html,캐주얼
MYSFSTA02PZ001,Aren 비세토스 3단 지갑,490000,Pink,WOMEN,WALLET,InStock,천연 가죽 트림이 더해진 비세토스 모노그램 트라이폴드 스냅 월렛,"아이코닉한 MCM 로고 브라스 플레이트가 장식된 스냅 클로저로 여닫는 모노그램 지갑입니다. 내부는 고급스러운 가죽으로 마감되어 있으며, 카드 슬롯 6개, 지폐 수납공간, 지퍼 포켓으로 구성되어 있습니다.",바디:비세토스 모노그램 캔버스 | 트림:천연 가죽,약 3 x 12 x 9 센티미터,,대한민국,로고가 각인된 브라스 스냅 잠금장치 | 6개의 내부 카드 슬롯 | 지폐 수납 공간 | 지퍼 수납 공간 | 18K 골드 도금 메탈 하드웨어 | 패브릭 안감,S,https://images.mcmworldwide.com/i/mcmworldwide/MYSFSTA02PZ001_01?sw=600 | https://images.mcmworldwide.com/i/mcmworldwide/MYSFSTA02PZ001_03?sw=600 | https://images.mcmworldwide.com/i/mcmworldwide/MYSFSTA02PZ001_04?sw=600,https://kr.mcmworldwide.com/ko_KR/여성/지갑-레더소품/반지갑/aren-비세토스-3단-지갑/MYSFSTA02PZ001.html,클래식
MXAGATA01CO001,Aren 비세토스 카드 지갑,430000,Cognac,MEN,WALLET,InStock,나파 가죽 트림과 가죽 핸들 스트랩이 더해진 비세토스 모노그램 캔버스 지퍼 파우치,"코냑 비세토스 캔버스로 선보이는 지퍼 파우치. 클래식 모노그램이 돋보이며, 뒷면에 카드 슬롯을 배치해 수납력을 더했습니다. 메인 지퍼 수납공간은 소지품을 안전하게 보관할 수 있으며, 가죽 스트랩과 키링 디테일로 완성도를 높였습니다.",바디:비세토스 모노그램 캔버스 | 트림: 나파 가죽,약 2 x 13 x 8 센티미터,,대한민국,탈부착이 가능한 가죽 핸들 스트랩 | 키링 | 뒷면 외부 카드 슬롯 | 지퍼 클로저 | 24K 골드 도금 브라스 하드웨어 | 패브릭 안감 | 핸들 스트랩: 46 cm,미니 | S,https://images.mcmworldwide.com/i/mcmworldwide/MXAGATA01CO001_01?sw=600 | https://images.mcmworldwide.com/i/mcmworldwide/MXAGATA01CO001_03?sw=600 | https://images.mcmworldwide.com/i/mcmworldwide/MXAGATA01CO001_04?sw=600,https://kr.mcmworldwide.com/ko_KR/남성/지갑-레더소품/카드지갑-키홀더/aren-비세토스-카드-지갑/MXAGATA01CO001.html,미니멀
MXSBSVI01BK001,Aren 비세토스 오리지널 반지갑,410000,Black,MEN,WALLET,OutOfStock,스냅 클로저가 있는 비세토스와 나파 가죽 소재의 반지갑.,비세토스 코티드 캔버스로 제작한 스냅 지갑은 나파 가죽 안감과 여러 개의 카드 슬롯 및 현금을 보관할 수 있는 사이드 슬리브가 특징입니다. 세련된 지퍼 포켓으로 동전과 작은 필수 아이템을 안전하게 휴대할 수 있습니다.,소재: COATED CANVAS,약 2 x 9 x 12 센티미터,,대한민국,내부 카드 슬롯 | 지폐 슬리브 | 내부 사이드 슬립 포켓 | 내부 사이드 슬립 포켓 | 지폐 슬리브 | 비세토스 모노그램 코티드 캔버스 | 나파 가죽 트림 | 24K 금 도금 하드웨어 | 패브릭 안감.,프리 사이즈 | 미니,https://images.mcmworldwide.com/i/mcmworldwide/MXSBSVI01BK001_01?sw=600 | https://images.mcmworldwide.com/i/mcmworldwide/MXSBSVI01BK001_20?sw=600 | https://images.mcmworldwide.com/i/mcmworldwide/MXSBSVI01BK001_09?sw=600 | https://images.mcmworldwide.com/i/mcmworldwide/MXSBSVI01BK001_03?sw=600 | https://images.mcmworldwide.com/i/mcmworldwide/MXSBSVI01BK001_04?sw=600 | https://images.mcmworldwide.com/i/mcmworldwide/MXSBSVI01BK001_10?sw=600,https://kr.mcmworldwide.com/ko_KR/남성/지갑-레더소품/반지갑-머니클립/aren-비세토스-오리지널-반지갑/MXSBSVI01BK001.html,클래식
MXZGATA03CO001,Aren 디스코 비세토스 랜야드 카드 지갑,350000,Cognac,MEN,WALLET,InStock,"비세토스 모노그램 캔버스에 지퍼 수납공간, 가죽 스트랩, 나파 가죽 트리밍을 적용한 카드 케이스",뮌헨 황금기의 음악과 문화를 담은 ‘MCM Disco’ 타이포그래피 아트워크가 돋보이는 이번 시즌 Aren(아렌) 카드 홀더는 가죽 스트랩을 더해 핸즈프리 스타일링이 가능합니다. 오렌지 나파 가죽 디테일과 지퍼 수납공간으로 소지품을 안전하게 보관할 수 있습니다.,바디:비세토스 모노그램 캔버스 | 트림: 나파 가죽,약 1 x 8 x 13 센티미터,스트랩 길이: 45cm,대한민국,탈부착 가능한 레더 스트랩 | MCM Disco 모티프 | 카드 슬롯 | 지퍼 수납 공간 | 24K 골드 도금 브라스 하드웨어 | 패브릭 안감,프리 사이즈,https://images.mcmworldwide.com/i/mcmworldwide/MXZGATA03CO001_01?sw=600 | https://images.mcmworldwide.com/i/mcmworldwide/MXZGATA03CO001_02?sw=600 | https://images.mcmworldwide.com/i/mcmworldwide/MXZGATA03CO001_03?sw=600 | https://images.mcmworldwide.com/i/mcmworldwide/MXZGATA03CO001_04?sw=600 | https://images.mcmworldwide.com/i/mcmworldwide/MXZGATA03CO001_05?sw=600,https://kr.mcmworldwide.com/ko_KR/남성/지갑-레더소품/카드지갑-키홀더/aren-디스코-비세토스-랜야드-카드-지갑/MXZGATA03CO001.html,스트릿
MYAFATA01PZ001,Aren 비세토스 카드 파우치,390000,Pink,WOMEN,WALLET,InStock,로고 각인 카라비너 잠금장치와 천연 가죽 트리밍이 돋보이는 비세토스 모노그램 캔버스 지퍼 카드 파우치,"하우스 고유의 시그니처 코드를 기능적인 디자인과 뮌헨 하우스의 뛰어난 장인정신을 통해 선보입니다. 부드러운 소프트 핑크 컬러로 완성된 이 모노그램 카드 홀더는, 모험적인 브랜드 정신을 담고 있으며, 로고가 새겨진 카라비너 클라스프 디테일로 실용성을 더했습니다.",바디:비세토스 모노그램 캔버스 | 트림: 천연 나파 가죽,약 1 x 13 x 9 센티미터,,대한민국,로고가 각인된 고리 장금장치 | 지퍼 클로저 | 내부 카드 슬롯 | 로고 브라스 플레이트 | 18K 골드 도금 메탈 하드웨어 | 패브릭 안감,미니 | S,https://images.mcmworldwide.com/i/mcmworldwide/MYAFATA01PZ001_01?sw=600 | https://images.mcmworldwide.com/i/mcmworldwide/MYAFATA01PZ001_03?sw=600 | https://images.mcmworldwide.com/i/mcmworldwide/MYAFATA01PZ001_04?sw=600,https://kr.mcmworldwide.com/ko_KR/여성/지갑-레더소품/카드지갑-레더소품/aren-비세토스-카드-파우치/MYAFATA01PZ001.html,캐주얼
MYLDATA08BK001,Aren 엠보스드 모노그램 레더 콘티넨털 지갑,750000,Black,WOMEN,WALLET,InStock,엠보스드 비세토스 모노그램이 돋보이는 천연 나파 가죽 소재의 라지 폴드오버 지갑,풀 그레인 나파 가죽에 클래식 레터와 라우렐 및 다이아몬드를 각인한 콘티넨털 지갑입니다. 중앙 지퍼 포켓과 지폐 슬리브 및 여러 개의 카드 슬롯이 있어 자주 사용하는 소지품을 간편하게 수납할 수 있습니다.,,약 3 x 19 x 10 센티미터,,대한민국,엠보싱 비세토스 모노그램. | 스냅 클로저 | 중앙 지퍼 포켓 | 내부 지폐 슬리브 및 카드 슬롯 | 풀 그레인 천연 나파 가죽 | 실버 톤 코발트 메탈 금속 장식 | 패브릭 안감.,L,https://images.mcmworldwide.com/i/mcmworldwide/MYLDATA08BK001_01?sw=600 | https://images.mcmworldwide.com/i/mcmworldwide/MYLDATA08BK001_03?sw=600 | https://images.mcmworldwide.com/i/mcmworldwide/MYLDATA08BK001_04?sw=600,https://kr.mcmworldwide.com/ko_KR/여성/지갑-레더소품/모두보기/aren-엠보스드-모노그램-레더-콘티넨털-지갑/MYLDATA08BK001.html,클래식
MYLFATA03PZ001,Aren 비세토스 체인 월렛,630000,Pink,WOMEN,WALLET,InStock,로고 브라스 플레이트 잠금장치와 천연 가죽 트리밍이 돋보이는 비세토스 모노그램 캔버스 체인 월렛,"부드러운 핑크 컬러의 비세토스 캔버스로 제작된 미니 체인 월렛입니다.하우스의 클래식한 코드를 담고 있으며, 아이코닉한 18K 골드 도금 로고 브라스 플레이트 잠금장치가 특징입니다. 천연 가죽으로 마감된 내부에는 카드, 현금, 신분증 등을 위한 네 개의 수납 공간으로 구성되어 있습니다.",바디:비세토스 모노그램 캔버스 | 트림: 천연 나파 가죽,약 4 x 11 x 8 센티미터,스트랩 길이: 60cm,대한민국,탈부착 가능한 체인 스트랩 | 로고가 각인된 브라스 스냅 잠금장치 | 4개의 내부 수납공간 | 18K 골드 도금 메탈 하드웨어 | 패브릭 안감,미니,https://images.mcmworldwide.com/i/mcmworldwide/MYLFATA03PZ001_01?sw=600 | https://images.mcmworldwide.com/i/mcmworldwide/MYLFATA03PZ001_09?sw=600 | https://images.mcmworldwide.com/i/mcmworldwide/MYLFATA03PZ001_03?sw=600 | https://images.mcmworldwide.com/i/mcmworldwide/MYLFATA03PZ001_04?sw=600,https://kr.mcmworldwide.com/ko_KR/여성/지갑-레더소품/체인-지갑/aren-비세토스-체인-월렛/MYLFATA03PZ001.html,페미닌
MYADSTA02FP001,Aren Zip Card Case in Visetos,162000,Grey,WOMEN,WALLET,OutOfStock,Card pouch in Visetos monogram canvas and nappa leather,"A union of classic craftsmanship and timeless design, this petite pouch is fashioned from Italian Visetos and nappa leather. Secured by a gold-plated zip closure, the main compartment is ideal for coins and miniature possessions. The back of the accessory features multiple slots for instant access to cards and credentials.",,약 0 x 12 x 8 센티미터,,대한민국,Exterior card slots at back | Zip closure | Visetos monogram canvas | Nappa leather trim | 18k gold-plated metal hardware | 패브릭 안감,프리 사이즈,https://images.mcmworldwide.com/i/mcmworldwide/MYADSTA02FP001_01?sw=600 | https://images.mcmworldwide.com/i/mcmworldwide/MYADSTA02FP001_03?sw=600 | https://images.mcmworldwide.com/i/mcmworldwide/MYADSTA02FP001_04?sw=600,https://kr.mcmworldwide.com/ko_KR/여성/지갑-레더소품/모두보기/aren-zip-card-case-in-visetos/MYADSTA02FP001.html,미니멀
MXZGSTA11CO001,Aren 비세토스 폰 파우치,650000,Cognac,MEN,WALLET,InStock,가죽 랜야드 스트랩과 천연 가죽 트림이 더해진 비세토스 모노그램 캔버스 폰 파우치,"시그니처 비세토스로 완성된 모노그램 폰 파우치. 앞면 플랩과 하우스 아이코닉 로고 브라스 플레이트가 세련된 포인트를 더하며, 뒷면 가죽 카드 슬롯과 신분증 수납 공간으로 실용성과 이동 중 편안함을 제공합니다.",바디:비세토스 모노그램 캔버스 | 트림:천연 가죽,약 4 x 12 x 19 센티미터,,대한민국,탈부착이 가능하며 길이 조절이 가능한 가죽 스트랩 | 아이폰 16 프로 맥스 수납 가능 | 로고 브라스 플레이트 | 뒷면 외부 카드 슬롯 | 스냅 클로저 | 24K 골드 도금 브라스 하드웨어 | 패브릭 안감 | 스트랩 드롭: 60cm,S,https://images.mcmworldwide.com/i/mcmworldwide/MXZGSTA11CO001_01?sw=600 | https://images.mcmworldwide.com/i/mcmworldwide/MXZGSTA11CO001_09?sw=600 | https://images.mcmworldwide.com/i/mcmworldwide/MXZGSTA11CO001_03?sw=600 | https://images.mcmworldwide.com/i/mcmworldwide/MXZGSTA11CO001_04?sw=600 | https://images.mcmworldwide.com/i/mcmworldwide/MXZGSTA11CO001_05?sw=600 | https://images.mcmworldwide.com/i/mcmworldwide/MXZGSTA11CO001_10?sw=600 | https://images.mcmworldwide.com/i/mcmworldwide/MXZGSTA11CO001_11?sw=600,https://kr.mcmworldwide.com/ko_KR/남성/지갑-레더소품/카드지갑-키홀더/aren-비세토스-폰-파우치/MXZGSTA11CO001.html,스트릿
MYLFSTA01PZ001,Aren 비세토스 지퍼 지갑,690000,Pink,MEN,WALLET,OutOfStock,천연 나파 가죽 트림이 돋보이는 비세토스 모노그램 지퍼 지갑,뮌헨 하우스의 유명한 액세서리인 Aren 지퍼 지갑은 고급스러운 가죽 소재의 수납공간이 나눠진 내부로 구성되어 소지품을 깔끔하게 정리할 수 있습니다. 실루엣 뒷면의 외부 포켓에 중요한 필수 아이템을 빠르게 넣고 꺼낼 수 있습니다.,바디: 비세토스 모노그램 캔버스 | 트림: 천연 나파 가죽,약 2 x 20 x 10 센티미터,,대한민국,후면 외부 포켓. | 지퍼 어라운드 클로저. | 수납공간이 나눠진 내부와 슬리브 | 내부 카드 슬롯과 지퍼 수납공간 | 18K 금 도금 메탈 하드웨어 | 패브릭 안감.,L,https://images.mcmworldwide.com/i/mcmworldwide/MYLFSTA01PZ001_01?sw=600 | https://images.mcmworldwide.com/i/mcmworldwide/MYLFSTA01PZ001_03?sw=600 | https://images.mcmworldwide.com/i/mcmworldwide/MYLFSTA01PZ001_04?sw=600,https://kr.mcmworldwide.com/ko_KR/남성/지갑-레더소품/모두보기/aren-비세토스-지퍼-지갑/MYLFSTA01PZ001.html,미니멀
MXZGATA02BK001,엠보스드 모노그램 레더 랜야드 ID 카드 지갑,350000,Black,MEN,WALLET,InStock,"엠보싱 비세토스 모노그램과 ID 창, 가죽 스트랩이 더해진 풀그레인 레더 카드 홀더","블랙 나파 가죽으로 제작된 ID 카드 케이스로, 비세토스 모노그램의 레터, 라우렐, 다이아몬드 모티프를 엠보싱으로 표현했습니다. 가죽 스트랩을 더해 핸즈프리 액세서리로 활용할 수 있습니다.",바디: 풀 그레인 나파 레더,약 1 x 7 x 12 센티미터,,대한민국,탈부착이 가능한 가죽 스트랩 | 엠보스드 비세토스 모노그램 | 카드 슬롯 | ID 창 | 다크 메탈 하드웨어 | 패브릭 안감 | 스트랩 드롭: 47 cm,프리 사이즈,https://images.mcmworldwide.com/i/mcmworldwide/MXZGATA02BK001_01?sw=600 | https://images.mcmworldwide.com/i/mcmworldwide/MXZGATA02BK001_03?sw=600 | https://images.mcmworldwide.com/i/mcmworldwide/MXZGATA02BK001_04?sw=600 | https://images.mcmworldwide.com/i/mcmworldwide/MXZGATA02BK001_05?sw=600 | https://images.mcmworldwide.com/i/mcmworldwide/MXZGATA02BK001_06?sw=600,https://kr.mcmworldwide.com/ko_KR/남성/지갑-레더소품/카드지갑-키홀더/엠보스드-모노그램-레더-랜야드-id-카드-지갑/MXZGATA02BK001.html,스트릿
MYABSPA07CO001,패트리샤 비세토스 지퍼 카드 케이스,450000,Cognac,WOMEN,WALLET,OutOfStock,비세토스 코티드 캔버스와 나파 가죽으로 이루어진 미니 지퍼 카드 케이스입니다.,모노그램 코티드 캔버스와 나파 가죽 트림으로 제작한 패트리샤 카드 케이스는 실용적인 구성의 개념을 더욱 향상시켰습니다. 상단 지퍼 포켓으로 동전과 작은 필수 아이템을 깔끔하게 보관할 수 있습니다. 가죽 플랩과 라우렐 잠금 스냅 클로저가 있는 외부 슬롯에 카드와 신분증을 보관하세요.,소재: COWHIDE / COATED CANVAS,약 1 x 11 x 80 센티미터,,대한민국,나파 가죽 트림 | 외부 지퍼 포켓 | 외부 카드 슬롯 | 음각 라우렐 잠금 스냅 클로저가 있는 가죽 플랩,미니,https://images.mcmworldwide.com/i/mcmworldwide/MYABSPA07CO001_01?sw=600 | https://images.mcmworldwide.com/i/mcmworldwide/MYABSPA07CO001_20?sw=600 | https://images.mcmworldwide.com/i/mcmworldwide/MYABSPA07CO001_03?sw=600 | https://images.mcmworldwide.com/i/mcmworldwide/MYABSPA07CO001_04?sw=600,https://kr.mcmworldwide.com/ko_KR/여성/지갑-레더소품/카드지갑-레더소품/패트리샤-비세토스-지퍼-카드-케이스/MYABSPA07CO001.html,클래식
MYLGSTA01QA001,Aren 엠보스드 모노그램 레더 체인 월렛,990000,Pink,WOMEN,WALLET,InStock,엠보싱 처리된 비세토스 모노그램 모티프가 돋보이는 내추럴 풀그레인 레더 월릿,"하우스의 헤리티지 코드를 담아 완성된 풀그레인 레더 월렛은 상징적인 브라스 플레이트 클로저로 아이코닉함을 더하고, 시그니처 비세토스 모노그램으로 세련된 디테일을 완성했습니다. 함께 제공되는 스트랩으로 클러치처럼 들거나 우아한 숄더 백으로 연출할 수 있습니다.",바디: 천연 풀 그레인 레더,약 3 x 20 x 11 센티미터,,대한민국,탈부착 가능한 스트랩 | 엠보싱 처리된 비세토스 모노그램 모티프 | 브라스 플레이트 스냅 잠금장치 | 카드 슬롯 | 내부 지퍼 포켓 | 16K 골드 도금 메탈 하드웨어 | 패브릭 안감 | 스트랩 드롭: 55 cm,미니 | L,https://images.mcmworldwide.com/i/mcmworldwide/MYLGSTA01QA001_01?sw=600 | https://images.mcmworldwide.com/i/mcmworldwide/MYLGSTA01QA001_09?sw=600 | https://images.mcmworldwide.com/i/mcmworldwide/MYLGSTA01QA001_03?sw=600 | https://images.mcmworldwide.com/i/mcmworldwide/MYLGSTA01QA001_04?sw=600 | https://images.mcmworldwide.com/i/mcmworldwide/MYLGSTA01QA001_05?sw=600 | https://images.mcmworldwide.com/i/mcmworldwide/MYLGSTA01QA001_10?sw=600,https://kr.mcmworldwide.com/ko_KR/여성/지갑-레더소품/체인-지갑/aren-엠보스드-모노그램-레더-체인-월렛/MYLGSTA01QA001.html,페미닌
MYADSXT01CO001,Tracy 비세토스 카드 홀더,430000,Cognac,WOMEN,WALLET,OutOfStock,비세토스 모노그램 캔버스와 나파 가죽 소재의 미니 카드 지갑,카드와 신분증을 위한 컴팩트한 홀더. 24K 도금 라우렐 잠금 스냅 클로저와 주요 수납공간 및 여러 개의 카드 슬롯이 있는 유연한 나파 가죽 내부가 돋보이는 카드 케이스입니다.,,약 3 x 11 x 8 센티미터,,대한민국,가죽 풀탭이 있는 라우렐 스냅 클로저 | 내부 카드 슬롯 | 슬립 수납공간 | 비세토스 모노그램 캔버스 | 나파 가죽 트림 | 24K 도금 금속 장식 | 폴리에스터 안감,미니,https://images.mcmworldwide.com/i/mcmworldwide/MYADSXT01CO001_01?sw=600 | https://images.mcmworldwide.com/i/mcmworldwide/MYADSXT01CO001_03?sw=600 | https://images.mcmworldwide.com/i/mcmworldwide/MYADSXT01CO001_04?sw=600,https://kr.mcmworldwide.com/ko_KR/여성/지갑-레더소품/카드지갑-레더소품/tracy-비세토스-카드-홀더/MYADSXT01CO001.html,클래식
MYSESXT01PZ001,Tracy 비세토스 3단 지갑,570000,Pink,WOMEN,WALLET,InStock,라우렐 잠금 장식과 천연 나파 가죽 트림이 돋보이는 비세토스 모노그램 캔버스 지갑,"시그니처 아이콘과 뮌헨 하우스의 명망 높은 수공예를 보여주는 세련된 3단 지갑입니다. MCM의 아이코닉한 상징인 도금 라우렐 잠금 스냅 클로저로 부드러운 가죽 소재의 내부를 잠글 수 있으며 카드 슬롯, 지폐 슬리브, 귀중품을 위한 지퍼 수납공간이 갖춰져 있습니다.",바디: 비세토스 모노그램 캔버스 | 트림: 천연 나파 가죽,약 3 x 12 x 10 센티미터,,대한민국,로렐 락 스냅 클로저. | 중앙 지퍼 포켓 | 지폐 슬리브 | 내부 카드 슬롯 | 내부 옆면 포켓 | 18K 금 도금 메탈 하드웨어 | 패브릭 안감.,S,https://images.mcmworldwide.com/i/mcmworldwide/MYSESXT01PZ001_01?sw=600 | https://images.mcmworldwide.com/i/mcmworldwide/MYSESXT01PZ001_03?sw=600 | https://images.mcmworldwide.com/i/mcmworldwide/MYSESXT01PZ001_04?sw=600,https://kr.mcmworldwide.com/ko_KR/여성/지갑-레더소품/반지갑/tracy-비세토스-3단-지갑/MYSESXT01PZ001.html,클래식
MYLDSXT01BK001,Tracy 비세토스 체인 지갑,830000,Black,WOMEN,WALLET,InStock,비세토스 모노그램 캔버스와 나파 가죽 소재의 라지 체인 지갑,모던한 감각과 클래식한 감성을 결합한 라지 Tracy 체인 지갑으로 헤리티지 수공예로 뒷받침되는 현대적인 실루엣이 특징입니다. 부드러운 나파 가죽이 우아한 형태를 감싸며 비세토스 모노그램 캔버스 바디의 시대를 초월한 아이콘을 강조합니다. 24K 도금 라우렐 잠금 장치로 여미는 넉넉한 내부에는 여러 개의 카드 슬롯과 가장 귀중한 소지품을 위한 지퍼 수납공간이 있습니다.,,약 3 x 19 x 10 센티미터,,대한민국,"탈부착 가능한 체인 스트랩 | 레더 풀탭이 있는 라우렐 잠금 장치 | 내부 지퍼 포켓, 슬립 포켓, 카드 슬롯 | 비세토스 모노그램 캔버스 | 나파 가죽 트림 | 24K 도금 메탈 금속 장식 | 패브릭 안감 (카드 슬롯 포함). | 스트랩 드롭: 60cm.",M | L,https://images.mcmworldwide.com/i/mcmworldwide/MYLDSXT01BK001_01?sw=600 | https://images.mcmworldwide.com/i/mcmworldwide/MYLDSXT01BK001_09?sw=600 | https://images.mcmworldwide.com/i/mcmworldwide/MYLDSXT01BK001_03?sw=600 | https://images.mcmworldwide.com/i/mcmworldwide/MYLDSXT01BK001_04?sw=600 | https://images.mcmworldwide.com/i/mcmworldwide/MYLDSXT01BK001_10?sw=600,https://kr.mcmworldwide.com/ko_KR/여성/지갑-레더소품/체인-지갑/tracy-비세토스-체인-지갑/MYLDSXT01BK001.html,페미닌
MYLDSXT01PZ001,Tracy 비세토스 체인 지갑,830000,Pink,WOMEN,WALLET,InStock,천연 나파 가죽 트림이 돋보이는 비세토스 모노그램 체인 지갑,모던하면서도 클래식한 감성을 녹였습니다. 시그니처 비세토스 모노그램의 타임리스한 아이콘을 강조한 고급스러운 가죽 프레임의 라지 Tracy 체인 지갑입니다. 아이코닉한 라우렐 잠금 장치로 여미는 넉넉한 내부에는 여러 개의 카드 슬롯과 귀중품을 위한 지퍼 수납공간이 있습니다.,바디: 비세토스 모노그램 캔버스 | 트림: 천연 나파 가죽,약 3 x 19 x 10 센티미터,,대한민국,탈부착 가능한 체인 스트랩 | 레더 풀탭이 있는 라우렐 잠금 장치 | 내부의 지퍼 포켓과 지폐 슬리브 및 카드 슬롯 | 18K 금 도금 메탈 하드웨어 | 패브릭 안감. | 스트랩 드롭: 60cm.,M | L,https://images.mcmworldwide.com/i/mcmworldwide/MYLDSXT01PZ001_01?sw=600 | https://images.mcmworldwide.com/i/mcmworldwide/MYLDSXT01PZ001_09?sw=600 | https://images.mcmworldwide.com/i/mcmworldwide/MYLDSXT01PZ001_03?sw=600 | https://images.mcmworldwide.com/i/mcmworldwide/MYLDSXT01PZ001_04?sw=600 | https://images.mcmworldwide.com/i/mcmworldwide/MYLDSXT01PZ001_10?sw=600,https://kr.mcmworldwide.com/ko_KR/여성/지갑-레더소품/체인-지갑/tracy-비세토스-체인-지갑/MYLDSXT01PZ001.html,페미닌
MYLESXT01BK001,Tracy 엠보스드 모노그램 레더 체인 지갑,930000,Black,WOMEN,WALLET,InStock,엠보스드 비세토스 모노그램이 돋보이는 천연 풀 그레인 가죽 체인 지갑,모던하면서도 클래식한 감성을 녹였습니다. 명망 높은 MCM 레터와 라우렐 및 다이아몬드가 새겨진 풀 그레인 나파 가죽 체인 지갑입니다. 도금 라우렐 잠금 장치로 여미는 넉넉한 내부에는 여러 개의 카드 슬롯과 귀중품을 위한 지퍼 수납공간이 있습니다.,,약 3 x 19 x 11 센티미터,,대한민국,"탈부착 가능한 체인 스트랩 | 레더 풀탭이 있는 라우렐 잠금 장치 | 내부 지퍼 포켓, 슬립 포켓, 카드 슬롯 | 천연 풀 그레인 나파 가죽 | 24K 도금 브라스 금속 장식 | 패브릭 안감. | 스트랩 드롭: 60cm.",L,https://images.mcmworldwide.com/i/mcmworldwide/MYLESXT01BK001_01?sw=600 | https://images.mcmworldwide.com/i/mcmworldwide/MYLESXT01BK001_09?sw=600 | https://images.mcmworldwide.com/i/mcmworldwide/MYLESXT01BK001_03?sw=600 | https://images.mcmworldwide.com/i/mcmworldwide/MYLESXT01BK001_04?sw=600 | https://images.mcmworldwide.com/i/mcmworldwide/MYLESXT01BK001_10?sw=600,https://kr.mcmworldwide.com/ko_KR/여성/지갑-레더소품/체인-지갑/tracy-엠보스드-모노그램-레더-체인-지갑/MYLESXT01BK001.html,럭셔리
MFKFAMM01CO00L,ECONYL® 모노그램 프린트 스커트,790000,Cognac,WOMEN,CLOTHING,OutOfStock,"시그니처 비세토스 모노그램 올오버 프린트로 감각을 더한 우먼스 오버사이즈 스커트로, ECONYL® 리사이클 나일론 소재로 정교하게 제작","세련된 실루엣과 독창적인 디자인 구조가 어우러진 오버사이즈 스커트입니다. 시그니처 비세토스 모노그램이 프린트된 ECONYL® 리사이클 나일론 소재로 정교하게 제작되었으며, 사이드 카고 포켓과 조절 가능한 밑단 드로우스트링이 실루엣의 기능성과 모듈형 디자인을 강조합니다.",바디:ECONYL® 재생 나일론,,,대한민국,"허리 부분 밴딩 처리 | 밑단의 조절 가능한 끈 | 사이드 카고 포켓 | 폴리에스터 트림 | 손세탁하세요. 드라이클리닝, 표백, 건조기 사용은 하지 마세요. 다리미를 사용하실 경우 천을 덮고 다려주세요. | 여성 모델의 키는 176cm이며 M사이즈를 착용하고 있습니다.",XS | S | M | L,https://images.mcmworldwide.com/i/mcmworldwide/MFKFAMM01CO00L_01?sw=600 | https://images.mcmworldwide.com/i/mcmworldwide/MFKFAMM01CO00L_09?sw=600 | https://images.mcmworldwide.com/i/mcmworldwide/MFKFAMM01CO00L_04?sw=600 | https://images.mcmworldwide.com/i/mcmworldwide/MFKFAMM01CO00L_10?sw=600 | https://images.mcmworldwide.com/i/mcmworldwide/MFKFAMM01CO00L_11?sw=600,https://kr.mcmworldwide.com/ko_KR/여성/의류/스커트-팬츠/econyl®-모노그램-프린트-스커트/MFKFAMM01CO00L.html,스트릿
MFTFAMM03WT00L,모노그램 ECONYL®이 더해진 라우렐 크롭 코튼 티셔츠,510000,White,WOMEN,CLOTHING,OutOfStock,비세토스 모노그램 프린트의 ECONYL® 소재 디테일과 톤온톤 로고 자수가 조화를 이루는 여성용 크롭 오버사이즈 유기농 면 저지 티셔츠,"시그니처 라우렐의 실루엣에서 영감을 받은 비세토스 모노그램 프린트의 ECONYL® 소재 디테일과 톤온톤 로고 자수가 조화를 이루며, 이 오가닉 코튼 티셔츠에 차별화된 감각을 더합니다. 크롭 기장과 오버사이즈 핏으로 현대적인 무드를 완성합니다.",바디:100% 오가닉 면 | 뒷면: 100% ECONYL® 재생 나일론,,,대한민국,"리브 니트 넥라인 | 가슴 부분의 라우렐 로고 자수 | 어깨와 등 부분에 비세토스 모노그램 프린트 | 크롭, 오버사이즈 핏 | 여성 모델의 키는 176cm이며 M사이즈를 착용하고 있습니다.",XS | S | M | L,https://images.mcmworldwide.com/i/mcmworldwide/MFTFAMM03WT00L_01?sw=600 | https://images.mcmworldwide.com/i/mcmworldwide/MFTFAMM03WT00L_09?sw=600 | https://images.mcmworldwide.com/i/mcmworldwide/MFTFAMM03WT00L_04?sw=600 | https://images.mcmworldwide.com/i/mcmworldwide/MFTFAMM03WT00L_10?sw=600 | https://images.mcmworldwide.com/i/mcmworldwide/MFTFAMM03WT00L_11?sw=600,https://kr.mcmworldwide.com/ko_KR/여성/의류/티셔츠-탑/모노그램-econyl®이-더해진-라우렐-크롭-코튼-티셔츠/MFTFAMM03WT00L.html,캐주얼
MFJFAMM01IG00M,시어링 ECONYL® 애비에이터 재킷,1490000,Beige,WOMEN,CLOTHING,InStock,스페인산 램 시어링 카라와 비세토스 모노그램 프린트 가죽 트림이 조화를 이루는 여성용 오버사이즈 ECONYL® 봄버 자켓,혁신적인 리사이클드 나일론 소재인 ECONYL®과 시그니처 비세토스 모노그램이 돋보이는 그레인 레더 디테일이 어우러진 오버사이즈 에비에이터 재킷. 스페인산 양가죽 시어링 칼라가 구름처럼 부드러운 착용감을 선사하며 완성도를 더합니다.,바디:ECONYL® 재생 나일론 | 트림: 비세토스 모노그램 프린트 엠보스드 가죽,약 6.7 x 10.2 x 0.0 인치,,이탈리아,스페인산 램 시어링 칼라 | 지퍼 클로저 | 뒷면에 섬세하게 더해진 라우렐 로고 자수 | 앞면 플랩 포켓 | 리브 니트 밑단과 소매 | 오버사이즈 핏 | S사이즈를 착용하고 있는 여성 모델의 키는 178cm입니다.,S | M,https://images.mcmworldwide.com/i/mcmworldwide/MFJFAMM01IG00M_01?sw=600 | https://images.mcmworldwide.com/i/mcmworldwide/MFJFAMM01IG00M_09?sw=600 | https://images.mcmworldwide.com/i/mcmworldwide/MFJFAMM01IG00M_04?sw=600 | https://images.mcmworldwide.com/i/mcmworldwide/MFJFAMM01IG00M_10?sw=600 | https://images.mcmworldwide.com/i/mcmworldwide/MFJFAMM01IG00M_11?sw=600,https://kr.mcmworldwide.com/ko_KR/여성/의류/재킷-코트/시어링-econyl®-애비에이터-재킷/MFJFAMM01IG00M.html,스트릿
MYSDSXT01I8001,Tracy 비세토스 지갑,530000,Beige,WOMEN,WALLET,OutOfStock,비세토스 모노그램 캔버스와 나파 가죽 소재의 미니 스냅 지갑,콤팩트한 사이즈에 담긴 탁월한 기능. 도금 라우렐 잠금 장치로 여미는 나파 가죽 내부는 동전 및 작은 필수 아이템을 수납할 수 있는 지퍼 포켓과 여러 개의 카드 슬롯 및 주요 수납공간이 특징입니다.,,약 3 x 11 x 9 센티미터,,대한민국,"레더 풀탭이 있는 라우렐 잠금 장치 | 내부 지퍼 포켓, 슬립 포켓, 카드 슬롯 | 비세토스 모노그램 캔버스 | 나파 가죽 트림 | 도금 브라스 금속 장식 | 패브릭 안감 (카드 슬롯 포함).",미니,https://images.mcmworldwide.com/i/mcmworldwide/MYSDSXT01I8001_01?sw=600 | https://images.mcmworldwide.com/i/mcmworldwide/MYSDSXT01I8001_03?sw=600 | https://images.mcmworldwide.com/i/mcmworldwide/MYSDSXT01I8001_04?sw=600,https://kr.mcmworldwide.com/ko_KR/여성/지갑-레더소품/반지갑/tracy-비세토스-지갑/MYSDSXT01I8001.html,클래식
MHMGAMM01Q700M,Diamond 재생 나일론 점프수트,1850000,Pink,MEN,CLOTHING,InStock,멀티컬러 다이아몬드 모노그램이 돋보이는 친환경 재생 나일론 점프수트,우주비행사의 비행 수트에서 영감을 받은 리사이클 나일론 점프수트. 시즌 다이아몬드 모노그램과 함께 70~80년대 음악과 문화를 연상시키는 생동감 있는 컬러를 담았습니다. 하우스 창립 50주년을 기념하는 벨크로 패치로 마무리했습니다.,바디: 100% 재생나일론 | 트림:100% 폴리에스터,,,대한민국,"지퍼 클로저 | 가슴 및 다리 부분 포켓 | 왼쪽 소매의 50주년 기념 패치 | 레귤러 핏 | 여성 모델의 키는 175cm/5'8"" 이며 사이즈 S를 착용하고 있습니다. | 남성 모델의 키는 186cm/6'1"" 이며 사이즈 M을 착용하고 있습니다.",S | M,https://images.mcmworldwide.com/i/mcmworldwide/MHMGAMM01Q700M_01?sw=600 | https://images.mcmworldwide.com/i/mcmworldwide/MHMGAMM01Q700M_09?sw=600 | https://images.mcmworldwide.com/i/mcmworldwide/MHMGAMM01Q700M_04?sw=600 | https://images.mcmworldwide.com/i/mcmworldwide/MHMGAMM01Q700M_10?sw=600 | https://images.mcmworldwide.com/i/mcmworldwide/MHMGAMM01Q700M_11?sw=600 | https://images.mcmworldwide.com/i/mcmworldwide/MHMGAMM01Q700M_12?sw=600 | https://images.mcmworldwide.com/i/mcmworldwide/MHMGAMM01Q700M_13?sw=600,https://kr.mcmworldwide.com/ko_KR/남성/의류/모두보기/diamond-재생-나일론-점프수트/MHMGAMM01Q700M.html,스트릿
MFJGAMM01CO00L,모노그램 프린트 후드 윈드브레이커 ECONYL®,1250000,Cognac,WOMEN,CLOTHING,OutOfStock,비세토스 모노그램 올오버 프린트와 조절 가능한 드로스트링 후드가 더해진 여성용 리사이클 나일론 윈드브레이커,"가볍고 실용적인 후디드 윈드브레이커로, 리사이클 나일론 소재로 정교하게 제작되었습니다. 뮌헨 하우스의 시그니처 코드인 Visetos 모노그램 프린트가 전체를 감싸며 고급스러운 아우터웨어 스타일을 완성합니다.",바디: 100% ECONYL® 재생 나일론 | 안감: 폴리에스테르 100%,,,대한민국,"조절 가능한 드로스트링 후드 | 지퍼 클로저 | 앞면 포켓 | 여성 모델의 키는 170cm/5'6"" 이며 사이즈 40을 착용하고 있습니다.",S | M | L,https://images.mcmworldwide.com/i/mcmworldwide/MFJGAMM01CO00L_01?sw=600 | https://images.mcmworldwide.com/i/mcmworldwide/MFJGAMM01CO00L_09?sw=600 | https://images.mcmworldwide.com/i/mcmworldwide/MFJGAMM01CO00L_04?sw=600 | https://images.mcmworldwide.com/i/mcmworldwide/MFJGAMM01CO00L_10?sw=600 | https://images.mcmworldwide.com/i/mcmworldwide/MFJGAMM01CO00L_11?sw=600 | https://images.mcmworldwide.com/i/mcmworldwide/MFJGAMM01CO00L_12?sw=600,https://kr.mcmworldwide.com/ko_KR/여성/의류/재킷-코트/모노그램-프린트-후드-윈드브레이커-econyl®-/MFJGAMM01CO00L.html,캐주얼
MHPGAMM03Q700L,Diamond 재생 나일론 쇼츠,750000,Pink,MEN,CLOTHING,InStock,멀티컬러 다이아몬드 모노그램 프린트와 50주년 기념 패치로 특별함을 더한 남성용 재생 나일론 쇼츠,70~80년대 음악 문화에서 영감을 받은 멀티컬러 바이에른 다이아몬드 모노그램이 돋보이는 리사이클 나일론 쇼츠. 하우스의 50주년을 기념하는 패치가 특별함을 더합니다.,바디: 100% 재생나일론 | 트림:100% 폴리에스터,,,대한민국,"멀티컬러 다이아몬드 모노그램 | 50주년 기념 로고 패치 | 앞면 사이드 포켓 | 뒷면 웰트 포켓 | 메탈 버튼 하드웨어 | 레귤러 핏 | 여성 모델의 키는 175cm/5'8"" 이며 사이즈 S를 착용하고 있습니다. | 남성 모델의 키는 186cm/6'1"" 이며 사이즈 M을 착용하고 있습니다.",M | L,https://images.mcmworldwide.com/i/mcmworldwide/MHPGAMM03Q700L_01?sw=600 | https://images.mcmworldwide.com/i/mcmworldwide/MHPGAMM03Q700L_09?sw=600 | https://images.mcmworldwide.com/i/mcmworldwide/MHPGAMM03Q700L_04?sw=600 | https://images.mcmworldwide.com/i/mcmworldwide/MHPGAMM03Q700L_10?sw=600 | https://images.mcmworldwide.com/i/mcmworldwide/MHPGAMM03Q700L_11?sw=600 | https://images.mcmworldwide.com/i/mcmworldwide/MHPGAMM03Q700L_12?sw=600,https://kr.mcmworldwide.com/ko_KR/men/clothing/pants-shorts/diamond-재생-나일론-쇼츠/MHPGAMM03Q700L.html,캐주얼
MFKFAMM01BK00M,모노그램 미디 스커트 ECONYL®,790000,Black,WOMEN,CLOTHING,OutOfStock,비세토스 모노그램 올오버 프린트가 돋보이는 여성용 리사이클 나일론 미디 스커트,"리사이클 나일론으로 정교하게 직조된 미디 스커트로, 여성스러움과 유틸리터리 감성을 조화롭게 담아냈습니다. 카고 포켓과 드로스트링 디테일이 실용성을 더하며, 시그니처 비세토스 모노그램 프린트가 특징입니다.",바디: 100% ECONYL® 재생 나일론 | 안감: 폴리에스테르 100%,,,대한민국,"비세토스 모노그램 전면 프린트 | 카고 스타일 포켓 | 밑단의 조절 가능한 끈 | 레귤러 핏 | 여성 모델의 키는 176cm/5'8"" 이며 사이즈 S을 착용하고 있습니다.",XS | S | M | L,https://images.mcmworldwide.com/i/mcmworldwide/MFKFAMM01BK00M_01?sw=600 | https://images.mcmworldwide.com/i/mcmworldwide/MFKFAMM01BK00M_09?sw=600 | https://images.mcmworldwide.com/i/mcmworldwide/MFKFAMM01BK00M_04?sw=600 | https://images.mcmworldwide.com/i/mcmworldwide/MFKFAMM01BK00M_10?sw=600 | https://images.mcmworldwide.com/i/mcmworldwide/MFKFAMM01BK00M_11?sw=600 | https://images.mcmworldwide.com/i/mcmworldwide/MFKFAMM01BK00M_12?sw=600,https://kr.mcmworldwide.com/ko_KR/여성/의류/스커트-팬츠/모노그램-미디-스커트-econyl®-/MFKFAMM01BK00M.html,스트릿
MFJGAMM01PZ00L,모노그램 프린트 후드 윈드브레이커 ECONYL®,1250000,Pink,WOMEN,CLOTHING,OutOfStock,비세토스 모노그램 올오버 프린트와 조절 가능한 드로스트링 후드가 더해진 여성용 리사이클 나일론 윈드브레이커,"가볍고 실용적인 후디드 윈드브레이커로, 리사이클 나일론 소재로 정교하게 제작되었습니다. 뮌헨 하우스의 시그니처 코드인 Visetos 모노그램 프린트가 전체를 감싸며 고급스러운 아우터웨어 스타일을 완성합니다.",바디: 100% ECONYL® 재생 나일론 | 안감: 폴리에스테르 100%,,,대한민국,"조절 가능한 드로스트링 후드 | 지퍼 클로저 | 앞면 포켓 | Female model is 170cm / 5'6"" tall and wears size S.",S | M | L,https://images.mcmworldwide.com/i/mcmworldwide/MFJGAMM01PZ00L_01?sw=600 | https://images.mcmworldwide.com/i/mcmworldwide/MFJGAMM01PZ00L_09?sw=600 | https://images.mcmworldwide.com/i/mcmworldwide/MFJGAMM01PZ00L_04?sw=600 | https://images.mcmworldwide.com/i/mcmworldwide/MFJGAMM01PZ00L_10?sw=600 | https://images.mcmworldwide.com/i/mcmworldwide/MFJGAMM01PZ00L_11?sw=600 | https://images.mcmworldwide.com/i/mcmworldwide/MFJGAMM01PZ00L_12?sw=600,https://kr.mcmworldwide.com/ko_KR/여성/의류/재킷-코트/모노그램-프린트-후드-윈드브레이커-econyl®-/MFJGAMM01PZ00L.html,캐주얼
MFKFAMM01PZ00M,모노그램 미디 스커트 ECONYL®,790000,Pink,WOMEN,CLOTHING,OutOfStock,비세토스 모노그램 올오버 프린트가 돋보이는 리사이클 나일론 미디 스커트,"리사이클 나일론으로 정교하게 직조된 미디 스커트로, 여성스러움과 유틸리터리 감성을 조화롭게 담아냈습니다. 카고 포켓과 드로스트링 디테일이 실용성을 더하며, 시그니처 비세토스 모노그램 프린트가 특징입니다.",바디: 100% ECONYL® 재생 나일론 | 안감: 폴리에스테르 100%,,,대한민국,"비세토스 모노그램 전면 프린트 | 카고 스타일 포켓 | 밑단의 조절 가능한 끈 | 레귤러 핏 | Female model is 170cm / 5'6"" tall and wears size S.",XS | S | M | L,https://images.mcmworldwide.com/i/mcmworldwide/MFKFAMM01PZ00M_01?sw=600 | https://images.mcmworldwide.com/i/mcmworldwide/MFKFAMM01PZ00M_09?sw=600 | https://images.mcmworldwide.com/i/mcmworldwide/MFKFAMM01PZ00M_04?sw=600 | https://images.mcmworldwide.com/i/mcmworldwide/MFKFAMM01PZ00M_10?sw=600 | https://images.mcmworldwide.com/i/mcmworldwide/MFKFAMM01PZ00M_11?sw=600 | https://images.mcmworldwide.com/i/mcmworldwide/MFKFAMM01PZ00M_12?sw=600,https://kr.mcmworldwide.com/ko_KR/여성/의류/스커트-팬츠/모노그램-미디-스커트-econyl®-/MFKFAMM01PZ00M.html,캐주얼
MFTFAMM03PZ00M,모노그램 ECONYL®이 더해진 라우렐 크롭 코튼 티셔츠,510000,Pink,WOMEN,CLOTHING,OutOfStock,라우렐 로고 자수와 비세토스 모노그램 프린트 ECONYL® 트림이 돋보이는 여성용 크롭 오가닉 코튼 저지 티셔츠,"톤온톤 로고 자수와 비세토스 모노그램이 프린트된 ECONYL® 실루엣이 조화를 이루는 오가닉 코튼 티셔츠. 시그니처 라우렐의 실루엣에서 영감을 받은 디자인이며, 크롭 기장과 오버사이즈 핏으로 현대적인 스타일을 완성합니다.",바디:100% 오가닉 면 | 트림: 100% ECONYL® 재생 나일론,,,대한민국,"리브 니트 넥라인 | 가슴 부분의 라우렐 로고 자수 | 어깨와 등 부분에 비세토스 모노그램 프린트 | 크롭, 오버사이즈 핏 | Female model is 170cm / 5'6"" tall and wears size S.",XS | S | M | L,https://images.mcmworldwide.com/i/mcmworldwide/MFTFAMM03PZ00M_01?sw=600 | https://images.mcmworldwide.com/i/mcmworldwide/MFTFAMM03PZ00M_09?sw=600 | https://images.mcmworldwide.com/i/mcmworldwide/MFTFAMM03PZ00M_04?sw=600 | https://images.mcmworldwide.com/i/mcmworldwide/MFTFAMM03PZ00M_10?sw=600 | https://images.mcmworldwide.com/i/mcmworldwide/MFTFAMM03PZ00M_11?sw=600 | https://images.mcmworldwide.com/i/mcmworldwide/MFTFAMM03PZ00M_12?sw=600,https://kr.mcmworldwide.com/ko_KR/여성/의류/티셔츠-탑/모노그램-econyl®이-더해진-라우렐-크롭-코튼-티셔츠/MFTFAMM03PZ00M.html,캐주얼
MFTFAMM03BW00M,모노그램 ECONYL®이 더해진 라우렐 크롭 코튼 티셔츠,510000,Black,WOMEN,CLOTHING,InStock,라우렐 로고 자수와 비세토스 모노그램 프린트 ECONYL® 트림이 돋보이는 여성용 크롭 오가닉 코튼 저지 티셔츠,"톤온톤 로고 자수와 비세토스 모노그램이 프린트된 ECONYL® 실루엣이 조화를 이루는 오가닉 코튼 티셔츠. 시그니처 라우렐의 실루엣에서 영감을 받은 디자인이며, 크롭 기장과 오버사이즈 핏으로 현대적인 스타일을 완성합니다.",바디:100% 오가닉 면 | 트림: 100% ECONYL® 재생 나일론,,,대한민국,"리브 니트 넥라인 | 가슴 부분의 라우렐 로고 자수 | 어깨와 등 부분에 비세토스 모노그램 프린트 | 크롭, 오버사이즈 핏 | 여성 모델의 키는 176cm/5'8"" 이며 사이즈 S을 착용하고 있습니다.",XS | S | M | L,https://images.mcmworldwide.com/i/mcmworldwide/MFTFAMM03BW00M_01?sw=600 | https://images.mcmworldwide.com/i/mcmworldwide/MFTFAMM03BW00M_09?sw=600 | https://images.mcmworldwide.com/i/mcmworldwide/MFTFAMM03BW00M_04?sw=600 | https://images.mcmworldwide.com/i/mcmworldwide/MFTFAMM03BW00M_10?sw=600 | https://images.mcmworldwide.com/i/mcmworldwide/MFTFAMM03BW00M_11?sw=600 | https://images.mcmworldwide.com/i/mcmworldwide/MFTFAMM03BW00M_12?sw=600,https://kr.mcmworldwide.com/ko_KR/여성/의류/티셔츠-탑/모노그램-econyl®이-더해진-라우렐-크롭-코튼-티셔츠/MFTFAMM03BW00M.html,캐주얼
MFPFAMM01CO00L,ECONYL® 모노그램 프린트 쇼츠,650000,Cognac,WOMEN,CLOTHING,OutOfStock,비세토스 모노그램 전면 프린트와 레깅스가 더해진 여성용 오버사이즈 ECONYL® 쇼츠,운동과 일상에서 모두 활용 가능한 고급스러운 버전의 필수 아이템입니다. 사용된 어망을 재활용한 ECONYL® 리사이클 나일론 소재로 제작된 이 러닝 스타일의 쇼츠에는 뮌헨 하우스의 시그니처 비세토스 모노그램이 프린트되어 있습니다. 내부 레깅스가 함께 구성되어 실용성을 더합니다.,바디: 100% ECONYL® 재생 나일론,,,대한민국,사이즈 조절이 가능한 허리 밴드 | 내부 레깅스 포함 | 비세토스 모노그램 전면 프린트 | 나일론 안감 | 오버사이즈 핏 | 여성 모델의 키는 178cm이며 S사이즈를 착용하고 있습니다.,S | M | L,https://images.mcmworldwide.com/i/mcmworldwide/MFPFAMM01CO00L_01?sw=600 | https://images.mcmworldwide.com/i/mcmworldwide/MFPFAMM01CO00L_09?sw=600 | https://images.mcmworldwide.com/i/mcmworldwide/MFPFAMM01CO00L_04?sw=600 | https://images.mcmworldwide.com/i/mcmworldwide/MFPFAMM01CO00L_10?sw=600 | https://images.mcmworldwide.com/i/mcmworldwide/MFPFAMM01CO00L_11?sw=600,https://kr.mcmworldwide.com/ko_KR/여성/의류/스커트-팬츠/econyl®-모노그램-프린트-쇼츠/MFPFAMM01CO00L.html,캐주얼
MHJFAMM05BK00L,ECONYL® 리버서블 모노그램 프린트 윈드브레이커,1190000,Black,MEN,CLOTHING,OutOfStock,비스토스 모노그램 프린트가 더해진 유니섹스 리버서블 ECONYL® 윈드브레이커,"환경을 생각하며 자연을 존중하는 블랙 컬러 리버서블 윈드브레이커입니다. 폐 어망에서 재활용한 ECONYL® 나일론 소재로 제작되었습니다. 겉면은 시그니처 비세토스 모노그램의 올오버 프린트로 포인트를 주었고, 안쪽 면은 미니멀하면서도 브랜드의 헤리티지가 느껴지는 디자인이 돋보입니다.",앞면: 블랙 비세토스 모노그램 올 오퍼 프린트 | ECONYL® 재생나일론 100%,,,대한민국,"리버서블 디자인 | 지퍼 클로저 | 내부: 블랙 컬러에 비세토스 모노그램 프린트 포켓으로 포인트를 더함 | 여성 모델의 키는 178cm이며 M사이즈를 착용하고 있습니다. | Male model is about 186cm / 6'1"" tall and wears size M.",S | M | L | X라지,https://images.mcmworldwide.com/i/mcmworldwide/MHJFAMM05BK00L_01?sw=600 | https://images.mcmworldwide.com/i/mcmworldwide/MHJFAMM05BK00L_09?sw=600 | https://images.mcmworldwide.com/i/mcmworldwide/MHJFAMM05BK00L_04?sw=600 | https://images.mcmworldwide.com/i/mcmworldwide/MHJFAMM05BK00L_05?sw=600 | https://images.mcmworldwide.com/i/mcmworldwide/MHJFAMM05BK00L_10?sw=600 | https://images.mcmworldwide.com/i/mcmworldwide/MHJFAMM05BK00L_11?sw=600 | https://images.mcmworldwide.com/i/mcmworldwide/MHJFAMM05BK00L_12?sw=600,https://kr.mcmworldwide.com/ko_KR/남성/의류/재킷-코트/-econyl®--리버서블-모노그램-프린트-윈드브레이커/MHJFAMM05BK00L.html,캐주얼
MHPFAMM03BK00L,ECONYL® 모노그램 프린트 쇼츠,730000,Black,MEN,CLOTHING,InStock,비스토스 모노그램 올오버 프린트가 돋보이는 남성용 오버사이즈 ECONYL® 스트링 쇼츠,"ECONYL® 리사이클 나일론 소재로 제작된 오버사이즈 드로우스트링 쇼츠로, 시그니처 비세토스 모노그램의 클래식한 레터링과 라우렐, 다이아몬드 모티프로 장식되었습니다.",바디:ECONYL® 재생 나일론,,,대한민국,메탈 팁이 달린 조절 가능한 스트링 허리 | 비세토스 모노그램 전면 프린트 | 폴리에스테르 메쉬 안감 | 오버사이즈 핏 | 남성 모델의 키는 186cm 이며 M사이즈를 착용하고 있습니다.,M | L | X라지,https://images.mcmworldwide.com/i/mcmworldwide/MHPFAMM03BK00L_01?sw=600 | https://images.mcmworldwide.com/i/mcmworldwide/MHPFAMM03BK00L_09?sw=600 | https://images.mcmworldwide.com/i/mcmworldwide/MHPFAMM03BK00L_04?sw=600 | https://images.mcmworldwide.com/i/mcmworldwide/MHPFAMM03BK00L_10?sw=600 | https://images.mcmworldwide.com/i/mcmworldwide/MHPFAMM03BK00L_11?sw=600,https://kr.mcmworldwide.com/ko_KR/men/clothing/pants-shorts/-econyl®-모노그램-프린트-쇼츠/MHPFAMM03BK00L.html,캐주얼
MFTDAMM11WT00L,로고 라우렐 프린트 티셔츠,310000,White,WOMEN,CLOTHING,OutOfStock,Oversized organic cotton jersey T-shirt with MCM logo and Laurel graphic print,"Triumphant laurel leaves frame the architectural MCM emblem on this oversized T-shirt. Certified by Control Union, the organic cotton yarn is farmed without chemicals in an effort to protect the global ecosystem.",100% Organic Cotton certified by Control Union,,,대한민국,Rib knit collar | MCM Laurel logo graphic print | Oversized fit,L / 남성 | L / 여성 | M / 남성 | M / 여성 | S / 남성 | S / 여성 | XL / 남성 | XS / 여성,https://images.mcmworldwide.com/i/mcmworldwide/MFTDAMM11WT00L_01?sw=600 | https://images.mcmworldwide.com/i/mcmworldwide/MFTDAMM11WT00L_04?sw=600,https://kr.mcmworldwide.com/ko_KR/여성/의류/모두보기/logo-laurel-print-t-shirt-in-organic-cotton/MFTDAMM11WT00L.html,캐주얼
MFJBAMM03BK00L,MCMotor 양가죽 크롭 바이크 재킷,2650000,Black,WOMEN,CLOTHING,OutOfStock,아슬아슬하면서도 흥미진진한 삶을 구현한 MCMotor 바이커 재킷입니다.,글로시한 양가죽 바디의 디스트레스드 디테일이 은은한 광택 및 질감과 균형을 이루며 도로에서 단련된 자동차 유목민 정신의 전형을 보여줍니다. 비대칭 지퍼 잠금 장치와 내부의 그린 쿠프로 안감이 모터사이클 재킷을 완성하며 표준을 뛰어넘은 아이템을 구현합니다.,양가죽 100%,,,이탈리아,비대칭 지퍼 잠금 장치 | 지퍼 포켓과 동전 포켓 | 웨이스트의 조절 가능한 벨트 | 패딩 엘보 | 뒷면의 블랙 큐빅 엠블럼 패치 | 금속 장식 | 쿠프로 안감 | 슬림하고 살짝 크롭된 핏. 모델 신장은 약 172cm이며 스몰 사이즈를 착용하고 있습니다.,S | M | L,https://images.mcmworldwide.com/i/mcmworldwide/MFJBAMM03BK00L_01?sw=600 | https://images.mcmworldwide.com/i/mcmworldwide/MFJBAMM03BK00L_09?sw=600 | https://images.mcmworldwide.com/i/mcmworldwide/MFJBAMM03BK00L_04?sw=600 | https://images.mcmworldwide.com/i/mcmworldwide/MFJBAMM03BK00L_10?sw=600 | https://images.mcmworldwide.com/i/mcmworldwide/MFJBAMM03BK00L_11?sw=600,https://kr.mcmworldwide.com/ko_KR/여성/의류/재킷-코트/mcmotor-양가죽-크롭-바이크-재킷/MFJBAMM03BK00L.html,스트릿
MHVGSMM01CO00M,립스탑 ECONYL® 모노그램 백팩 베스트,1650000,Cognac,MEN,CLOTHING,OutOfStock,비세토스 올오버 프린트와 일체형 스타크 백팩이 더해진 ECONYL® 재생 립스탑 나일론 베스트,"뮌헨 하우스는 유틸리티를 예술 형태로 구상하며, 시그니처 스타크 백팩의 디자인을 실루엣에 더한 유니섹스 ECONYL® 립스탑 나일론 베스트를 선보입니다. 여러 개의 지퍼 수납공간을 갖추고 있으며, 클래식한 비세토스 모노그램 프린트에 꼬냑 컬러로 마감하여 시대를 초월하는 미학을 완성합니다.",바디: 100% ECONYL® 재생 나일론,,,대한민국,앞면 지퍼 클로저 | 일체형 스타크 백팩 디자인 | 앞면 지퍼 수납 공간 | 옆면 버클 스트랩 | 레귤러 핏 | 여성 모델 키는 173cm 이며 M사이즈를 착용하고 있습니다.,M,https://images.mcmworldwide.com/i/mcmworldwide/MHVGSMM01CO00M_01?sw=600 | https://images.mcmworldwide.com/i/mcmworldwide/MHVGSMM01CO00M_09?sw=600 | https://images.mcmworldwide.com/i/mcmworldwide/MHVGSMM01CO00M_04?sw=600 | https://images.mcmworldwide.com/i/mcmworldwide/MHVGSMM01CO00M_10?sw=600 | https://images.mcmworldwide.com/i/mcmworldwide/MHVGSMM01CO00M_11?sw=600 | https://images.mcmworldwide.com/i/mcmworldwide/MHVGSMM01CO00M_12?sw=600,https://kr.mcmworldwide.com/ko_KR/남성/의류/재킷-코트/립스탑-econyl®-모노그램-백팩-베스트/MHVGSMM01CO00M.html,스트릿
MHJCAMM02BK00S,MCMotor 양가죽 바이크 재킷,2650000,Black,MEN,CLOTHING,OutOfStock,아슬아슬하면서도 흥미진진한 삶을 구현한 MCMotor 바이커 재킷입니다.,글로시한 양가죽 바디의 디스트레스드 디테일이 은은한 광택 및 질감과 균형을 이루며 도로에서 단련된 자동차 유목민 정신의 전형을 보여줍니다. 비대칭 지퍼 잠금 장치와 내부의 그린 쿠프로 안감이 모터사이클 재킷을 완성하며 표준을 뛰어넘은 아이템을 구현합니다.,양가죽 100%,,,이탈리아,비대칭 지퍼 잠금 장치 | 지퍼 포켓과 동전 포켓 | 웨이스트의 조절 가능한 벨트 | 패딩 엘보 | 뒷면의 블랙 큐빅 엠블럼 패치 | 금속 장식 | 쿠프로 안감 | 슬림 핏,S,https://images.mcmworldwide.com/i/mcmworldwide/MHJCAMM02BK00S_01?sw=600 | https://images.mcmworldwide.com/i/mcmworldwide/MHJCAMM02BK00S_09?sw=600 | https://images.mcmworldwide.com/i/mcmworldwide/MHJCAMM02BK00S_04?sw=600 | https://images.mcmworldwide.com/i/mcmworldwide/MHJCAMM02BK00S_10?sw=600 | https://images.mcmworldwide.com/i/mcmworldwide/MHJCAMM02BK00S_11?sw=600 | https://images.mcmworldwide.com/i/mcmworldwide/MHJCAMM02BK00S_12?sw=600,https://kr.mcmworldwide.com/ko_KR/남성/의류/재킷-코트/mcmotor-양가죽-바이크-재킷/MHJCAMM02BK00S.html,스트릿
MFCFAMM02IG038,트렌치 코트,1890000,Beige,WOMEN,CLOTHING,InStock,비세토스 모노그램 프린트 가죽 칼라가 돋보이는 여성용 오버사이즈 코튼-나일론 트렌치 코트,"뮌헨 하우스의 장인정신이 돋보이는 세련된 테일러링의 우아함을 만나보세요. 이탈리아산 코튼-나일론 혼방 소재로 제작된 오버사이즈 트렌치 코트는, 바이에른 다이아몬드에서 영감을 받은 메탈 버클 장식과 시그니처 비세토스 모노그램이 더해진 그레인 레더 칼라로 세련된 스타일을 완성합니다.","바디: 코튼 63%, 나일론 37%",,,대한민국,더블 브레스티드 디자인 | 비세토스 모노그램이 엠보싱된 가죽 칼라 | 버튼 여밈과 사이즈 조절이 가능한 벨트 스트랩으로 고정 | 사이드 플랩 포켓 | 커프스 길이 조절이 가능한 풍성한 소매 | 뒷면 요크 절개 | 바바리안 다이아몬드 장식의 메탈 버클 하드웨어 | 폴리에스터 트윌 안감 | 오버사이즈 핏 | 38사이즈를 착용하고 있는 여성 모델의 키는 178cm입니다.,38 IT | 40 IT,https://images.mcmworldwide.com/i/mcmworldwide/MFCFAMM02IG038_01?sw=600 | https://images.mcmworldwide.com/i/mcmworldwide/MFCFAMM02IG038_09?sw=600 | https://images.mcmworldwide.com/i/mcmworldwide/MFCFAMM02IG038_04?sw=600 | https://images.mcmworldwide.com/i/mcmworldwide/MFCFAMM02IG038_10?sw=600 | https://images.mcmworldwide.com/i/mcmworldwide/MFCFAMM02IG038_11?sw=600,https://kr.mcmworldwide.com/ko_KR/여성/의류/재킷-코트/트렌치-코트/MFCFAMM02IG038.html,클래식
MFDFSMM01Q200L,울 리사이클 캐시미어 라우렐 크롭 카디건,850000,Pink,WOMEN,CLOTHING,OutOfStock,라우렐 로고 자수 여성용 브이넥 울 캐시미어 크롭 카디건,슈퍼파인 울과 재활용 캐시미어로 짜여진 이 크롭드 V넥 카디건은 유명한 라우렐 로고가 풍성한 자수로 장식되어 있습니다. 오른쪽 소매에 새겨진 클래식한 “MCM” 이니셜을 통해 시그니처 코드를 강조하였습니다.,"울 70%, 재생 캐시미어 30%",,,대한민국,라우렐 로고 자수 디테일 | 버튼 클로저 | 오른쪽 소매의 MCM 로고 자수 디테일 | 립 니트 트림,XS | S | M | L,https://images.mcmworldwide.com/i/mcmworldwide/MFDFSMM01Q200L_01?sw=600 | https://images.mcmworldwide.com/i/mcmworldwide/MFDFSMM01Q200L_09?sw=600 | https://images.mcmworldwide.com/i/mcmworldwide/MFDFSMM01Q200L_04?sw=600 | https://images.mcmworldwide.com/i/mcmworldwide/MFDFSMM01Q200L_10?sw=600 | https://images.mcmworldwide.com/i/mcmworldwide/MFDFSMM01Q200L_11?sw=600 | https://images.mcmworldwide.com/i/mcmworldwide/MFDFSMM01Q200L_12?sw=600,https://kr.mcmworldwide.com/ko_KR/여성/의류/니트웨어-후디/울-리사이클-캐시미어-라우렐-크롭-카디건/MFDFSMM01Q200L.html,페미닌
MFHEAMM04BK038,양가죽 셔츠,2850000,Black,WOMEN,CLOTHING,OutOfStock,엠보스드 라우렐 로고가 있는 여성용 오버사이즈 램스킨 긴소매 셔츠,이탈리아산 램스킨으로 제작되었으며 왼쪽 가슴 포켓의 엠보스드 라우렐 로고가 돋보이는 익스클루시브 시즌 캡슐 컬렉션의 긴소매 셔츠입니다. 클래식한 수공예와 모던한 스타일링을 결합한 오버사이즈 디자인입니다.,양가죽 100%,,,이탈리아,전면 버튼 클로저 | 체스트 포켓 | 엠보스드 라우렐 로고 | 오버사이즈 핏,38 IT | 40 IT,https://images.mcmworldwide.com/i/mcmworldwide/MFHEAMM04BK038_01?sw=600 | https://images.mcmworldwide.com/i/mcmworldwide/MFHEAMM04BK038_09?sw=600 | https://images.mcmworldwide.com/i/mcmworldwide/MFHEAMM04BK038_04?sw=600 | https://images.mcmworldwide.com/i/mcmworldwide/MFHEAMM04BK038_10?sw=600 | https://images.mcmworldwide.com/i/mcmworldwide/MFHEAMM04BK038_11?sw=600,https://kr.mcmworldwide.com/ko_KR/여성/의류/티셔츠-탑/양가죽-셔츠/MFHEAMM04BK038.html,스트릿
MFHFAMM01HD040,모노그램 데님 자카드 자켓,790000,Blue,WOMEN,CLOTHING,InStock,비세토스 모노그램 자카드 트림과 로고 엠보싱 가죽 패치가 더해진 여성용 오버사이즈 데님 재킷,워싱 처리된 이 데님 재킷은 라우렐의 형태에서 영감을 받아 완성된 비세토스 모노그램 자카드 패널이 특징입니다. 뮌헨을 상징하는 바이에른 다이아몬드는 가죽 로고 패치와 메탈 스냅 클로저 디자인에 영감을 주었습니다.,바디: 코튼 100% | 트림: 모노그램 데님 자카드,,,대한민국,워싱 처리 | 메탈 스냅 클로저 | 로고 엠보싱 다이아몬드 가죽 패치가 있는 가슴 포켓 | 오버사이즈 핏 | 여성 모델의 키는 178cm이며 40사이즈를 착용하고 있습니다.,40 IT | 42 IT | 44 IT,https://images.mcmworldwide.com/i/mcmworldwide/MFHFAMM01HD040_01?sw=600 | https://images.mcmworldwide.com/i/mcmworldwide/MFHFAMM01HD040_09?sw=600 | https://images.mcmworldwide.com/i/mcmworldwide/MFHFAMM01HD040_04?sw=600 | https://images.mcmworldwide.com/i/mcmworldwide/MFHFAMM01HD040_10?sw=600 | https://images.mcmworldwide.com/i/mcmworldwide/MFHFAMM01HD040_11?sw=600,https://kr.mcmworldwide.com/ko_KR/여성/의류/티셔츠-탑/모노그램-데님-자카드-자켓/MFHFAMM01HD040.html,캐주얼
MFJESMM06BK038,파워 울 재킷,1350000,Black,WOMEN,CLOTHING,OutOfStock,실크 새틴 라펠과 파워 숄더가 돋보이는 여성용 울 재킷,고급 일본산 울로 제작되었으며 실크 새틴 피크 라펠로 강조한 더블 브레스트 재킷입니다. 과장된 숄더와 아래로 내려갈수록 좁아지는 테이퍼드 웨이스트가 실루엣에 여성스러운 세련미를 더합니다.,울 100%,,,대한민국,더블 브레스티드 | 실크 새틴 피크 라펠 | 파워 숄더 | 버튼식 클로저 | 체스트 웰트 포켓 | 앞면 플랩 포켓 | 단독 드레스로 스타일링 가능 | 레귤러 핏. 모델의 신장은 175cm 이며 사이즈 40을 착용하고 있습니다.,38 IT | 40 IT,https://images.mcmworldwide.com/i/mcmworldwide/MFJESMM06BK038_01?sw=600 | https://images.mcmworldwide.com/i/mcmworldwide/MFJESMM06BK038_09?sw=600 | https://images.mcmworldwide.com/i/mcmworldwide/MFJESMM06BK038_04?sw=600 | https://images.mcmworldwide.com/i/mcmworldwide/MFJESMM06BK038_10?sw=600 | https://images.mcmworldwide.com/i/mcmworldwide/MFJESMM06BK038_11?sw=600,https://kr.mcmworldwide.com/ko_KR/여성/의류/재킷-코트/파워-울-재킷/MFJESMM06BK038.html,럭셔리
MFJESMM05VC038,부클레 재킷,1250000,Blue,WOMEN,CLOTHING,InStock,"라우렐 로고 자수, 배색 트리밍, 로고 각인 메탈 버튼 하드웨어가 특징인 여성 테일러드 부클레 재킷",부드럽고 풍부한 질감의 부클레 블레이저는 가슴 포켓에 정교한 자수로 표현된 클래식 라우렐 로고가 특징입니다. 골드 톤 메탈 버튼과 네이비 바탕 위에 더해진 화이트 배색 엣지가 선명한 대비를 이루며 우아하면서도 강렬한 분위기를 연출합니다.,"겉감: 폴리에스터 49%, 코튼 42%, 폴리아미드 9%",,,대한민국,로고 각인 골드 톤 메탈 버튼 여밈 | 가슴 포켓에 로렐(Laurel) 로고 자수 | 앞면 포켓 | 버튼으로 조절 가능한 소매 커프스 | 폴리에스터 트림 | 레귤러 핏,38 IT | 40 IT | 42 IT | 44 IT,https://images.mcmworldwide.com/i/mcmworldwide/MFJESMM05VC038_01?sw=600 | https://images.mcmworldwide.com/i/mcmworldwide/MFJESMM05VC038_09?sw=600 | https://images.mcmworldwide.com/i/mcmworldwide/MFJESMM05VC038_04?sw=600 | https://images.mcmworldwide.com/i/mcmworldwide/MFJESMM05VC038_10?sw=600 | https://images.mcmworldwide.com/i/mcmworldwide/MFJESMM05VC038_11?sw=600 | https://images.mcmworldwide.com/i/mcmworldwide/MFJESMM05VC038_12?sw=600,https://kr.mcmworldwide.com/ko_KR/여성/의류/재킷-코트/부클레-재킷/MFJESMM05VC038.html,페미닌
MFPEAMM05VC038,로레토스 울 자카드 팬츠,1150000,Blue,WOMEN,CLOTHING,OutOfStock,로레토스 모노그램 모티프와 와이드 레그 실루엣이 돋보이는 여성용 울 자카드 팬츠,이탈리아산 버진 울 소재로 제작되었으며 와이드 레그 디자인과 톤온톤 버전의 시그니처 로레토스 모노그램이 돋보이는 테일러드 자카드 팬츠입니다. 가죽 벨트 고리와 반전된 박스 플리츠로 장식된 오버사이즈 실루엣입니다. 같은 디자인의 재킷과 매치하여 룩을 완성할 수 있습니다.,"버진 울 60%, 폴리에스터 40%",,,대한민국,자카드 우븐 | 로레토스 모노그램 모티프 | 와이드 레그 디자인 | 가죽 벨트 고리와 다이아몬드 메탈 링 금속 장식 | 옆면 포켓 | 앞면과 뒷면의 반전된 박스 플리츠 | 뒷면 플랩 포켓 | 뒷면 포켓의 라우렐 자수 | 비스코스 안감 | 오버사이즈 핏,38 IT | 40 IT | 42 IT,https://images.mcmworldwide.com/i/mcmworldwide/MFPEAMM05VC038_01?sw=600 | https://images.mcmworldwide.com/i/mcmworldwide/MFPEAMM05VC038_09?sw=600 | https://images.mcmworldwide.com/i/mcmworldwide/MFPEAMM05VC038_04?sw=600 | https://images.mcmworldwide.com/i/mcmworldwide/MFPEAMM05VC038_10?sw=600 | https://images.mcmworldwide.com/i/mcmworldwide/MFPEAMM05VC038_11?sw=600,https://kr.mcmworldwide.com/ko_KR/여성/의류/스커트-팬츠/로레토스-울-자카드-팬츠/MFPEAMM05VC038.html,클래식
MFJEAMM05IG00S,탈착 가능한 후드가 있는 오버사이즈 크롭 트렌치 코트,605000,Beige,WOMEN,CLOTHING,OutOfStock,탈부착 가능한 드로우스트링 후드가 있는 여성용 오버사이즈 핏 크롭 개버딘 재킷,프리미엄 일본산 코튼으로 제작되었으며 크롭 길이와 오버사이즈 핏으로 완성된 독특한 아름다움이 돋보이는 개버딘 트렌치 코트입니다. 독특한 아이템에 모듈식 특성을 더하는 탈착식 후드 디자인으로 MCM의 혁신적인 철학을 표현했습니다.,바디: 코튼 100% | 안감: 폴리에스터 100%,,,대한민국,"탈부착 및 조절 가능한 드로우스트링 후드 | 어깨 견장 | 숨겨진 스냅 클로저 | 전면 웰트 포켓. | 버튼 커프스 | 크롭, 오버사이즈 핏",XS | S,https://images.mcmworldwide.com/i/mcmworldwide/MFJEAMM05IG00S_01?sw=600 | https://images.mcmworldwide.com/i/mcmworldwide/MFJEAMM05IG00S_09?sw=600 | https://images.mcmworldwide.com/i/mcmworldwide/MFJEAMM05IG00S_04?sw=600 | https://images.mcmworldwide.com/i/mcmworldwide/MFJEAMM05IG00S_10?sw=600 | https://images.mcmworldwide.com/i/mcmworldwide/MFJEAMM05IG00S_11?sw=600,https://kr.mcmworldwide.com/ko_KR/여성/의류/재킷-코트/탈착-가능한-후드가-있는-오버사이즈-크롭-트렌치-코트/MFJEAMM05IG00S.html,캐주얼
MFPFAMM02BK040,양가죽 버뮤다 쇼츠,930000,Black,WOMEN,CLOTHING,OutOfStock,엠보싱 모노그램 가죽 트림이 더해진 여성용 오버사이즈 램 가죽 쇼츠,뮌헨 하우스의 뛰어난 장인 정신을 엿볼수 있는 오버사이즈 버뮤다 쇼츠. 부드러운 감촉의 램가죽을 사용하여 정교하게 제작되었습니다. 엠보싱 처리된 비세토스 모노그램 디테일과 클래식 코냑 컬러의 워치 포켓으로 브랜드의 시그니처 코드를 우아하게 풀어냈습니다.,바디: 100% 양 가죽 | 트림: 엠보싱 모노그램 가죽 | 안감: 다이아몬드 모노그램 모티프 비스코스 100%,,,대한민국,"비스토스 모노그램 프린트 가죽 디테일이 더해진 5개 포켓 스타일 | 다이아몬드형 메탈 스터드 및 로고가 각인된 메탈 버튼 하드웨어 | 오버사이즈 핏 | 여성 모델은 키 176cm, 40 사이즈 착용.",40 IT | 42 IT,https://images.mcmworldwide.com/i/mcmworldwide/MFPFAMM02BK040_01?sw=600 | https://images.mcmworldwide.com/i/mcmworldwide/MFPFAMM02BK040_09?sw=600 | https://images.mcmworldwide.com/i/mcmworldwide/MFPFAMM02BK040_04?sw=600 | https://images.mcmworldwide.com/i/mcmworldwide/MFPFAMM02BK040_10?sw=600 | https://images.mcmworldwide.com/i/mcmworldwide/MFPFAMM02BK040_11?sw=600,https://kr.mcmworldwide.com/ko_KR/여성/의류/스커트-팬츠/양가죽-버뮤다-쇼츠/MFPFAMM02BK040.html,스트릿
MFPESMM03VC038,부클레 팬츠,790000,Blue,WOMEN,CLOTHING,OutOfStock,배색 트리밍과 로고 각인 메탈 버튼 하드웨어로 포인트를 더한 여성 와이드 레그 부클레 팬츠,네이비 컬러의 와이드 레그 부클레 팬츠는 로고 각인 골드 톤 메탈 버튼과 화이트 배색 디테일이 조화를 이루며 세련된 감각을 완성합니다. 매칭 재킷과 함께 연출하면 대담하면서도 우아한 룩을 완성해 보세요.,"겉감: 폴리에스터 49%, 코튼 42%, 폴리아미드 9%",,,대한민국,와이드 레그 디자인 | 버튼 및 지퍼 여밈 | 앞면 사이드 포켓 | 뒷면 웰트 포켓 | 폴리에스터 트림 | 로고 각인 골드 톤 메탈 버튼 하드웨어 | 레귤러 핏,38 IT | 40 IT | 42 IT | 44 IT,https://images.mcmworldwide.com/i/mcmworldwide/MFPESMM03VC038_01?sw=600 | https://images.mcmworldwide.com/i/mcmworldwide/MFPESMM03VC038_09?sw=600 | https://images.mcmworldwide.com/i/mcmworldwide/MFPESMM03VC038_04?sw=600 | https://images.mcmworldwide.com/i/mcmworldwide/MFPESMM03VC038_10?sw=600 | https://images.mcmworldwide.com/i/mcmworldwide/MFPESMM03VC038_11?sw=600 | https://images.mcmworldwide.com/i/mcmworldwide/MFPESMM03VC038_12?sw=600,https://kr.mcmworldwide.com/ko_KR/여성/의류/스커트-팬츠/부클레-팬츠/MFPESMM03VC038.html,페미닌
MFPFAMM03IG00M,카고 팬츠,930000,Beige,WOMEN,CLOTHING,OutOfStock,카고 포켓과 로고 각인 메탈 하드웨어가 더해진 여성용 코튼-나일론 팬츠,"일본산 코튼-나일론 혼방 원단을 사용한 베이지 컬러 팬츠로, 하우스의 목적 지향적 디자인 철학을 반영한 카고 포켓을 갖추고 있습니다. 뮌헨을 상징하는 바바리안 다이아몬드 메탈 하드웨어가 뒷면 포켓과 가죽 벨트 루프 스트랩에 더해져 고급스러움을 더합니다.","바디: 코튼 63%, 나일론 37% | 트림:100% 폴리에스터",,,대한민국,앞면 옆면 뒷면 포켓 | 카고 스타일 포켓 | 다이아몬드 메탈 하드웨어가 달린 가죽 벨트 루프 스트랩 | 다이아몬드 메탈 스터드 장식이 있는 뒷면 포켓 | 편안한 핏 | 여성 모델의 키는 176cm이며 M사이즈를 착용하고 있습니다.,S | M,https://images.mcmworldwide.com/i/mcmworldwide/MFPFAMM03IG00M_01?sw=600 | https://images.mcmworldwide.com/i/mcmworldwide/MFPFAMM03IG00M_09?sw=600 | https://images.mcmworldwide.com/i/mcmworldwide/MFPFAMM03IG00M_04?sw=600 | https://images.mcmworldwide.com/i/mcmworldwide/MFPFAMM03IG00M_10?sw=600 | https://images.mcmworldwide.com/i/mcmworldwide/MFPFAMM03IG00M_11?sw=600,https://kr.mcmworldwide.com/ko_KR/여성/의류/스커트-팬츠/카고-팬츠/MFPFAMM03IG00M.html,캐주얼
MFPGSMM021H038,별자리 데님 진,790000,Blue,WOMEN,CLOTHING,OutOfStock,비세토스 모노그램 레이저 프린트와 그레인 가죽 패치가 더해진 여성용 오버사이즈 데님 진,"시즌의 별자리 콘셉트를 반영해 레터링, 라우렐, 다이아몬드가 별자리처럼 표현된 오버사이즈 데님 진. 곡선형 절개로 볼륨감을 살렸으며, 클래식 비세토스 모노그램 프린트가 더해진 코냑 가죽 패치로 마무리되었습니다.","바디: 코튼 100% | 포켓 라이닝: 폴리에스테르 82%, 코튼 18%",,,대한민국,레이저 프린트 비세토스 모노그램 | 5 포켓 디자인 | 비세토스 모노그램 프린트가 더해진 뒷면 가죽 패치 | 오버사이즈 핏,38 IT | 40 IT | 42 IT | 44 IT,https://images.mcmworldwide.com/i/mcmworldwide/MFPGSMM021H038_01?sw=600 | https://images.mcmworldwide.com/i/mcmworldwide/MFPGSMM021H038_09?sw=600 | https://images.mcmworldwide.com/i/mcmworldwide/MFPGSMM021H038_04?sw=600 | https://images.mcmworldwide.com/i/mcmworldwide/MFPGSMM021H038_10?sw=600 | https://images.mcmworldwide.com/i/mcmworldwide/MFPGSMM021H038_11?sw=600 | https://images.mcmworldwide.com/i/mcmworldwide/MFPGSMM021H038_12?sw=600,https://kr.mcmworldwide.com/ko_KR/여성/의류/스커트-팬츠/별자리-데님-진/MFPGSMM021H038.html,캐주얼
MFJGSMM051H040,모노그램 레더 벨트가 더해진 별자리 데님 재킷,1390000,Blue,WOMEN,CLOTHING,InStock,비세토스 모노그램 레이저 프린트와 그레인 가죽 벨트가 더해진 여성용 크롭 데님 재킷,"시즌의 별자리 콘셉트를 반영해 레터링, 라우렐, 다이아몬드가 별자리처럼 표현된 크롭 데님 재킷입니다. 슬림 핏에 클래식 비세토스 모노그램 프린트가 더해진 코냑 컬러 가죽 벨트로 완성도를 높였습니다.","바디: 코튼 100% | 포켓 라이닝: 폴리에스테르 82%, 코튼 18%",,,대한민국,가슴 부분에 레이저 프린트 비세토스 모노그램 | 로고가 각인된 메탈 버튼 클로저 | 앞면 포켓 | 벨트: 비세토스 모노그램 프린트가 더해진 그레인 레더 | 크롭 기장의 슬림핏,40 IT | 42 IT | 44 IT,https://images.mcmworldwide.com/i/mcmworldwide/MFJGSMM051H040_01?sw=600 | https://images.mcmworldwide.com/i/mcmworldwide/MFJGSMM051H040_09?sw=600 | https://images.mcmworldwide.com/i/mcmworldwide/MFJGSMM051H040_04?sw=600 | https://images.mcmworldwide.com/i/mcmworldwide/MFJGSMM051H040_10?sw=600 | https://images.mcmworldwide.com/i/mcmworldwide/MFJGSMM051H040_11?sw=600 | https://images.mcmworldwide.com/i/mcmworldwide/MFJGSMM051H040_12?sw=600,https://kr.mcmworldwide.com/ko_KR/여성/의류/재킷-코트/모노그램-레더-벨트가-더해진-별자리-데님-재킷/MFJGSMM051H040.html,캐주얼
MFPGSMM04BK040,양가죽 쇼츠,990000,Black,WOMEN,CLOTHING,InStock,가죽 로고 패치와 화이트 배색 트리밍이 돋보이는 여성 가죽 쇼츠,"최상급 램스킨 가죽을 사용한 쇼츠로 뮌헨 바바리안 다이아몬드에서 착안한 로고 패치로 섬세하게 장식되었습니다. 하우스의 클래식 코드를 담은 화이트 사이드 스트라이프가 더해져, 장인의 손길이 느껴지는 감각적이고 정제된 실루엣을 완성합니다.",바디: 100% 양 가죽 | 트림: 인조 가죽,,,대한민국,다이아몬드 로고 가죽 패치 | 화이트 배색 사이드에 로고 모티프 | 뒤쪽 웰트 포켓 | 레귤러 핏,40 IT | 42 IT,https://images.mcmworldwide.com/i/mcmworldwide/MFPGSMM04BK040_01?sw=600 | https://images.mcmworldwide.com/i/mcmworldwide/MFPGSMM04BK040_09?sw=600 | https://images.mcmworldwide.com/i/mcmworldwide/MFPGSMM04BK040_04?sw=600 | https://images.mcmworldwide.com/i/mcmworldwide/MFPGSMM04BK040_10?sw=600 | https://images.mcmworldwide.com/i/mcmworldwide/MFPGSMM04BK040_11?sw=600 | https://images.mcmworldwide.com/i/mcmworldwide/MFPGSMM04BK040_12?sw=600,https://kr.mcmworldwide.com/ko_KR/여성/의류/스커트-팬츠/양가죽-쇼츠/MFPGSMM04BK040.html,페미닌
MFPFAMM04HD040,모노그램 데님 자카드 진,790000,Blue,WOMEN,CLOTHING,InStock,비세토스 모노그램 자카드 트림이 돋보이는 여성용 오버사이즈 데님 진,워싱 처리된 이 데님 진은 하우스의 시그니처 비세토스 모노그램을 담은 자카드 패널이 특징입니다. 뮌헨을 상징하는 바이에른 다이아몬드는 가죽 벨트 루프 스트랩의 메탈 하드웨어 디자인에 영감을 주었습니다.,바디: 코튼 100% | 트림: 모노그램 데님 자카드,,,대한민국,워싱 처리 | 5개의 포켓이 더해진 스타일 | 바바리안 다이아몬드 메탈 하드웨어 디테일이 더해진 가죽 벨트 루프 스트랩 | 오버사이즈 핏 | 여성 모델의 키는 178cm이며 40사이즈를 착용하고 있습니다.,40 IT | 42 IT,https://images.mcmworldwide.com/i/mcmworldwide/MFPFAMM04HD040_01?sw=600 | https://images.mcmworldwide.com/i/mcmworldwide/MFPFAMM04HD040_09?sw=600 | https://images.mcmworldwide.com/i/mcmworldwide/MFPFAMM04HD040_04?sw=600 | https://images.mcmworldwide.com/i/mcmworldwide/MFPFAMM04HD040_10?sw=600 | https://images.mcmworldwide.com/i/mcmworldwide/MFPFAMM04HD040_11?sw=600,https://kr.mcmworldwide.com/ko_KR/여성/의류/스커트-팬츠/모노그램-데님-자카드-진/MFPFAMM04HD040.html,캐주얼
MFPGSMM03NL038,울 트윌 모노그램 팬츠,970000,Brown,WOMEN,CLOTHING,OutOfStock,비세토스 모노그램 자카드 허리 밴드가 더해진 뮬징(mulesing)을 하지 않고 동물 복지를 고려한 윤리적으로 생상된 울을 사용한 여성용 오버사이즈 팬츠,뮬징(mulesing)을 하지 않고 동물 복지를 고려하여 세심하게 직조된 일본산 울로 만든 이 오버사이즈 팬츠는 비세토스 모노그램이 특징인 신축성 있는 자카드 허리 밴드로 장식되었습니다. 정교한 스티치 패턴은 앞쪽의 사이드 포켓을 장식하며 섬세한 재봉 예술을 더하였습니다.,바디: 100% 울,,,대한민국,히든 지퍼 클로저 | 스타일 스티치 패턴이 더해진 앞면 사이드 포켓 | 모노그램 자카드 엘라스틱 허리밴드 | 뒷면 웰트 포켓 | 오버사이즈 핏 | 여성 모델 키는 176cm 이며 40사이즈를 착용하고 있습니다.,38 IT | 40 IT | 42 IT | 44 IT,https://images.mcmworldwide.com/i/mcmworldwide/MFPGSMM03NL038_01?sw=600 | https://images.mcmworldwide.com/i/mcmworldwide/MFPGSMM03NL038_09?sw=600 | https://images.mcmworldwide.com/i/mcmworldwide/MFPGSMM03NL038_04?sw=600 | https://images.mcmworldwide.com/i/mcmworldwide/MFPGSMM03NL038_10?sw=600 | https://images.mcmworldwide.com/i/mcmworldwide/MFPGSMM03NL038_11?sw=600 | https://images.mcmworldwide.com/i/mcmworldwide/MFPGSMM03NL038_12?sw=600,https://kr.mcmworldwide.com/ko_KR/여성/의류/스커트-팬츠/울-트윌-모노그램-팬츠/MFPGSMM03NL038.html,캐주얼
MFVFAMM01NR00L,탈부착 후드 리사이클 나일론 패딩 베스트,1150000,Brown,WOMEN,CLOTHING,OutOfStock,탈부착 가능한 후드가 있는 여성용 에코 다운 재생 나일론 패딩 베스트,"정교한 장인 정신이 돋보이는 보온성 뛰어난 재활용 나일론 베스트는 혁신적인 친환경 에코 다운 소재를 사용했으며, 탈부착 가능한 후드 디테일에서는 모듈러 디자인 철학을 엿볼 수 있습니다. 바이에른 다이아몬드에서 영감을 받은 로고 엠보싱 가죽 패치가 가슴 부분에 포인트를 더합니다.",바디: 100% 재생나일론,약 3.9 x 7.5 x 7.5 인치,,대한민국,탈부착 가능한 후드 | 지퍼 클로저 | 로고 각인 다이아몬드 가죽 패치 | 앞면 지퍼 수납 공간 | 목 안쪽 립 니트 부분의 라우렐 로고 모티브 | 폴리에스테르 안감 | 레귤러 핏 | S사이즈를 착용하고 있는 여성 모델의 키는 178cm입니다.,S | M | L,https://images.mcmworldwide.com/i/mcmworldwide/MFVFAMM01NR00L_01?sw=600 | https://images.mcmworldwide.com/i/mcmworldwide/MFVFAMM01NR00L_09?sw=600 | https://images.mcmworldwide.com/i/mcmworldwide/MFVFAMM01NR00L_04?sw=600 | https://images.mcmworldwide.com/i/mcmworldwide/MFVFAMM01NR00L_10?sw=600 | https://images.mcmworldwide.com/i/mcmworldwide/MFVFAMM01NR00L_11?sw=600,https://kr.mcmworldwide.com/ko_KR/여성/의류/재킷-코트/탈부착-후드-리사이클-나일론-패딩-베스트/MFVFAMM01NR00L.html,캐주얼
MFTEAMM04ET00M,크리스탈 모노그램 폰테 티셔츠,346000,Grey,WOMEN,CLOTHING,OutOfStock,스와로브스키 크리스탈 장식의 로레토스 모노그램이 돋보이는 여성용 오버사이즈 폰테 티셔츠,시그니처 로레토스 모노그램을 스와로브스키 크리스탈로 표현하여 반짝임이 아름다운 오버사이즈 티셔츠. 리사이클 폰테 원단을 사용한 이 고급스러운 감각의 클래식한 티셔츠는 캐주얼 필수 아이템으로 톡톡한 역할을 할 것입니다.,"재생 폴리에스터 70%, 코튼 25%, 폴리우레탄 5%",,,대한민국,리브 니트 칼라 | 스와로브스키 크리스탈 장식 로레토스 모노그램 | 오른쪽 슬리브의 MCM 모티프 | 엑스트라 오버사이즈 핏,M,https://images.mcmworldwide.com/i/mcmworldwide/MFTEAMM04ET00M_01?sw=600 | https://images.mcmworldwide.com/i/mcmworldwide/MFTEAMM04ET00M_09?sw=600 | https://images.mcmworldwide.com/i/mcmworldwide/MFTEAMM04ET00M_04?sw=600 | https://images.mcmworldwide.com/i/mcmworldwide/MFTEAMM04ET00M_10?sw=600 | https://images.mcmworldwide.com/i/mcmworldwide/MFTEAMM04ET00M_11?sw=600,https://kr.mcmworldwide.com/ko_KR/여성/의류/티셔츠-탑/크리스탈-모노그램-폰테-티셔츠/MFTEAMM04ET00M.html,캐주얼
MHJESBC06BK048,로고 패치 폰테 블레이저,990000,Black,MEN,CLOTHING,OutOfStock,라우렐 로고 패치 자수가 돋보이는 남성용 싱글 브레스트 폰테 재킷,노치 라펠과 체스트 포켓의 라우렐 로고 패치 자수가 돋보이는 지속 가능한 폰테 재킷입니다. 골드톤 메탈릭 스냅 버튼 클로저가 어두운 실루엣에 반짝이는 대비를 연출합니다.,"재생 폴리에스터 51%, 재생 코튼 43%, 스판덱스 6%",,,대한민국,"싱글 브레스트 | 노치 라펠 | 골드톤 메탈 스냅 버튼 클로저 | MCM 로고 패치 자수 체스트 포켓 | 전면 플랩 포켓 | 폴리에스터 안감 | 편안한 핏 모델 신장: 186cm, 착용 사이즈: 미디엄",48 IT | 50 IT | 52 IT,https://images.mcmworldwide.com/i/mcmworldwide/MHJESBC06BK048_01?sw=600 | https://images.mcmworldwide.com/i/mcmworldwide/MHJESBC06BK048_09?sw=600 | https://images.mcmworldwide.com/i/mcmworldwide/MHJESBC06BK048_04?sw=600 | https://images.mcmworldwide.com/i/mcmworldwide/MHJESBC06BK048_10?sw=600 | https://images.mcmworldwide.com/i/mcmworldwide/MHJESBC06BK048_11?sw=600,https://kr.mcmworldwide.com/ko_KR/남성/의류/재킷-코트/로고-패치-폰테-블레이저/MHJESBC06BK048.html,클래식
MHHGSMM01CO048,모노그램 프린드 레더 포켓이 있는 코튼 셔츠,870000,Cognac,MEN,CLOTHING,InStock,비세토스 모노그램 프린트 레더 칼라와 포켓이 돋보이는 남성 오버사이즈 코튼 트윌 셔츠,"클래식 코냑 컬러 코튼 트윌 셔츠로, 하우스 특유의 레더 장인정신이 돋보이는 아이템입니다. 숏슬리브 실루엣과 그레인드 레더 칼라, 시그니처 비세토스 모노그램 프린트가 더해진 체스트 포켓이 특징입니다.",바디: 코튼 100%,,,대한민국,버튼 클로저 | 그레인 가죽과 비세토스 모노그램 프린트가 더해진 카라와 가슴 포켓 | 오버사이즈 핏 | 남성 모델의 키는 188cm 이며 사이즈 48을 작용하고 있습니다.,48 IT | 50 IT | 52 IT,https://images.mcmworldwide.com/i/mcmworldwide/MHHGSMM01CO048_01?sw=600 | https://images.mcmworldwide.com/i/mcmworldwide/MHHGSMM01CO048_09?sw=600 | https://images.mcmworldwide.com/i/mcmworldwide/MHHGSMM01CO048_04?sw=600 | https://images.mcmworldwide.com/i/mcmworldwide/MHHGSMM01CO048_10?sw=600 | https://images.mcmworldwide.com/i/mcmworldwide/MHHGSMM01CO048_11?sw=600 | https://images.mcmworldwide.com/i/mcmworldwide/MHHGSMM01CO048_12?sw=600,https://kr.mcmworldwide.com/ko_KR/남성/의류/티셔츠-셔츠/모노그램-프린드-레더-포켓이-있는-코튼-셔츠/MHHGSMM01CO048.html,캐주얼
MHJESBC04BK00L,에센셜 로고 패치 바시티 재킷,1050000,Black,MEN,CLOTHING,OutOfStock,라우렐 로고 다이아몬드 패치 자수가 돋보이는 남성용 오버사이즈 폰테 바시티 재킷,지속 가능한 폰테 소재로 제작되었으며 가슴의 라우렐 로고 다이아몬드 패치 자수가 돋보이는 바시티 재킷입니다. 텍스처드 리브 니트 트림과 대조적인 스트라이프로 오버사이즈 실루엣에 고급스러움을 더했습니다.,"재생 폴리에스터 51%, 재생 코튼 43%, 스판덱스 6%",,,대한민국,"가슴의 MCM 로고 자수 패치 | 버튼 클로저 | 대조적인 스트라이프 디테일의 리브 니트 칼라, 밑단, 커프스 | 오버사이즈 핏. 모델 신장: 186cm, 착용 사이즈: 미디엄",M | L,https://images.mcmworldwide.com/i/mcmworldwide/MHJESBC04BK00L_01?sw=600 | https://images.mcmworldwide.com/i/mcmworldwide/MHJESBC04BK00L_09?sw=600 | https://images.mcmworldwide.com/i/mcmworldwide/MHJESBC04BK00L_04?sw=600 | https://images.mcmworldwide.com/i/mcmworldwide/MHJESBC04BK00L_10?sw=600 | https://images.mcmworldwide.com/i/mcmworldwide/MHJESBC04BK00L_11?sw=600,https://kr.mcmworldwide.com/ko_KR/남성/의류/재킷-코트/에센셜-로고-패치-바시티-재킷/MHJESBC04BK00L.html,스트릿
MHJFAMM01VC00L,모노그램 네오플렌 자카드 폰테 바시티 자켓,1190000,Blue,MEN,CLOTHING,OutOfStock,비세토스 모노그램 네오프렌 자카드 트림이 더해진 유니섹스 오버사이즈 폰테 재킷,"시그니처 라우렐 실루엣에서 영감을 받은 모노그램 네오프렌 자카드 모티프가 어깨와 소매를 따라 흐르듯 배치된 오버사이즈 폰테 재킷입니다. 칼라, 밑단, 소매에는 리브 니트 스트라이프 디테일이 더해져 바시티 실루엣 특유의 감성을 완성합니다.","바디: 51% 폴리에스테르, 코튼 43%, 스판덱스 6% | 트림: 모노그램 네오플렌 자카드",,,대한민국,"유니섹스 모델 | 메탈 스냅 클로저 | 골지 니트 스트라이프 칼라, 밑단, 소매 커프스 | 오버사이즈 핏 | 여성 모델의 키는 176cm이며 M사이즈를 착용하고 있습니다. | Male model is about 186cm / 6'1"" tall and wears size M.",S | M | L | X라지,https://images.mcmworldwide.com/i/mcmworldwide/MHJFAMM01VC00L_01?sw=600 | https://images.mcmworldwide.com/i/mcmworldwide/MHJFAMM01VC00L_09?sw=600 | https://images.mcmworldwide.com/i/mcmworldwide/MHJFAMM01VC00L_04?sw=600 | https://images.mcmworldwide.com/i/mcmworldwide/MHJFAMM01VC00L_10?sw=600 | https://images.mcmworldwide.com/i/mcmworldwide/MHJFAMM01VC00L_11?sw=600 | https://images.mcmworldwide.com/i/mcmworldwide/MHJFAMM01VC00L_12?sw=600 | https://images.mcmworldwide.com/i/mcmworldwide/MHJFAMM01VC00L_13?sw=600,https://kr.mcmworldwide.com/ko_KR/남성/의류/재킷-코트/모노그램-네오플렌-자카드-폰테-바시티-자켓/MHJFAMM01VC00L.html,스트릿
MHJFAMM04CO00L,페이크 퍼 소매 탈부착 플리스 재킷,1290000,Cognac,MEN,CLOTHING,OutOfStock,"비세토스 모노그램이 프린트된 ECONYL® 트리밍과 탈부착 가능한 소매가 돋보이는, 재생 폴리에스터 페이크 퍼 소재의 유니섹스 재킷","친환경 페이크 퍼 소재로 제작된 이 플리스 재킷은 뮌헨 하우스의 정교한 장인 정신을 엿볼 수 있습니다. 탈부착 가능한 소매에는 MCM의 모듈러 디자인 철학이 반영되었으며, 시그니처 비세토스 모노그램이 더해진 ECONYL® 디테일이 아이코닉한 무드를 완성합니다.",바디: 재생 폴리에스테르 페이크 퍼 | 트림:비세토스 모노그램 프린트가 더해진 ECONYL® 재생 나일론,약 2.8 x 5.1 x 3.5 인치,,대한민국,유니섹스 | 탈부착 가능한 소매로 베스트로 변환 가능 | 로고 각인 다이아몬드 가죽 패치 | 지퍼 클로저 | 앞면 포켓 | 편안한 핏 | M사이즈를 착용하고 있는 여성 모델의 키는 176cm입니다. | M사이즈를 착용하고 있는 남성 모델의 키는 186cm입니다.,S | M | L,https://images.mcmworldwide.com/i/mcmworldwide/MHJFAMM04CO00L_01?sw=600 | https://images.mcmworldwide.com/i/mcmworldwide/MHJFAMM04CO00L_09?sw=600 | https://images.mcmworldwide.com/i/mcmworldwide/MHJFAMM04CO00L_04?sw=600 | https://images.mcmworldwide.com/i/mcmworldwide/MHJFAMM04CO00L_05?sw=600 | https://images.mcmworldwide.com/i/mcmworldwide/MHJFAMM04CO00L_10?sw=600 | https://images.mcmworldwide.com/i/mcmworldwide/MHJFAMM04CO00L_11?sw=600 | https://images.mcmworldwide.com/i/mcmworldwide/MHJFAMM04CO00L_12?sw=600 | https://images.mcmworldwide.com/i/mcmworldwide/MHJFAMM04CO00L_13?sw=600 | https://images.mcmworldwide.com/i/mcmworldwide/MHJFAMM04CO00L_14?sw=600,https://kr.mcmworldwide.com/ko_KR/남성/의류/재킷-코트/페이크-퍼-소매-탈부착-플리스-재킷/MHJFAMM04CO00L.html,스트릿
MHMFAMM01EG00M,울 자카드 리우렐 점프수트,2190000,Grey,MEN,CLOTHING,OutOfStock,로레토스 모노그램 모티프가 돋보이는 남성용 오버사이즈 울 자카드 점프수트,"미지의 세계에 과감히 도전하는 이들의 대담한 정신을 담았습니다. 우승과 성취의 상징인 시그니처 라우렐 모티프가 오버사이즈 울 자카드 실루엣을 톤온톤으로 감싸며, 바이에른 다이아몬드에서 영감을 받은 포켓과 메탈 하드웨어로 클래식한 하우스 코드를 완성했습니다.","바디: 울 57%, 리사이클 폴리에스터 43% | 트림: 82% 리사이클 폴리에스터, 18% 코튼",,,대한민국,"로레토스 모노그램 자카드 | 메탈 스냅 버튼 여밈이 있는 칼라 | 가슴 부분의 플랩 포켓 | 지퍼 클로저 | 조절 가능한 허리와 소매 끝단 | 무릎 주편 카펜터 포켓 | 뒷면 플랩 포켓 | 핏 조절 가능한 다리 부분의 지퍼 | 바이에른 다이아몬드 메탈 하드웨어가 더해진 가죽 스트랩 디테일 | 오버사이즈 핏 | 여성 모델의 키는 178cm이며 M사이즈를 착용하고 있습니다. | Male model is about 186cm / 6'1"" tall and wears size M.",M,https://images.mcmworldwide.com/i/mcmworldwide/MHMFAMM01EG00M_01?sw=600 | https://images.mcmworldwide.com/i/mcmworldwide/MHMFAMM01EG00M_09?sw=600 | https://images.mcmworldwide.com/i/mcmworldwide/MHMFAMM01EG00M_04?sw=600 | https://images.mcmworldwide.com/i/mcmworldwide/MHMFAMM01EG00M_10?sw=600 | https://images.mcmworldwide.com/i/mcmworldwide/MHMFAMM01EG00M_11?sw=600 | https://images.mcmworldwide.com/i/mcmworldwide/MHMFAMM01EG00M_12?sw=600,https://kr.mcmworldwide.com/ko_KR/남성/의류/모두보기/울-자카드-리우렐-점프수트/MHMFAMM01EG00M.html,스트릿
MHJFAMM03CO00L,스웨이드 시어링 모노그램 레더 재킷,4850000,Cognac,MEN,CLOTHING,OutOfStock,비세토스 모노그램 프린트 가죽 트리밍이 더해진 유니섹스 스웨이드 시어링 재킷,뮌헨 하우스의 클래식 코냑 컬러로 선보이는 이 스페인산 스웨이드 시어링 재킷은 시그니처 비세토스 모노그램이 돋보이는 그레인 가죽 디테일로 고급스러움을 더했습니다.,바디: 스페인산 스웨이드 시어링 | 트림: 비세토스 모노그램 프린트 엠보스드 가죽,약 0.0 x 3.1 x 5.1 인치,,이탈리아,"스페인산 램 시어링 카라, 밑단, 소매 트리밍 | 지퍼 클로저 | 앞면 지퍼 포켓 | 편안한 핏 | M사이즈를 착용하고 있는 여성 모델의 키는 176cm입니다. | M사이즈를 착용하고 있는 남성 모델의 키는 186cm입니다.",M | L,https://images.mcmworldwide.com/i/mcmworldwide/MHJFAMM03CO00L_01?sw=600 | https://images.mcmworldwide.com/i/mcmworldwide/MHJFAMM03CO00L_09?sw=600 | https://images.mcmworldwide.com/i/mcmworldwide/MHJFAMM03CO00L_04?sw=600 | https://images.mcmworldwide.com/i/mcmworldwide/MHJFAMM03CO00L_10?sw=600 | https://images.mcmworldwide.com/i/mcmworldwide/MHJFAMM03CO00L_11?sw=600 | https://images.mcmworldwide.com/i/mcmworldwide/MHJFAMM03CO00L_12?sw=600,https://kr.mcmworldwide.com/ko_KR/남성/의류/재킷-코트/스웨이드-시어링-모노그램-레더-재킷/MHJFAMM03CO00L.html,클래식
MHPEAMM02LI044,로레토스 모노그램 데님 진,357000,Blue,MEN,CLOTHING,OutOfStock,로레토스 모노그램 올오버 프린트가 돋보이는 유니섹스 인디고 데님 진,올오버 디스차지 프린트를 통해 시그니처 로레토스 모노그램을 선보이는 유니섹스 진입니다. 프리미엄 인디고 데님으로 제작되었으며 독특한 뒷면 플랩 포켓이 있는 5포켓 스타일이 특징입니다.,코튼 100%,,,대한민국,버튼 & 지퍼 클로저 | 로레토스 모노그램 디스차지 프린트 | 전면 포켓 | 라우렐 로고 자수가 있는 뒷면 플랩 포켓 | 편안한 핏,44 IT,https://images.mcmworldwide.com/i/mcmworldwide/MHPEAMM02LI044_01?sw=600 | https://images.mcmworldwide.com/i/mcmworldwide/MHPEAMM02LI044_09?sw=600 | https://images.mcmworldwide.com/i/mcmworldwide/MHPEAMM02LI044_04?sw=600 | https://images.mcmworldwide.com/i/mcmworldwide/MHPEAMM02LI044_10?sw=600 | https://images.mcmworldwide.com/i/mcmworldwide/MHPEAMM02LI044_11?sw=600 | https://images.mcmworldwide.com/i/mcmworldwide/MHPEAMM02LI044_12?sw=600 | https://images.mcmworldwide.com/i/mcmworldwide/MHPEAMM02LI044_13?sw=600,https://kr.mcmworldwide.com/ko_KR/men/clothing/pants-shorts/로레토스-모노그램-데님-진/MHPEAMM02LI044.html,캐주얼
MHPESBC04BK050,에센셜 드로우스트링 폰테 팬츠,730000,Black,MEN,CLOTHING,InStock,라우렐 로고 자수가 돋보이는 남성용 드로우스트링 폰테 팬츠,왼쪽 다리의 자수 라우렐 엠블럼이 특징인 지속 가능한 폰테 팬츠입니다. 포멀한 요소와 애슬레저의 요소를 결합하여 대조적인 화이트 컬러의 파이핑 디테일로 장식되었으며 드로우스트링으로 여밀 수 있습니다.,"재생 폴리에스터 51%, 재생 코튼 43%, 스판덱스 6%",,,대한민국,"골드톤 메탈 팁이 있는 드로우스트링 웨이스트 | 왼쪽 다리의 MCM 로고 자수 | 옆면 슬래시 포켓 | 뒷면 웰트 포켓 | 레귤러 핏 모델 신장: 186cm, 착용 사이즈: 미디엄",50 IT,https://images.mcmworldwide.com/i/mcmworldwide/MHPESBC04BK050_01?sw=600 | https://images.mcmworldwide.com/i/mcmworldwide/MHPESBC04BK050_09?sw=600 | https://images.mcmworldwide.com/i/mcmworldwide/MHPESBC04BK050_02?sw=600 | https://images.mcmworldwide.com/i/mcmworldwide/MHPESBC04BK050_10?sw=600 | https://images.mcmworldwide.com/i/mcmworldwide/MHPESBC04BK050_11?sw=600,https://kr.mcmworldwide.com/ko_KR/men/clothing/pants-shorts/에센셜-드로우스트링-폰테-팬츠/MHPESBC04BK050.html,캐주얼
MHPFAMM02ED048,로레토스 자카드 팬츠,1050000,Grey,MEN,CLOTHING,OutOfStock,카고 포켓과 가죽 스트랩 디테일이 어우러진 남성용 로레토스 모노그램 자카드 팬츠,"포멀함과 실용성을 모두 겸비한 자카드 팬츠입니다. 뮌헨 하우스의 시그니처 라우렐 문양이 세련된 감각을 더했고, 클래식한 5포켓 디자인과 무릎 주변의 카고 포켓이 실용성을 한층 높였습니다. 바이에른 다이아몬드 메탈 하드웨어는 독일 헤리티지를 담아내며 세련된 실루엣을 완성합니다.","바디: 리사이클 나일론 56%, 코튼 44% | 안감: 폴리에스테르 100%",,,대한민국,앞면 사이드 포켓 | 뒷면 포켓 | 무릎 주변 카고 포켓 | 다이아몬드 메탈 장식이 있는 가죽 스트랩 디테일 | 바바리안 다이아몬드 메탈 하드웨어 | 편안한 핏 | 남성 모델의 키는 186cm 이며 48사이즈를 착용하고 있습니다.,48 IT | 50 IT,https://images.mcmworldwide.com/i/mcmworldwide/MHPFAMM02ED048_01?sw=600 | https://images.mcmworldwide.com/i/mcmworldwide/MHPFAMM02ED048_09?sw=600 | https://images.mcmworldwide.com/i/mcmworldwide/MHPFAMM02ED048_04?sw=600 | https://images.mcmworldwide.com/i/mcmworldwide/MHPFAMM02ED048_10?sw=600 | https://images.mcmworldwide.com/i/mcmworldwide/MHPFAMM02ED048_11?sw=600,https://kr.mcmworldwide.com/ko_KR/men/clothing/pants-shorts/로레토스-자카드-팬츠/MHPFAMM02ED048.html,스트릿
MHPGSBC01GK00L,에센셜 로고 폰테 트랙 팬츠,590000,Beige,MEN,CLOTHING,OutOfStock,라우렐 자수와 MCM 로고 모티프가 더해진 오버사이즈 유니섹스 폰테 트랙 팬츠,"클래식한 애슬레저 아이템을 새롭게 해석한 폰테 트랙 팬츠. 왼쪽 포켓의 라우렐 자수가 더해졌으며, 밑단의 MCM 로고 모티프 자수와 바이에른 다이아몬드에서 영감을 받은 뒷주머니 디테일로 완성도를 높였습니다. 같은 디자인의 트랙 재킷과 함께 스타일을 완성해보세요.","폴리에스테르 51%, 코튼 43%, 스판덱스 6%",약 3.1 x 47.2 x 0.0 인치,,대한민국,"라우렐 로고 자수 | 메탈 팁이 달린 조절 가능한 스트링 허리 | 앞면 사이드 포켓 | 뒷면의 다이아몬드 포켓 | MCM 로고 모티프가 더해진 소매 | 오버사이즈 핏 | Male model is 188cm / 6'1"" tall and wears size M.",S | M | L | X라지,https://images.mcmworldwide.com/i/mcmworldwide/MHPGSBC01GK00L_01?sw=600 | https://images.mcmworldwide.com/i/mcmworldwide/MHPGSBC01GK00L_09?sw=600 | https://images.mcmworldwide.com/i/mcmworldwide/MHPGSBC01GK00L_04?sw=600 | https://images.mcmworldwide.com/i/mcmworldwide/MHPGSBC01GK00L_10?sw=600 | https://images.mcmworldwide.com/i/mcmworldwide/MHPGSBC01GK00L_11?sw=600 | https://images.mcmworldwide.com/i/mcmworldwide/MHPGSBC01GK00L_12?sw=600,https://kr.mcmworldwide.com/ko_KR/men/clothing/pants-shorts/에센셜-로고-폰테-트랙-팬츠/MHPGSBC01GK00L.html,스트릿
MHPGSMM04CO048,모노그램 프린트 레더가 더해진 코튼 트윌 쇼츠,730000,Cognac,MEN,CLOTHING,OutOfStock,비세토스 모노그램 프린트 레더 디테일과 대비되는 컬러의 스티치가 어우러진 남성 오버사이즈 코튼 트윌 쇼츠,"코냑 컬러 코튼 트윌 쇼츠로, 뮌헨 하우스의 레더워크가 돋보이는 오버사이즈 실루엣입니다. 대비되는 컬러 스티치와 시그니처 비세토스 모노그램 프린트 레더 디테일이 조화를 이루며, 레더 해머 루프가 기능적 디테일과 스타일을 동시에 완성합니다.",바디: 코튼 100%,,,대한민국,버튼 클로저 | 5 포켓 디자인 | 앞면의 대비되는 컬러의 스티칭 | 비세토스 모노그램이 프린트된 레더 해머 루프 | 뒷 포켓의 바이에른 다이아몬드 스터드 | 코인 포켓: 비세토스 모노그램 프린트가 더해진 그레인 가죽 | 메탈 하드웨어 | 오버사이즈 핏 | 남성 모델의 키는 188cm 이며 사이즈 48을 작용하고 있습니다.,48 IT | 50 IT,https://images.mcmworldwide.com/i/mcmworldwide/MHPGSMM04CO048_01?sw=600 | https://images.mcmworldwide.com/i/mcmworldwide/MHPGSMM04CO048_09?sw=600 | https://images.mcmworldwide.com/i/mcmworldwide/MHPGSMM04CO048_04?sw=600 | https://images.mcmworldwide.com/i/mcmworldwide/MHPGSMM04CO048_10?sw=600 | https://images.mcmworldwide.com/i/mcmworldwide/MHPGSMM04CO048_11?sw=600 | https://images.mcmworldwide.com/i/mcmworldwide/MHPGSMM04CO048_12?sw=600,https://kr.mcmworldwide.com/ko_KR/men/clothing/pants-shorts/모노그램-프린트-레더가-더해진-코튼-트윌-쇼츠/MHPGSMM04CO048.html,캐주얼
MHTESBC01BK00L,에센셜 로고 프린트 티셔츠,270000,Black,MEN,CLOTHING,InStock,하이 프리퀀시 로고 프린트로 감각적인 포인트를 더한 유니섹스 오가닉 코튼 저지 티셔츠,시그니처 라우렐 엠블럼을 메탈릭 프린트로 담아낸 디자인이 전면을 장식하는 오가닉 코튼 소재의 숏슬리브 티셔츠입니다.,100% 오가닉 코튼,,,대한민국,유니섹스 모델 | 리브 니트 넥라인 | 메탈릭 하이 주파수 프린트로 된 라우렐 로고 | 레귤러 핏 | 여성 모델의 키는 186cm이며 M사이즈를 착용하고 있습니다. | 남성 모델의 키는 186cm 이며 M사이즈를 착용하고 있습니다.,XS | S | M | L | X라지 | XX라지 | XXX라지,https://images.mcmworldwide.com/i/mcmworldwide/MHTESBC01BK00L_01?sw=600 | https://images.mcmworldwide.com/i/mcmworldwide/MHTESBC01BK00L_09?sw=600 | https://images.mcmworldwide.com/i/mcmworldwide/MHTESBC01BK00L_04?sw=600 | https://images.mcmworldwide.com/i/mcmworldwide/MHTESBC01BK00L_10?sw=600 | https://images.mcmworldwide.com/i/mcmworldwide/MHTESBC01BK00L_11?sw=600 | https://images.mcmworldwide.com/i/mcmworldwide/MHTESBC01BK00L_12?sw=600,https://kr.mcmworldwide.com/ko_KR/남성/의류/티셔츠-셔츠/에센셜-로고-프린트-티셔츠/MHTESBC01BK00L.html,캐주얼
MHTESMM02WI00S,로고 패치 부클레 티셔츠,247000,White,MEN,CLOTHING,OutOfStock,로고 엠보스드 다이아몬드 패치가 돋보이는 남성용 오버사이즈 반소매 부클레 티셔츠,재패니즈 부클레로 직조되었으며 뮌헨의 바이에른 다이아몬드에서 영감을 받은 라우렐 로고 패치로 장식된 오버사이즈 반소매 티셔츠입니다. 부드러운 스트레치 스웨터 소재가 최상의 편안함을 선사합니다.,"폴리에스터 49%, 코튼 42%, 폴리아미드 9%",,,대한민국,리브 니트 칼라 | 로고 엠보스드 인조 가죽 다이아몬드 패치 | 오버사이즈 핏,S,https://images.mcmworldwide.com/i/mcmworldwide/MHTESMM02WI00S_01?sw=600 | https://images.mcmworldwide.com/i/mcmworldwide/MHTESMM02WI00S_09?sw=600 | https://images.mcmworldwide.com/i/mcmworldwide/MHTESMM02WI00S_04?sw=600 | https://images.mcmworldwide.com/i/mcmworldwide/MHTESMM02WI00S_10?sw=600 | https://images.mcmworldwide.com/i/mcmworldwide/MHTESMM02WI00S_11?sw=600,https://kr.mcmworldwide.com/ko_KR/남성/의류/티셔츠-셔츠/로고-패치-부클레-티셔츠/MHTESMM02WI00S.html,캐주얼
MHTESMM05CO00L,라우렐 로고 프린트 오가닉 코튼 티셔츠,350000,Cognac,MEN,CLOTHING,InStock,라우렐 로고 프린트가 있는 유니섹스 오가닉 코튼 저지 티셔츠,"로렐 엠블럼은 이 반팔 티셔츠의 전면 중앙에 인쇄되어 있습니다. Control Union의 인증을 받은 유기농 면 원단은, 환경 보호를 위해 3년 동안 화학물질 없이 재배됩니다.",바디: 오가닉 코튼 100%,,,대한민국,리브 니트 칼라 | 가슴의 라우렐 로고 프린트 | 오른쪽 슬리브의 MCM 로고 자수 | 레귤러 핏.,S | M | L | X라지,https://images.mcmworldwide.com/i/mcmworldwide/MHTESMM05CO00L_01?sw=600 | https://images.mcmworldwide.com/i/mcmworldwide/MHTESMM05CO00L_09?sw=600 | https://images.mcmworldwide.com/i/mcmworldwide/MHTESMM05CO00L_04?sw=600 | https://images.mcmworldwide.com/i/mcmworldwide/MHTESMM05CO00L_10?sw=600 | https://images.mcmworldwide.com/i/mcmworldwide/MHTESMM05CO00L_11?sw=600 | https://images.mcmworldwide.com/i/mcmworldwide/MHTESMM05CO00L_12?sw=600 | https://images.mcmworldwide.com/i/mcmworldwide/MHTESMM05CO00L_13?sw=600 | https://images.mcmworldwide.com/i/mcmworldwide/MHTESMM05CO00L_14?sw=600,https://kr.mcmworldwide.com/ko_KR/남성/의류/티셔츠-셔츠/라우렐-로고-프린트-오가닉-코튼-티셔츠/MHTESMM05CO00L.html,캐주얼
MHTEAMM07BK00L,모노그램 패치 포켓 티셔츠,330000,Black,MEN,CLOTHING,OutOfStock,모노그램 프린트 에코 나일론 포켓으로 포인트를 준 유니섹스 오버사이즈 유기농 면 저지 티셔츠,"유기농 코튼을 사용한 오버사이즈 핏 유니섹스 티셔츠로, 화학 물질 없이 재배된 소재가 글로벌 생태계에 미치는 영향을 최소화합니다. 뮌헨을 상징하는 바이에른 다이아몬드에서 영감을 받은 기하학적 디자인의 리사이클 나일론 포켓에는 비세토스 모노그램 프린트와 라우렐 로고 자수가 정교하게 어우러져 감각적인 포인트를 더합니다.",바디:100% 오가닉 면 | 모노그램 프린트 포켓 및 라우렐 자수: 100% 리사이클 나일론,,,대한민국,유니섹스 모델 | 리브 니트 넥라인 | 오버사이즈 핏 | 여성 모델의 키는 178cm이며 M사이즈를 착용하고 있습니다. | 남성 모델의 키는 186cm 이며 M사이즈를 착용하고 있습니다.,XS | S | M | L | X라지,https://images.mcmworldwide.com/i/mcmworldwide/MHTEAMM07BK00L_01?sw=600 | https://images.mcmworldwide.com/i/mcmworldwide/MHTEAMM07BK00L_09?sw=600 | https://images.mcmworldwide.com/i/mcmworldwide/MHTEAMM07BK00L_04?sw=600 | https://images.mcmworldwide.com/i/mcmworldwide/MHTEAMM07BK00L_10?sw=600 | https://images.mcmworldwide.com/i/mcmworldwide/MHTEAMM07BK00L_11?sw=600 | https://images.mcmworldwide.com/i/mcmworldwide/MHTEAMM07BK00L_12?sw=600,https://kr.mcmworldwide.com/ko_KR/남성/의류/티셔츠-셔츠/모노그램-패치-포켓-티셔츠-/MHTEAMM07BK00L.html,캐주얼
MHTEAMM07WT00L,모노그램 패치 포켓 티셔츠,330000,White,MEN,CLOTHING,OutOfStock,모노그램 프린트 에코 나일론 포켓이 있는 오가닉 코튼 저지 소재의 오버사이즈 티셔츠,글로벌 생태계에 미치는 피해를 최소화하기 위한 노력으로 화학물질을 사용하지 않고 재배한 오가닉 코튼 소재로 제작된 유니섹스 오버사이즈 티셔츠입니다. 뮌헨을 상징하는 바이에른 다이아몬드에서 영감을 받은 재생 나일론 포켓의 기하학적인 디자인은 비세토스 모노그램 프린트와 라우렐 로고 자수가 특징입니다.,바디: 오가닉 코튼 100% | 모노그램 프린트 포켓과 라우렐 자수: 재생 나일론 100%,,,대한민국,유니섹스 디자인 | 리브 니트 칼라 | 레귤러 핏,XS | S | M | L | X라지,https://images.mcmworldwide.com/i/mcmworldwide/MHTEAMM07WT00L_01?sw=600 | https://images.mcmworldwide.com/i/mcmworldwide/MHTEAMM07WT00L_09?sw=600 | https://images.mcmworldwide.com/i/mcmworldwide/MHTEAMM07WT00L_04?sw=600 | https://images.mcmworldwide.com/i/mcmworldwide/MHTEAMM07WT00L_10?sw=600 | https://images.mcmworldwide.com/i/mcmworldwide/MHTEAMM07WT00L_11?sw=600,https://kr.mcmworldwide.com/ko_KR/남성/의류/티셔츠-셔츠/스페이스-카우보이-프린트-티셔츠-/MHTEAMM07WT00L.html,캐주얼
MHTESMM05BK00L,라우렐 로고 프린트 티셔츠,350000,Black,MEN,CLOTHING,OutOfStock,라우렐 로고 프린트가 있는 유니섹스 오가닉 코튼 저지 티셔츠,"로렐 엠블럼은 이 반팔 티셔츠의 전면 중앙에 인쇄되어 있습니다. Control Union의 인증을 받은 유기농 면 원단은, 환경 보호를 위해 3년 동안 화학물질 없이 재배됩니다.",바디: 오가닉 코튼 100%,,,대한민국,리브 니트 칼라 | 가슴의 라우렐 로고 프린트 | 오른쪽 슬리브의 MCM 로고 자수 | 레귤러 핏.,S | M | L | X라지,https://images.mcmworldwide.com/i/mcmworldwide/MHTESMM05BK00L_01?sw=600 | https://images.mcmworldwide.com/i/mcmworldwide/MHTESMM05BK00L_09?sw=600 | https://images.mcmworldwide.com/i/mcmworldwide/MHTESMM05BK00L_04?sw=600 | https://images.mcmworldwide.com/i/mcmworldwide/MHTESMM05BK00L_10?sw=600 | https://images.mcmworldwide.com/i/mcmworldwide/MHTESMM05BK00L_11?sw=600,https://kr.mcmworldwide.com/ko_KR/남성/의류/티셔츠-셔츠/라우렐-로고-프린트-티셔츠/MHTESMM05BK00L.html,캐주얼
MHTESMM05WT00M,라우렐 로고 프린트 티셔츠,350000,White,MEN,CLOTHING,InStock,라우렐 로고 프린트가 있는 유니섹스 오가닉 코튼 저지 티셔츠,"로렐 엠블럼은 이 반팔 티셔츠의 전면 중앙에 인쇄되어 있습니다. Control Union의 인증을 받은 유기농 면 원단은, 환경 보호를 위해 3년 동안 화학물질 없이 재배됩니다.",바디: 오가닉 코튼 100%,,,대한민국,"리브 니트 칼라 | 가슴의 라우렐 로고 프린트 | 오른쪽 슬리브의 MCM 로고 자수 | 레귤러 핏 남성 모델 신장: 186cm, 착용 사이즈: 미디엄 여성 모델 신장: 175cm, 착용 사이즈: 스몰",S | M | L | X라지,https://images.mcmworldwide.com/i/mcmworldwide/MHTESMM05WT00M_01?sw=600 | https://images.mcmworldwide.com/i/mcmworldwide/MHTESMM05WT00M_09?sw=600 | https://images.mcmworldwide.com/i/mcmworldwide/MHTESMM05WT00M_04?sw=600 | https://images.mcmworldwide.com/i/mcmworldwide/MHTESMM05WT00M_10?sw=600 | https://images.mcmworldwide.com/i/mcmworldwide/MHTESMM05WT00M_11?sw=600 | https://images.mcmworldwide.com/i/mcmworldwide/MHTESMM05WT00M_12?sw=600 | https://images.mcmworldwide.com/i/mcmworldwide/MHTESMM05WT00M_13?sw=600 | https://images.mcmworldwide.com/i/mcmworldwide/MHTESMM05WT00M_14?sw=600,https://kr.mcmworldwide.com/ko_KR/남성/의류/티셔츠-셔츠/라우렐-로고-프린트-티셔츠/MHTESMM05WT00M.html,캐주얼
MHTFSMM05BK00L,지퍼 포켓 실켓 로고 티셔츠,390000,Black,MEN,CLOTHING,OutOfStock,가슴에 라우렐 로고 자수 지퍼 포켓이 있는 남성용 실켓 코튼 저지 티셔츠,은은한 광택과 매우 부드러운 품질이 특징인 일본산 코튼 소재의 반소매 실켓 티셔츠입니다. 뮌헨의 바이에른 다이아몬드에서 영감을 받았으며 뮌헨 하우스를 상징하는 시그니처 라우렐 로고가 포켓에 자수로 새겨져있습니다.,코튼 100%,,,대한민국,가슴의 라우렐 로고 자수 지퍼 포켓 | 반소매 | 레귤러 핏,S | M | L | X라지,https://images.mcmworldwide.com/i/mcmworldwide/MHTFSMM05BK00L_01?sw=600 | https://images.mcmworldwide.com/i/mcmworldwide/MHTFSMM05BK00L_09?sw=600 | https://images.mcmworldwide.com/i/mcmworldwide/MHTFSMM05BK00L_04?sw=600 | https://images.mcmworldwide.com/i/mcmworldwide/MHTFSMM05BK00L_10?sw=600 | https://images.mcmworldwide.com/i/mcmworldwide/MHTFSMM05BK00L_11?sw=600,https://kr.mcmworldwide.com/ko_KR/남성/의류/티셔츠-셔츠/지퍼-포켓-실켓-로고-티셔츠/MHTFSMM05BK00L.html,캐주얼
MHTFSMM05CO00L,지퍼 포켓 실켓 로고 티셔츠,390000,Cognac,MEN,CLOTHING,OutOfStock,라우렐 로고 자수 지퍼 포켓이 있는 남성용 실켓 코튼 저지 티셔츠,일본산 면으로 제작된 이 반팔 실켓 티셔츠는 은은한 광택과 뛰어난 부드러움이 특징입니다. 뮌헨 하우스를 상징하는 시그니처 라우렐(Laurel) 로고는 뮌헨의 바이에른 다이아몬드에서 영감을 받은 가슴 포켓 디자인에 자수로 새겨져 있습니다.,,,,대한민국,라우렐 로고 자수가 있는 지퍼 포켓 | 반 소매 | 100% 코 | 레귤러 핏,S | M | L | X라지,https://images.mcmworldwide.com/i/mcmworldwide/MHTFSMM05CO00L_01?sw=600 | https://images.mcmworldwide.com/i/mcmworldwide/MHTFSMM05CO00L_04?sw=600 | https://images.mcmworldwide.com/i/mcmworldwide/MHTFSMM05CO00L_10?sw=600 | https://images.mcmworldwide.com/i/mcmworldwide/MHTFSMM05CO00L_11?sw=600,https://kr.mcmworldwide.com/ko_KR/남성/의류/티셔츠-셔츠/지퍼-포켓-실켓-로고-티셔츠/MHTFSMM05CO00L.html,캐주얼
MHTFSMM03VC00L,실켓 로고 티셔츠,310000,Blue,MEN,CLOTHING,OutOfStock,라우렐 로고 자수가 돋보이는 유니섹스 실켓 코튼 저지 티셔츠,이 일본산 코튼으로 제작된 반소매 실켓 티셔츠는 섬세한 광택과 뛰어난 부드러움이 특징입니다. 뮌헨 하우스를 상징하는 시그니처 라우렐 로고가 앞면 중앙에 정교한 자수로 장식되어 있습니다.,100% 코튼,,,대한민국,Unisex model | Laurel logo embroidery at chest | 레귤러 핏,XS | S | M | L | X라지,https://images.mcmworldwide.com/i/mcmworldwide/MHTFSMM03VC00L_01?sw=600 | https://images.mcmworldwide.com/i/mcmworldwide/MHTFSMM03VC00L_09?sw=600 | https://images.mcmworldwide.com/i/mcmworldwide/MHTFSMM03VC00L_04?sw=600 | https://images.mcmworldwide.com/i/mcmworldwide/MHTFSMM03VC00L_10?sw=600 | https://images.mcmworldwide.com/i/mcmworldwide/MHTFSMM03VC00L_11?sw=600 | https://images.mcmworldwide.com/i/mcmworldwide/MHTFSMM03VC00L_12?sw=600,https://kr.mcmworldwide.com/ko_KR/남성/의류/티셔츠-셔츠/실켓-로고-티셔츠/MHTFSMM03VC00L.html,캐주얼
MHTGSMM10WT00L,로고 포켓 슬리브 티셔츠,390000,White,MEN,CLOTHING,InStock,라우렐 로고 자수와 비세토스 모노그램 프린트 ECONYL® 슬리브 포켓이 있는 유니섹스 오가닉 코튼 저지 티셔츠,글로벌 생태계에 미치는 피해를 최소화 하기 위해 화학 물질 없이 재배된 오가닉 코튼을 사용하여 제작된 로고 자수가 더해진 티셔츠 입니다. 뮌헨을 상징하는 바이에른 다이아몬드에서 영감을 받은 기하학적인 디자인의 재생 나일론 ECONYL® 포켓에 클래식한 비세토스 모노그램 프린트를 더하여 완성하였습니다.,바디:100% 오가닉 면,,,대한민국,리브 니트 넥라인 | 가슴 부분 톤온톤 라우렐 로고 자수 | 왼쪽 소매의 ECONYL® 재생 나일론 포켓 | 레귤러 핏 | 여성 모델 키는 173cm 이며 M사이즈를 착용하고 있습니다. | 남성 모델의 키는 188cm 이며 M사이즈를 착용하고 있습니다.,S | M | L | X라지,https://images.mcmworldwide.com/i/mcmworldwide/MHTGSMM10WT00L_01?sw=600 | https://images.mcmworldwide.com/i/mcmworldwide/MHTGSMM10WT00L_09?sw=600 | https://images.mcmworldwide.com/i/mcmworldwide/MHTGSMM10WT00L_04?sw=600 | https://images.mcmworldwide.com/i/mcmworldwide/MHTGSMM10WT00L_10?sw=600 | https://images.mcmworldwide.com/i/mcmworldwide/MHTGSMM10WT00L_11?sw=600 | https://images.mcmworldwide.com/i/mcmworldwide/MHTGSMM10WT00L_12?sw=600 | https://images.mcmworldwide.com/i/mcmworldwide/MHTGSMM10WT00L_13?sw=600,https://kr.mcmworldwide.com/ko_KR/남성/의류/티셔츠-셔츠/오가닉-코튼-로고-포켓-슬리브-티셔츠/MHTGSMM10WT00L.html,캐주얼
MHJGSMM03BW00L,München 폰테 바시티 재킷,1350000,Black,MEN,CLOTHING,OutOfStock,“München” 자수와 “M” 모노그램 프린트 가죽 패치가 돋보이는 유니섹스 오버사이즈 바시티 재킷,"바이에른 뿌리와 한국 전통 무술에서 영감을 받은 두 문화가 조화를 이루는 오버사이즈 바시티 재킷. 엠보싱 가죽 ""M"" 모노그램 패치와 실버 루렉스 원사로 수놓은 ""München"" 자수가 바이에른의 정체성을 보여주며, 태권도 도복을 연상시키는 실루엣과 모노크롬 컬러가 돋보입니다.","폴리에스테르 51%, 코튼 43%, 스판덱스 6%",약 35.4 x 35.4 x 0.0 인치,,대한민국,"“München MCM” 메탈릭 실버 루렉스 자수 | “M” 엠보싱 가죽 패치와 비세토스 모노그램 프린트 | 스냅 버튼 클로저 | 앞면 포켓 | 스트라이프 밑단과 소매 | 오버사이즈 핏 | Female model is 176cm / 5'8"" tall and wears size M. | Male model is 188cm / 6'1"" tall and wears size M.",S | M | L | X라지,https://images.mcmworldwide.com/i/mcmworldwide/MHJGSMM03BW00L_01?sw=600 | https://images.mcmworldwide.com/i/mcmworldwide/MHJGSMM03BW00L_09?sw=600 | https://images.mcmworldwide.com/i/mcmworldwide/MHJGSMM03BW00L_04?sw=600 | https://images.mcmworldwide.com/i/mcmworldwide/MHJGSMM03BW00L_10?sw=600 | https://images.mcmworldwide.com/i/mcmworldwide/MHJGSMM03BW00L_11?sw=600 | https://images.mcmworldwide.com/i/mcmworldwide/MHJGSMM03BW00L_12?sw=600 | https://images.mcmworldwide.com/i/mcmworldwide/MHJGSMM03BW00L_13?sw=600,https://kr.mcmworldwide.com/ko_KR/남성/의류/재킷-코트/münchen-폰테-바시티-재킷/MHJGSMM03BW00L.html,스트릿
MHPESBC01ET0XL,에센셜 로고 폰테 쇼츠,203000,Grey,MEN,CLOTHING,OutOfStock,로고 자수 바이에른 다이아몬드 뒷면 포켓이 있는 오버사이즈 폰테 니트 쇼츠,바이에른 다이아몬드에서 영감을 받은 라우렐 로고 자수 뒷면 포켓으로 시그니처 코드를 담은 오버사이즈 폰테 쇼츠입니다. 같은 디자인의 폰테 지퍼 후디와 함께 스타일링하여 세련된 애슬레저 룩을 연출할 수 있습니다.,"폴리에스터 70%, 코튼 25%, 스판덱스 5%",,,대한민국,"로고 인그레이빙 메탈 팁이 있는 드로우스트링 웨이스트 | 뒷면 포켓의 라우렐 로고 자수 | Front welt pockets | 오버사이즈 핏 모델 신장: 186cm, 착용 사이즈: 미디엄",S | M | L | X라지,https://images.mcmworldwide.com/i/mcmworldwide/MHPESBC01ET0XL_01?sw=600 | https://images.mcmworldwide.com/i/mcmworldwide/MHPESBC01ET0XL_09?sw=600 | https://images.mcmworldwide.com/i/mcmworldwide/MHPESBC01ET0XL_04?sw=600 | https://images.mcmworldwide.com/i/mcmworldwide/MHPESBC01ET0XL_10?sw=600 | https://images.mcmworldwide.com/i/mcmworldwide/MHPESBC01ET0XL_11?sw=600,https://kr.mcmworldwide.com/ko_KR/men/clothing/pants-shorts/에센셜-로고-폰테-쇼츠/MHPESBC01ET0XL.html,캐주얼
MFTFSBC01WT00S,로고 프린트 티셔츠,270000,White,WOMEN,CLOTHING,InStock,라우렐 로고 프린트가 있는 여성용 오가닉 코튼 저지 티셔츠,시그니처 라우렐 엠블럼이 돋보이는 여성용 반팔 티셔츠. 글로벌 생태계를 보호하기 위해 화학물질 없이 신중하게 재배된 Control Union 인증을 받은 유기농 면 소재를 사용하였습니다.,국제 유기농 섬유 표준(GOTS) 및 컨트롤유니온(Control Union) 인증 오가닉 코튼 100%,,,대한민국,리브 니트 칼라 | 앞면의 라우렐 로고 프린트,S,https://images.mcmworldwide.com/i/mcmworldwide/MFTFSBC01WT00S_01?sw=600 | https://images.mcmworldwide.com/i/mcmworldwide/MFTFSBC01WT00S_09?sw=600 | https://images.mcmworldwide.com/i/mcmworldwide/MFTFSBC01WT00S_04?sw=600 | https://images.mcmworldwide.com/i/mcmworldwide/MFTFSBC01WT00S_10?sw=600 | https://images.mcmworldwide.com/i/mcmworldwide/MFTFSBC01WT00S_11?sw=600,https://kr.mcmworldwide.com/ko_KR/여성/의류/티셔츠-탑/로고-프린트-티셔츠/MFTFSBC01WT00S.html,캐주얼
MHTDAMM11WT00S,로고 라우렐 프린트 티셔츠,310000,White,WOMEN,CLOTHING,OutOfStock,Oversized organic cotton jersey T-shirt with MCM logo and Laurel graphic print,"Triumphant laurel leaves frame the architectural MCM emblem on this oversized T-shirt. Certified by Control Union, the organic cotton yarn is farmed without chemicals in an effort to protect the global ecosystem.",100% Organic Cotton certified by Control Union,,,대한민국,Rib knit collar | MCM Laurel logo graphic print | Oversized fit,L / 남성 | L / 여성 | M / 남성 | M / 여성 | S / 남성 | S / 여성 | XL / 남성 | XS / 여성,https://images.mcmworldwide.com/i/mcmworldwide/MHTDAMM11WT00S_01?sw=600 | https://images.mcmworldwide.com/i/mcmworldwide/MHTDAMM11WT00S_04?sw=600,https://kr.mcmworldwide.com/ko_KR/여성/의류/모두보기/logo-laurel-print-t-shirt-in-organic-cotton/MHTDAMM11WT00S.html,캐주얼
MHTBABC01BK00S,남성용 MCM 에센셜 로고 티셔츠,69000,Black,MEN,CLOTHING,OutOfStock,로고 자수와 프린트가 있는 오가닉 코튼 저지 티셔츠입니다.,심플함에 존재하는 진실. 헤리티지에 순수하게 집중하는 MCM 에센셜 티셔츠는 앞면의 자수 버전과 뒷면의 퍼프 프린트 버전으로 이루어진 명망 높은 MCM 레터 트리오를 선보입니다. 지속 가능성에 대한 꾸준한 노력은 환경 손상을 최소화하기 위해 화학 물질을 사용하지 않고 재배한 오가닉 코튼 구조를 통해 구체화됩니다.,컨트롤유니온(Control Union) 인증 오가닉 코튼 100%,,,대한민국,가슴의 MCM 자수 로고 | 뒷면의 MCM 로고 퍼프 프린트 | 레귤러핏. 모델의 키는 약 188cm이며 미디엄 사이즈를 착용하고 있습니다.,S | XX라지,https://images.mcmworldwide.com/i/mcmworldwide/MHTBABC01BK00S_01?sw=600 | https://images.mcmworldwide.com/i/mcmworldwide/MHTBABC01BK00S_09?sw=600 | https://images.mcmworldwide.com/i/mcmworldwide/MHTBABC01BK00S_04?sw=600 | https://images.mcmworldwide.com/i/mcmworldwide/MHTBABC01BK00S_10?sw=600 | https://images.mcmworldwide.com/i/mcmworldwide/MHTBABC01BK00S_11?sw=600,https://kr.mcmworldwide.com/ko_KR/남성/의류/모두보기/남성용-mcm-에센셜-오가닉-코튼-로고-티셔츠/MHTBABC01BK00S.html,캐주얼
MFABABC02BK0XL,MCM 에센셜 로고 후디,135000,Black,WOMEN,CLOTHING,OutOfStock,로고 자수와 프린트가 있는 오가닉 프렌치 테리 코튼 후디입니다.,심플함에 존재하는 진실. 헤리티지에 순수하게 집중하는 MCM 에센셜 후디는 앞면의 자수 버전과 뒷면의 퍼프 프린트 버전으로 이루어진 명망 높은 MCM 레터 트리오를 선보입니다. 지속 가능성에 대한 꾸준한 노력은 환경 손상을 최소화하기 위해 화학 물질을 사용하지 않고 재배한 오가닉 코튼 구조를 통해 구체화됩니다.,컨트롤유니온(Control Union) 인증 오가닉 코튼 100%,,,대한민국,로고 인그레이빙 메탈 팁이 있는 드로우스트링 후드 | 전면 캥거루 포켓 | 리브 니트 밑단과 커프스 | 가슴의 MCM 자수 로고 | 뒷면의 MCM 로고 퍼프 프린트 | 편안한 핏,S / 남성 | XL / 여성 | XXL / 남성,https://images.mcmworldwide.com/i/mcmworldwide/MFABABC02BK0XL_01?sw=600 | https://images.mcmworldwide.com/i/mcmworldwide/MFABABC02BK0XL_04?sw=600,https://kr.mcmworldwide.com/ko_KR/여성/의류/모두보기/여성용-mcm-에센셜-오가닉-코튼-로고-후디/MFABABC02BK0XL.html,캐주얼
MHABABC02BK2XL,MCM 에센셜 로고 후디,135000,Black,WOMEN,CLOTHING,OutOfStock,로고 자수와 프린트가 있는 오가닉 프렌치 테리 코튼 후디입니다.,심플함에 존재하는 진실. 헤리티지에 순수하게 집중하는 MCM 에센셜 후디는 앞면의 자수 버전과 뒷면의 퍼프 프린트 버전으로 이루어진 명망 높은 MCM 레터 트리오를 선보입니다. 지속 가능성에 대한 꾸준한 노력은 환경 손상을 최소화하기 위해 화학 물질을 사용하지 않고 재배한 오가닉 코튼 구조를 통해 구체화됩니다.,컨트롤유니온(Control Union) 인증 오가닉 코튼 100%,,,대한민국,로고 인그레이빙 메탈 팁이 있는 드로우스트링 후드 | 전면 캥거루 포켓 | 리브 니트 밑단과 커프스 | 가슴의 MCM 자수 로고 | 뒷면의 MCM 로고 퍼프 프린트 | 레귤러 핏,S / 남성 | XL / 여성 | XXL / 남성,https://images.mcmworldwide.com/i/mcmworldwide/MHABABC02BK2XL_01?sw=600 | https://images.mcmworldwide.com/i/mcmworldwide/MHABABC02BK2XL_04?sw=600,https://kr.mcmworldwide.com/ko_KR/여성/의류/모두보기/mcm-에센셜-로고-후디/MHABABC02BK2XL.html,캐주얼
MHTESBC01WT3XL,에센셜 로고 프린트 티셔츠,270000,White,MEN,CLOTHING,OutOfStock,고주파 로고 프린트가 있는 유니섹스 오가닉 코튼 저지 티셔츠,유기농 면 소재를 사용한 반팔 티셔츠로 메탈릭 프린트 라우렐 엠블럼으로 포인트를 더하였습니다.,오가닉 코튼 100%,,,대한민국,리브 니트 칼라 | 라우렐 로고 메탈릭 고주파 프린트 | 레귤러 핏,XS | S | M | L | X라지 | XX라지 | XXX라지,https://images.mcmworldwide.com/i/mcmworldwide/MHTESBC01WT3XL_01?sw=600 | https://images.mcmworldwide.com/i/mcmworldwide/MHTESBC01WT3XL_09?sw=600 | https://images.mcmworldwide.com/i/mcmworldwide/MHTESBC01WT3XL_04?sw=600 | https://images.mcmworldwide.com/i/mcmworldwide/MHTESBC01WT3XL_10?sw=600 | https://images.mcmworldwide.com/i/mcmworldwide/MHTESBC01WT3XL_11?sw=600,https://kr.mcmworldwide.com/ko_KR/남성/의류/티셔츠-셔츠/남성용-mcm-에센셜-로고-티셔츠-/MHTESBC01WT3XL.html,캐주얼
MHTESBC02CO00L,에센셜 로고 포켓 티셔츠,270000,Cognac,MEN,CLOTHING,InStock,로고 자수 체스트 포켓이 돋보이는 남성용 오가닉 코튼 저지 티셔츠,오가닉 코튼으로 직조된 반팔 티셔츠. 바이에른 다이아몬드에서 영감을 받은 패치 포켓 디자인 위에 톤온톤 라우렐 로고 자수가 더해졌습니다.,100% 오가닉 코튼,,,대한민국,"리브 니트 넥라인 | 라우렐 로고 자수가 더해진 다이아몬드 패치 포켓 | 레귤러 핏 | 여성 모델의 키는 175cm/5'8"" 이며 사이즈 S를 착용하고 있습니다. | 남성 모델의 키는 186cm/6'1"" 이며 사이즈 M을 착용하고 있습니다.",S | M | L | X라지,https://images.mcmworldwide.com/i/mcmworldwide/MHTESBC02CO00L_01?sw=600 | https://images.mcmworldwide.com/i/mcmworldwide/MHTESBC02CO00L_09?sw=600 | https://images.mcmworldwide.com/i/mcmworldwide/MHTESBC02CO00L_04?sw=600 | https://images.mcmworldwide.com/i/mcmworldwide/MHTESBC02CO00L_10?sw=600 | https://images.mcmworldwide.com/i/mcmworldwide/MHTESBC02CO00L_11?sw=600 | https://images.mcmworldwide.com/i/mcmworldwide/MHTESBC02CO00L_12?sw=600,https://kr.mcmworldwide.com/ko_KR/남성/의류/티셔츠-셔츠/에센셜-로고-포켓-티셔츠/MHTESBC02CO00L.html,캐주얼
MFCEAMM03SV00M,아프레 스키 메탈릭 폴리에스터 퀼트 패딩,2050000,Silver,WOMEN,CLOTHING,OutOfStock,탈착 가능한 후드가 실용적인 다이아몬드 퀼팅 여성용 오버사이즈 메탈릭 실버 폴리에스터 패딩 파카,뮌헨의 유명한 휘장인 바이에른 다이아몬드가 기하학적인 퀼팅으로 표현되어 있으며 탈착 가능한 후드가 특징인 메탈릭 실버 폴리에스터 파카입니다. 스키장에서뿐만 아니라 스트리트 룩으로도 연출할 수 있는 오버사이즈 실루엣은 패딩 처리된 볼륨감 있는 룩으로 따뜻함과 편안함을 더했습니다. 같은 디자인의 팬츠와 매치하여 업그레이드된 룩을 완성해보세요.,메탈릭 폴리에스터 100%,,,이탈리아,탈부착 가능한 후드 | 다이아몬드 패딩 퀼팅 | 지퍼 클로저 | 전면 사이드 포켓 | 뒷면의 플리츠 솔기 | 밴디드 햄 | 오버사이즈 핏,S | M,https://images.mcmworldwide.com/i/mcmworldwide/MFCEAMM03SV00M_01?sw=600 | https://images.mcmworldwide.com/i/mcmworldwide/MFCEAMM03SV00M_09?sw=600 | https://images.mcmworldwide.com/i/mcmworldwide/MFCEAMM03SV00M_04?sw=600 | https://images.mcmworldwide.com/i/mcmworldwide/MFCEAMM03SV00M_10?sw=600 | https://images.mcmworldwide.com/i/mcmworldwide/MFCEAMM03SV00M_11?sw=600,https://kr.mcmworldwide.com/ko_KR/여성/의류/재킷-코트/아프레-스키-메탈릭-폴리에스터-퀼트-패딩/MFCEAMM03SV00M.html,스트릿
MHTDAMM09KD00M,MCM Worldwide 프린트 티셔츠,310000,Green,MEN,CLOTHING,OutOfStock,Organic cotton jersey T-shirt with “MCM Worldwide” print,"The “MCM Worldwide” motif on this T-shirt expresses the borderless ethos of the Haus, supported by the Munich Lion symbolic of our Bavarian roots. Certified by Control Union, the organic cotton yarn is farmed without the use of chemicals in an effort to protect the global ecosystem.",100% Organic Cotton certified by Control Union,,,대한민국,Rib knit collar | MCM Worldwide graphic print | Regular fit,S | M | L | X라지,https://images.mcmworldwide.com/i/mcmworldwide/MHTDAMM09KD00M_01?sw=600 | https://images.mcmworldwide.com/i/mcmworldwide/MHTDAMM09KD00M_09?sw=600 | https://images.mcmworldwide.com/i/mcmworldwide/MHTDAMM09KD00M_04?sw=600 | https://images.mcmworldwide.com/i/mcmworldwide/MHTDAMM09KD00M_10?sw=600 | https://images.mcmworldwide.com/i/mcmworldwide/MHTDAMM09KD00M_11?sw=600 | https://images.mcmworldwide.com/i/mcmworldwide/MHTDAMM09KD00M_12?sw=600 | https://images.mcmworldwide.com/i/mcmworldwide/MHTDAMM09KD00M_13?sw=600 | https://images.mcmworldwide.com/i/mcmworldwide/MHTDAMM09KD00M_14?sw=600,https://kr.mcmworldwide.com/ko_KR/남성/의류/모두보기/mcm-worldwide-print-t-shirt-in-organic-cotton/MHTDAMM09KD00M.html,캐주얼
MHPGAMM06WO00L,MCM X We The Best 폰테 쇼츠,490000,White,MEN,CLOTHING,InStock,MCM과 We The Best는 마이애미 스트리트웨어의 생동감 있는 미학을 담아냅니다.,마이애미의 청량한 해변을 연상시키는 블루 톤의 대비되는 컬러 라인 디테일로 실루엣을 정교하게 잡아준 남성용 오프 화이트 폰테(Ponte) 쇼츠입니다. 전면에는 클래식 “MCM” 레터링과 함께 회복탄력성과 자기 신뢰를 바탕으로 한 DJ Khaled의 “We The Best” 메시지를 배치하여 컬렉션 특유의 대담한 철학을 담아냈습니다.,"폴리에스테르 51%, 코튼 43%, 스판덱스 6%",,,대한민국,"MCM X We The Best logo 자수 | 신축성 있는 허리밴드 | 블루 컬러 대비 트리밍 | 편안한 핏 | 여성 모델의 키는 175cm/5'8"" 이며 사이즈 S를 착용하고 있습니다. | 남성 모델의 키는 186cm/6'1"" 이며 사이즈 M을 착용하고 있습니다.",S | M | L,https://images.mcmworldwide.com/i/mcmworldwide/MHPGAMM06WO00L_01?sw=600 | https://images.mcmworldwide.com/i/mcmworldwide/MHPGAMM06WO00L_09?sw=600 | https://images.mcmworldwide.com/i/mcmworldwide/MHPGAMM06WO00L_04?sw=600 | https://images.mcmworldwide.com/i/mcmworldwide/MHPGAMM06WO00L_10?sw=600 | https://images.mcmworldwide.com/i/mcmworldwide/MHPGAMM06WO00L_11?sw=600 | https://images.mcmworldwide.com/i/mcmworldwide/MHPGAMM06WO00L_12?sw=600 | https://images.mcmworldwide.com/i/mcmworldwide/MHPGAMM06WO00L_13?sw=600,https://kr.mcmworldwide.com/ko_KR/men/clothing/pants-shorts/mcm-x-we-the-best-폰테-쇼츠/MHPGAMM06WO00L.html,스트릿
MHTGAMM07BW00L,MCM X We The Best 스트라이프 니트 셔츠,530000,Black,MEN,CLOTHING,InStock,"예술, 스포츠, 패션이 교차하는 대담한 디자인.","블랙과 화이트의 번개 스트라이프 모티프로 강렬한 존재감을 더한 남성용 축구 스타일 셔츠입니다. 로렐 로고와 바이에른 다이아몬드 패치 자수가 MCM의 시그니처 코드를 완성합니다. 앞면에는 ""We The Best"", 뒷면에는 ""Another One"" 메시지를 더해 DJ Khaled의 자신감 넘치고, 야망을 품으며, 미래를 향해 나아가는 창작 철학을 담아냈습니다.","폴리에스테르 88%, 폴리우레탄 12%",,,대한민국,"리브 니트 넥라인 | 가슴 부분의 “We The Best” 그래픽 프린트 | 블랙 화이트 번개 스트라이프 모티프 | 라우렐 로고와 바이에른 다이아몬드 패치 자수 | 뒷면 “Another One” 모티프 | 오버사이즈 핏 | 여성 모델의 키는 175cm/5'8"" 이며 사이즈 S를 착용하고 있습니다. | 남성 모델의 키는 186cm/6'1"" 이며 사이즈 M을 착용하고 있습니다.",S | M | L,https://images.mcmworldwide.com/i/mcmworldwide/MHTGAMM07BW00L_01?sw=600 | https://images.mcmworldwide.com/i/mcmworldwide/MHTGAMM07BW00L_09?sw=600 | https://images.mcmworldwide.com/i/mcmworldwide/MHTGAMM07BW00L_04?sw=600 | https://images.mcmworldwide.com/i/mcmworldwide/MHTGAMM07BW00L_10?sw=600 | https://images.mcmworldwide.com/i/mcmworldwide/MHTGAMM07BW00L_11?sw=600 | https://images.mcmworldwide.com/i/mcmworldwide/MHTGAMM07BW00L_12?sw=600 | https://images.mcmworldwide.com/i/mcmworldwide/MHTGAMM07BW00L_13?sw=600,https://kr.mcmworldwide.com/ko_KR/남성/의류/티셔츠-셔츠/mcm-x-we-the-best-스트라이프-니트-셔츠/MHTGAMM07BW00L.html,스트릿
MHTGAMM10WO00L,MCM X We The Best 플라밍고 티셔츠,430000,White,MEN,CLOTHING,InStock,"DJ Khaled의 마이애미, 패션, 골프에 대한 애정을 담은 오버사이즈 오가닉 코튼 티셔츠.",회복탄력성과 자기 신뢰를 바탕으로 한 DJ Khaled의 “We The Best” 메시지가 클래식 “MCM” 레터링과 만나 전면을 장식하는 남성 오버사이즈 티셔츠입니다. 뒷면에는 마이애미를 연상시키는 야자수와 핑크 플라밍고 모티프가 어우러진 감각적인 골프 코스 일러스트를 더해 반전 있는 비주얼을 선사합니다.,바디:100% 오가닉 면,,,대한민국,"크루넥 | 리브 니트 넥라인 | 가슴 부분의 MCM X We The Best logo 프린트 | 뒷면의 야자수 플라밍고 그래픽 프린트 | 오버사이즈 핏 | 여성 모델의 키는 175cm/5'8"" 이며 사이즈 S를 착용하고 있습니다. | 남성 모델의 키는 186cm/6'1"" 이며 사이즈 M을 착용하고 있습니다.",S | M | L,https://images.mcmworldwide.com/i/mcmworldwide/MHTGAMM10WO00L_01?sw=600 | https://images.mcmworldwide.com/i/mcmworldwide/MHTGAMM10WO00L_09?sw=600 | https://images.mcmworldwide.com/i/mcmworldwide/MHTGAMM10WO00L_04?sw=600 | https://images.mcmworldwide.com/i/mcmworldwide/MHTGAMM10WO00L_10?sw=600 | https://images.mcmworldwide.com/i/mcmworldwide/MHTGAMM10WO00L_11?sw=600 | https://images.mcmworldwide.com/i/mcmworldwide/MHTGAMM10WO00L_12?sw=600,https://kr.mcmworldwide.com/ko_KR/남성/의류/티셔츠-셔츠/mcm-x-we-the-best-플라밍고-티셔츠/MHTGAMM10WO00L.html,스트릿
MHPGAMM05NG00L,MCM X We The Best 울트라스웨이드 쇼츠,490000,Grey,MEN,CLOTHING,InStock,마이애미 스트리트웨어의 아이콘을 고급 소재로 재해석한 디자인.,"고급스러운 감성을 담아 최고급 일본산 울트라스웨이드 소재로 정교하게 제작된 남성용 스트리트웨어 쇼츠입니다. 제품 뒷면에는 클래식 “MCM” 레터링과 “We The Best” 메시지가 조화롭게 결합되어, 회복탄력성과 자기 신뢰를 바탕으로 한 DJ Khaled 특유의 크리에이티브 철학을 대담하게 드러냅니다.",폴리에스테르 100%(울트라스웨이드),,,대한민국,"대비되는 컬러의 신축성 있는 허리밴드 | 뒷면의 MCM X We The Best logo 자수 | 뒷면 포켓 | 편안한 핏 | 여성 모델의 키는 175cm/5'8"" 이며 사이즈 S를 착용하고 있습니다. | 남성 모델의 키는 186cm/6'1"" 이며 사이즈 M을 착용하고 있습니다.",XS | S | M | L,https://images.mcmworldwide.com/i/mcmworldwide/MHPGAMM05NG00L_01?sw=600 | https://images.mcmworldwide.com/i/mcmworldwide/MHPGAMM05NG00L_09?sw=600 | https://images.mcmworldwide.com/i/mcmworldwide/MHPGAMM05NG00L_04?sw=600 | https://images.mcmworldwide.com/i/mcmworldwide/MHPGAMM05NG00L_10?sw=600 | https://images.mcmworldwide.com/i/mcmworldwide/MHPGAMM05NG00L_11?sw=600 | https://images.mcmworldwide.com/i/mcmworldwide/MHPGAMM05NG00L_12?sw=600 | https://images.mcmworldwide.com/i/mcmworldwide/MHPGAMM05NG00L_13?sw=600,https://kr.mcmworldwide.com/ko_KR/men/clothing/pants-shorts/mcm-x-we-the-best-울트라스웨이드-쇼츠/MHPGAMM05NG00L.html,스트릿
MHTGAMM061B00L,MCM X We The Best 아르데코 자카드 폴로,590000,Blue,MEN,CLOTHING,InStock,마이애미의 아르데코 감성을 담아낸 클래식 남성복 아이템.,"마이애미의 감성을 담은 세라믹 블루 톤의 자카드 니트 폴로 셔츠입니다. 아르데코 양식의 기하학적 미학을 예술적으로 녹여낸 야자수 모티프가 시선을 사로잡으며, 가슴 부분은 은은한 톤온톤 “MCM X We The Best” 협업 자수로 깔끔하게 마감되었습니다.",코튼 100%,,,대한민국,"자카드 니트 | 아르데코 야자수 모티프 | 가슴 부분의 MCM X We The Best 로고 자수 | 숏 슬리브 | 레귤러 핏 | 여성 모델의 키는 175cm/5'8"" 이며 사이즈 S를 착용하고 있습니다. | 남성 모델의 키는 186cm/6'1"" 이며 사이즈 M을 착용하고 있습니다.",S | M | L,https://images.mcmworldwide.com/i/mcmworldwide/MHTGAMM061B00L_01?sw=600 | https://images.mcmworldwide.com/i/mcmworldwide/MHTGAMM061B00L_09?sw=600 | https://images.mcmworldwide.com/i/mcmworldwide/MHTGAMM061B00L_04?sw=600 | https://images.mcmworldwide.com/i/mcmworldwide/MHTGAMM061B00L_10?sw=600 | https://images.mcmworldwide.com/i/mcmworldwide/MHTGAMM061B00L_11?sw=600 | https://images.mcmworldwide.com/i/mcmworldwide/MHTGAMM061B00L_12?sw=600,https://kr.mcmworldwide.com/ko_KR/남성/의류/티셔츠-셔츠/mcm-x-we-the-best-아르데코-자카드-폴로/MHTGAMM061B00L.html,클래식
MHTGAMM08BK00L,MCM X We The Best 로고 티셔츠,430000,Black,MEN,CLOTHING,InStock,MCM과 We The Best는 남성 스트리트웨어의 새로운 기준을 제시합니다.,"스트리트웨어 감성을 현대적으로 재해석한 오버사이즈 남성용 오가닉 코튼 티셔츠입니다. 클래식한 MCM 레터링을 날렵한 디자인으로 표현하고, 그 안에 DJ Khaled의 시그니처 메시지 ""We The Best""​를 담아 강렬한 개성을 완성했습니다.",바디:100% 오가닉 면,,,대한민국,"리브 니트 넥라인 | 가슴 부분의 MCM X We The Best logo 프린트 | 오버사이즈 핏 | 여성 모델의 키는 175cm/5'8"" 이며 사이즈 S를 착용하고 있습니다. | 남성 모델의 키는 186cm/6'1"" 이며 사이즈 M을 착용하고 있습니다.",S | M | L,https://images.mcmworldwide.com/i/mcmworldwide/MHTGAMM08BK00L_01?sw=600 | https://images.mcmworldwide.com/i/mcmworldwide/MHTGAMM08BK00L_09?sw=600 | https://images.mcmworldwide.com/i/mcmworldwide/MHTGAMM08BK00L_04?sw=600 | https://images.mcmworldwide.com/i/mcmworldwide/MHTGAMM08BK00L_10?sw=600 | https://images.mcmworldwide.com/i/mcmworldwide/MHTGAMM08BK00L_11?sw=600 | https://images.mcmworldwide.com/i/mcmworldwide/MHTGAMM08BK00L_12?sw=600 | https://images.mcmworldwide.com/i/mcmworldwide/MHTGAMM08BK00L_13?sw=600,https://kr.mcmworldwide.com/ko_KR/남성/의류/티셔츠-셔츠/mcm-x-we-the-best-로고-티셔츠/MHTGAMM08BK00L.html,스트릿
MHPGAMM04LI046,루렉스 데님 팬츠,750000,Blue,MEN,CLOTHING,InStock,로고 각인 메탈 하드웨어와 비세토스 모노그램 패치로 디테일을 살린 남성용 릴랙스 핏 루렉스 데님 팬츠,"클래식 데님을 세련되게 재해석한 인디고 데님 팬츠. 메탈릭 루렉스 섬유가 은은한 광택을 선사하며, 로고 각인 메탈 버튼과 다이아몬드 스터드가 헤리티지 감성을 더합니다. 뒷면의 비세토스 모노그램 패치가 시그니처 포인트를 완성합니다.","바디: 66.2% 코튼, 22.8% 폴리에스테르, 11% 금속 코팅 섬유 | 포켓 라이닝: 코튼 100%",,,대한민국,"5 포켓 디자인 | 뒷면의 비세토스 모노그램 패치 | 로고가 각인된 버튼과 스터드 하드웨어 | 편안한 핏 | 여성 모델의 키는 175cm/5'8"" 이며 사이즈 46을 착용하고 있습니다. | 남성 모델의 키는 186cm/6'1"" 이며 사이즈 48을 착용하고 있습니다.",46 IT | 48 IT | 50 IT,https://images.mcmworldwide.com/i/mcmworldwide/MHPGAMM04LI046_01?sw=600 | https://images.mcmworldwide.com/i/mcmworldwide/MHPGAMM04LI046_09?sw=600 | https://images.mcmworldwide.com/i/mcmworldwide/MHPGAMM04LI046_04?sw=600 | https://images.mcmworldwide.com/i/mcmworldwide/MHPGAMM04LI046_10?sw=600 | https://images.mcmworldwide.com/i/mcmworldwide/MHPGAMM04LI046_11?sw=600,https://kr.mcmworldwide.com/ko_KR/men/clothing/pants-shorts/루렉스-데님-팬츠/MHPGAMM04LI046.html,캐주얼
MHTGAMM05BK00L,MCM X We The Best 로고 자수 폴로,790000,Black,MEN,CLOTHING,InStock,"패션, 골프, 음악의 세계를 아우르는 프리미엄 아이템.","최고급 메리노 울과 캐시미어 혼방 소재로 정교하게 짜인 남성용 니트 폴로 셔츠입니다. 미니멀한 모노크롬 미학을 바탕으로, 가슴 부분에 은은한 톤온톤 “MCM X We The Best” 협업 자수를 새겨 브랜드의 아이코닉한 가치를 과하지 않고 세련되게 담아냈습니다.","메리노울 80%, 캐시미어 20%",,,대한민국,"가슴 부분의 MCM X We The Best 로고 자수 | 세 개의 버튼 플래킷 | 숏 슬리브 | 편안한 핏 | 여성 모델의 키는 175cm/5'8"" 이며 사이즈 S를 착용하고 있습니다. | 남성 모델의 키는 186cm/6'1"" 이며 사이즈 M을 착용하고 있습니다.",S | M | L,https://images.mcmworldwide.com/i/mcmworldwide/MHTGAMM05BK00L_01?sw=600 | https://images.mcmworldwide.com/i/mcmworldwide/MHTGAMM05BK00L_09?sw=600 | https://images.mcmworldwide.com/i/mcmworldwide/MHTGAMM05BK00L_04?sw=600 | https://images.mcmworldwide.com/i/mcmworldwide/MHTGAMM05BK00L_10?sw=600 | https://images.mcmworldwide.com/i/mcmworldwide/MHTGAMM05BK00L_11?sw=600 | https://images.mcmworldwide.com/i/mcmworldwide/MHTGAMM05BK00L_12?sw=600 | https://images.mcmworldwide.com/i/mcmworldwide/MHTGAMM05BK00L_13?sw=600,https://kr.mcmworldwide.com/ko_KR/남성/의류/티셔츠-셔츠/mcm-x-we-the-best-로고-자수-폴로/MHTGAMM05BK00L.html,캐주얼
MHTGAMM11BK00L,MCM X We The Best 울 니트 티셔츠,590000,Black,MEN,CLOTHING,InStock,남성 스트리트웨어에 장인 정신을 더한 디자인.,미니멀한 모노크롬 디자인이 돋보이는 오버사이즈 남성 티셔츠. 정교하게 짜인 최고급 일본산 울 소재로 제작되어 담백한 감성과 타임리스한 무드를 선사합니다.,100% 울,,,대한민국,"크루넥 | 오버사이즈 핏 | 여성 모델의 키는 175cm/5'8"" 이며 사이즈 S를 착용하고 있습니다. | 남성 모델의 키는 186cm/6'1"" 이며 사이즈 M을 착용하고 있습니다.",S | M | L,https://images.mcmworldwide.com/i/mcmworldwide/MHTGAMM11BK00L_01?sw=600 | https://images.mcmworldwide.com/i/mcmworldwide/MHTGAMM11BK00L_09?sw=600 | https://images.mcmworldwide.com/i/mcmworldwide/MHTGAMM11BK00L_04?sw=600 | https://images.mcmworldwide.com/i/mcmworldwide/MHTGAMM11BK00L_10?sw=600 | https://images.mcmworldwide.com/i/mcmworldwide/MHTGAMM11BK00L_11?sw=600 | https://images.mcmworldwide.com/i/mcmworldwide/MHTGAMM11BK00L_12?sw=600,https://kr.mcmworldwide.com/ko_KR/남성/의류/티셔츠-셔츠/mcm-x-we-the-best-울-니트-티셔츠/MHTGAMM11BK00L.html,스트릿
MFHEAMM03SV040,메탈릭 폴리에스터 오버사이즈 셔츠,650000,Silver,WOMEN,CLOTHING,OutOfStock,다이아몬드 패치 포켓에 고주파 로고 프린트가 새겨진 여성용 디스트레스드 메탈릭 폴리에스터 긴소매 셔츠,메탈릭 폴리에스터 우븐 시폰 소재에 광택과 텍스처를 블렌드한 디스트레스 효과를 더한 긴소매 셔츠입니다. 아이코닉한 라우렐 로고의 고주파 프린트가 돋보이며 바이에른 다이아몬드에서 영감을 받은 체스트 포켓으로 시그니처 코드를 담아 오버사이즈 실루엣을 완성했습니다.,메탈릭 폴리에스터 100%,,,대한민국,디스트레스 피니시 | 앞면 버튼 클로저 | 다이아몬드 체스트 포켓과 라우렐 로고 고주파 프린트 | 버튼 커프스 | 오버사이즈 핏,40 IT | 42 IT,https://images.mcmworldwide.com/i/mcmworldwide/MFHEAMM03SV040_01?sw=600 | https://images.mcmworldwide.com/i/mcmworldwide/MFHEAMM03SV040_09?sw=600 | https://images.mcmworldwide.com/i/mcmworldwide/MFHEAMM03SV040_04?sw=600 | https://images.mcmworldwide.com/i/mcmworldwide/MFHEAMM03SV040_10?sw=600 | https://images.mcmworldwide.com/i/mcmworldwide/MFHEAMM03SV040_11?sw=600,https://kr.mcmworldwide.com/ko_KR/여성/의류/티셔츠-탑/메탈릭-폴리에스터-오버사이즈-셔츠/MFHEAMM03SV040.html,스트릿
MHPGSBC01BK00L,에센셜 로고 폰테 트랙 팬츠,590000,Black,MEN,CLOTHING,InStock,라우렐 자수와 MCM 로고 모티프가 돋보이는 유니섹스 오버사이즈 폰테 트랙 팬츠,"클래식한 애슬레저 아이템을 새롭게 해석한 폰테 트랙 팬츠. 라우렐 자수가 더해졌으며, 밑단의 MCM 로고 모티프 자수와 바이에른 다이아몬드에서 영감을 받은 뒷주머니 디테일로 오버사이즈 실루엣을 완성합니다. 같은 디자인의 트랙 재킷과 함께 스타일을 완성해보세요.","폴리에스테르 51%, 코튼 43%, 스판덱스 6%",,,대한민국,"라우렐 로고 자수 | 메탈 팁이 달린 조절 가능한 스트링 허리 | 앞면 사이드 포켓 | 뒷면의 다이아몬드 모티프 포켓 | 로고가 더해진 자카드 커프스 | 오버사이즈 핏 | Female model is 176cm / 5'8'' tall and wears size M. | Male model is 181cm / 5'9"" tall and wears size M.",S | M | L | X라지,https://images.mcmworldwide.com/i/mcmworldwide/MHPGSBC01BK00L_01?sw=600 | https://images.mcmworldwide.com/i/mcmworldwide/MHPGSBC01BK00L_09?sw=600 | https://images.mcmworldwide.com/i/mcmworldwide/MHPGSBC01BK00L_04?sw=600 | https://images.mcmworldwide.com/i/mcmworldwide/MHPGSBC01BK00L_10?sw=600 | https://images.mcmworldwide.com/i/mcmworldwide/MHPGSBC01BK00L_11?sw=600 | https://images.mcmworldwide.com/i/mcmworldwide/MHPGSBC01BK00L_12?sw=600 | https://images.mcmworldwide.com/i/mcmworldwide/MHPGSBC01BK00L_13?sw=600,https://kr.mcmworldwide.com/ko_KR/men/clothing/pants-shorts/에센셜-로고-폰테-트랙-팬츠/MHPGSBC01BK00L.html,캐주얼
MFJEAMM06BK00M,블루종 가죽 재킷,4290000,Black,WOMEN,CLOTHING,OutOfStock,뒷면에 바이에른 다이아몬드 패치가 있는 여성용 오버사이즈 양가죽 재킷,익스클루시브 시즌 캡슐 컬렉션에서 선보이는 이탈리아산 양가죽 재킷으로 클래식한 수공예에 뿌리를 둔 초현대적인 오버사이즈 실루엣이 특징입니다.,양가죽 100%,,,이탈리아,지퍼 클로저 | 앞면 심 포켓 | 뒷면의 인조 가죽 다이아몬드 로고 패치 | 오버사이즈 핏,M,https://images.mcmworldwide.com/i/mcmworldwide/MFJEAMM06BK00M_01?sw=600 | https://images.mcmworldwide.com/i/mcmworldwide/MFJEAMM06BK00M_09?sw=600 | https://images.mcmworldwide.com/i/mcmworldwide/MFJEAMM06BK00M_04?sw=600 | https://images.mcmworldwide.com/i/mcmworldwide/MFJEAMM06BK00M_10?sw=600 | https://images.mcmworldwide.com/i/mcmworldwide/MFJEAMM06BK00M_11?sw=600,https://kr.mcmworldwide.com/ko_KR/여성/의류/재킷-코트/블루종-가죽-재킷/MFJEAMM06BK00M.html,캐주얼
MFJCSCK05BK00L,여성용 큐빅 모노그램 자카드 울 블레이저,450000,Black,WOMEN,CLOTHING,OutOfStock,큐빅 모노그램 울 자카드 소재의 싱글 브레스트 블레이저,"MCM 역사의 다음 챕터를 위한 새로운 코드인 큐빅 모노그램은 하우스의 다차원적인 본질을 상징합니다. 울 자카드에 직조된 무한한 엠블럼은 레드 쿠프로 안감을 덧댄 슬림 핏 블레이저에서 과거와 현재, 미래가 서로 연결된 시간 여행을 보여줍니다.",,,,대한민국,"노치 라펠 | 버튼식 클로저 | 앞면 플랩 포켓 | 버튼 커프스 | 큐빅 모노그램 울 자카드 | 레드 쿠프로 안감 | 슬림핏. 모델은 174cm / 5'7""이며 스몰 사이즈를 착용하고 있습니다.",XS | L,https://images.mcmworldwide.com/i/mcmworldwide/MFJCSCK05BK00L_01?sw=600 | https://images.mcmworldwide.com/i/mcmworldwide/MFJCSCK05BK00L_09?sw=600 | https://images.mcmworldwide.com/i/mcmworldwide/MFJCSCK05BK00L_04?sw=600 | https://images.mcmworldwide.com/i/mcmworldwide/MFJCSCK05BK00L_10?sw=600 | https://images.mcmworldwide.com/i/mcmworldwide/MFJCSCK05BK00L_11?sw=600,https://kr.mcmworldwide.com/ko_KR/여성/의류/모두보기/여성용-큐빅-모노그램-자카드-울-블레이저/MFJCSCK05BK00L.html,럭셔리
MFPCSCK06BK00L,여성용 큐빅 모노그램 자카드 울 팬츠,200000,Black,WOMEN,CLOTHING,OutOfStock,큐빅 모노그램 울 자카드 소재의 테일러드 팬츠,"MCM 역사의 다음 챕터를 위한 새로운 코드인 큐빅 모노그램은 하우스의 다차원적인 본질을 상징합니다. 울 자카드에 직조된 무한한 엠블럼은 레드 쿠프로 안감을 덧댄 테일러드 팬츠에서 과거와 현재, 미래가 서로 연결된 시간 여행을 보여줍니다. 같은 디자인의 울 자카드 재킷과 매치하여 룩을 완성하세요.",,,,대한민국,"벨트 고리의 D-링 디테일 | 후크와 지퍼 클로저 | 사이드 포켓 | 뒷면의 웰트 포켓 | 큐빅 모노그램 울 자카드 | 레드 쿠프로 안감 | 레귤러 핏. 모델은 174cm / 5'7""이며 스몰 사이즈를 착용하고 있습니다.",XS | L,https://images.mcmworldwide.com/i/mcmworldwide/MFPCSCK06BK00L_01?sw=600 | https://images.mcmworldwide.com/i/mcmworldwide/MFPCSCK06BK00L_09?sw=600 | https://images.mcmworldwide.com/i/mcmworldwide/MFPCSCK06BK00L_04?sw=600 | https://images.mcmworldwide.com/i/mcmworldwide/MFPCSCK06BK00L_10?sw=600,https://kr.mcmworldwide.com/ko_KR/여성/의류/모두보기/여성용-큐빅-모노그램-자카드-울-팬츠/MFPCSCK06BK00L.html,클래식
MFJGAMM02PZ040,워싱 데님 재킷,1250000,Pink,WOMEN,CLOTHING,InStock,MCM 로고 패치가 돋보이는 여성용 워싱 코튼 데님 재킷,"핑크 워싱 데님으로 완성된 칼라 재킷으로, 가슴 부분의 로고 패치가 하우스의 헤리티지를 상징적으로 표현합니다. 견고한 메탈 버튼이 슬림 핏 실루엣과 조화를 이룹니다.","바디: 코튼 100% | 포켓 라이닝: 폴리에스테르 82%, 코튼 18%",,,대한민국,가슴 부분의 로고 패치 | 메탈 버튼 클로저 | 앞면 포켓 | 슬림 핏 | Female model is 176cm / 5'8'' tall and wears size 40.,40 IT | 42 IT | 44 IT,https://images.mcmworldwide.com/i/mcmworldwide/MFJGAMM02PZ040_01?sw=600 | https://images.mcmworldwide.com/i/mcmworldwide/MFJGAMM02PZ040_09?sw=600 | https://images.mcmworldwide.com/i/mcmworldwide/MFJGAMM02PZ040_04?sw=600 | https://images.mcmworldwide.com/i/mcmworldwide/MFJGAMM02PZ040_10?sw=600 | https://images.mcmworldwide.com/i/mcmworldwide/MFJGAMM02PZ040_11?sw=600 | https://images.mcmworldwide.com/i/mcmworldwide/MFJGAMM02PZ040_12?sw=600,https://kr.mcmworldwide.com/ko_KR/여성/의류/재킷-코트/워싱-데님-재킷/MFJGAMM02PZ040.html,캐주얼
MFCEAMM02LI00S,로레토스 모노그램 투인원 데님 파카,819000,Blue,WOMEN,CLOTHING,OutOfStock,로레토스 모노그램 올오버 프린트와 탈부착 가능한 슬리브 탑이 돋보이는 유니섹스 오버사이즈 인디고 데님 파카,시그니처 로레토스 모노그램이 올오버 디스차지 프린트로 투인원 파카를 더욱 돋보이게 합니다. 프리미엄 인디고 데님으로 직조된 오버사이즈 실루엣으로 볼레로 슬리브와 탈부착 가능한 탑이 있어 별도의 크롭 재킷으로 착용할 수 있습니다.,코튼 100%,,,대한민국,"후드 디자인 | 양방향 지퍼 클로저 | 로레토스 모노그램 디스차지 프린트 | 앞면 플랩 포켓 | 탈부착 가능한 탑과 볼레로 슬리브 | 오버사이즈 핏 모델 신장: 178cm, 착용 사이즈: 스몰",S,https://images.mcmworldwide.com/i/mcmworldwide/MFCEAMM02LI00S_01?sw=600 | https://images.mcmworldwide.com/i/mcmworldwide/MFCEAMM02LI00S_09?sw=600 | https://images.mcmworldwide.com/i/mcmworldwide/MFCEAMM02LI00S_04?sw=600 | https://images.mcmworldwide.com/i/mcmworldwide/MFCEAMM02LI00S_10?sw=600 | https://images.mcmworldwide.com/i/mcmworldwide/MFCEAMM02LI00S_11?sw=600,https://kr.mcmworldwide.com/ko_KR/여성/의류/재킷-코트/로레토스-모노그램-투인원-데님-파카/MFCEAMM02LI00S.html,스트릿
MFPEAMM04SV00M,아프레 스키 메탈릭 폴리에스터 퀼트 팬츠,1520000,Silver,WOMEN,CLOTHING,OutOfStock,다이아몬드 퀼팅이 돋보이는 여성용 오버사이즈 메탈릭 실버 폴리에스터 패딩 팬츠,뮌헨의 빛나는 휘장인 바이에른 다이아몬드가 기하학적인 퀼팅으로 표현된 메탈릭 실버 폴리에스터 팬츠입니다. 스키장에서뿐만 아니라 스트리트 룩으로도 연출할 수 있는 오버사이즈 실루엣은 패딩 처리된 볼륨감 있는 룩으로 따뜻함과 편안함을 더했습니다. 같은 디자인의 재킷과 함께 매치하여 업그레이드된 룩을 완성해보세요.,메탈릭 폴리에스터 100%,,,이탈리아,다이아몬드 패딩 퀼팅 | 지퍼 클로저 | 전면 웰트 포켓 | 신축성 있는 웨이스트와 커프스 | 오버사이즈 핏,S | M,https://images.mcmworldwide.com/i/mcmworldwide/MFPEAMM04SV00M_01?sw=600 | https://images.mcmworldwide.com/i/mcmworldwide/MFPEAMM04SV00M_09?sw=600 | https://images.mcmworldwide.com/i/mcmworldwide/MFPEAMM04SV00M_04?sw=600 | https://images.mcmworldwide.com/i/mcmworldwide/MFPEAMM04SV00M_10?sw=600 | https://images.mcmworldwide.com/i/mcmworldwide/MFPEAMM04SV00M_11?sw=600,https://kr.mcmworldwide.com/ko_KR/여성/의류/스커트-팬츠/아프레-스키-메탈릭-폴리에스터-퀼트-팬츠/MFPEAMM04SV00M.html,스트릿
MFPGAMM02BK040,루렉스 울 플레어 팬츠,1090000,Black,WOMEN,CLOTHING,InStock,플레어 디자인이 돋보이는 여성용 슬림 핏 루렉스 울 팬츠,미세한 반짝임을 지닌 루렉스 울 소재로 완성된 슬림 핏 플레어 팬츠는 1970년대 뮌헨 디스코 문화에 대한 우아한 오마주를 담고 있습니다.,"바디: 울 90%, 폴리아미드:10% | 포켓 라이닝: 폴리에스테르 82%, 코튼 18%",,,대한민국,"사이드 포켓 | 뒷면 웰트 포켓 | 슬림 핏 | 여성 모델의 키는 175cm/5'8"" 이며 사이즈 40을 착용하고 있습니다.",40 IT | 42 IT,https://images.mcmworldwide.com/i/mcmworldwide/MFPGAMM02BK040_01?sw=600 | https://images.mcmworldwide.com/i/mcmworldwide/MFPGAMM02BK040_09?sw=600 | https://images.mcmworldwide.com/i/mcmworldwide/MFPGAMM02BK040_04?sw=600 | https://images.mcmworldwide.com/i/mcmworldwide/MFPGAMM02BK040_10?sw=600 | https://images.mcmworldwide.com/i/mcmworldwide/MFPGAMM02BK040_11?sw=600 | https://images.mcmworldwide.com/i/mcmworldwide/MFPGAMM02BK040_12?sw=600,https://kr.mcmworldwide.com/ko_KR/여성/의류/스커트-팬츠/루렉스-울-플레어-팬츠/MFPGAMM02BK040.html,페미닌
MFPEAMM03SV00M,메탈릭 폴리에스터 카고 팬츠,930000,Silver,WOMEN,CLOTHING,OutOfStock,라우렐 로고 프린트가 돋보이는 여성용 오버사이즈 메탈릭 실버 카고 팬츠,전통적인 4개의 포켓 스타일에 고주파 라우렐 로고 프린트가 새겨진 카고 포켓을 자랑하는 메탈릭 실버 폴리에스터 팬츠입니다. 디스트레스 효과로 마무리하여 실용적인 디자인에 고급스러운 감각을 더했습니다.,메탈릭 폴리에스터 100%,,,대한민국,디스트레스 피니시 | 옆면 포켓 | 신축성 있는 웨이스트밴드와 커프스 | 뒷면 웰트 포켓 | 카고 포켓과 라우렐 로고 고주파 프린트 | 오버사이즈 핏,S | M,https://images.mcmworldwide.com/i/mcmworldwide/MFPEAMM03SV00M_01?sw=600 | https://images.mcmworldwide.com/i/mcmworldwide/MFPEAMM03SV00M_09?sw=600 | https://images.mcmworldwide.com/i/mcmworldwide/MFPEAMM03SV00M_10?sw=600 | https://images.mcmworldwide.com/i/mcmworldwide/MFPEAMM03SV00M_11?sw=600,https://kr.mcmworldwide.com/ko_KR/여성/의류/스커트-팬츠/메탈릭-폴리에스터-카고-팬츠/MFPEAMM03SV00M.html,스트릿
MFPGAMM05PZ040,실크 파자마 팬츠,990000,Pink,WOMEN,CLOTHING,OutOfStock,그래픽 프린트 실크 파자마 팬츠,"파인 실크 소재로 직조된 파자마 팬츠로, 우아한 소프트 핑크 컬러의 비세토스 모노그램 프린트가 특징입니다.","바디: 실크 94%, 폴리우레탄 6% | 트림:100% 폴리에스터",,,대한민국,"드로우스트링 처리된 허리 | 비세토스 모노그램 전면 프린트 | 레귤러 핏 | Female model is 170cm / 5'6"" tall and wears size 40.",40 IT | 42 IT,https://images.mcmworldwide.com/i/mcmworldwide/MFPGAMM05PZ040_01?sw=600 | https://images.mcmworldwide.com/i/mcmworldwide/MFPGAMM05PZ040_09?sw=600 | https://images.mcmworldwide.com/i/mcmworldwide/MFPGAMM05PZ040_04?sw=600 | https://images.mcmworldwide.com/i/mcmworldwide/MFPGAMM05PZ040_10?sw=600 | https://images.mcmworldwide.com/i/mcmworldwide/MFPGAMM05PZ040_11?sw=600 | https://images.mcmworldwide.com/i/mcmworldwide/MFPGAMM05PZ040_12?sw=600,https://kr.mcmworldwide.com/ko_KR/여성/의류/스커트-팬츠/실크-파자마-팬츠/MFPGAMM05PZ040.html,캐주얼
MFPGAMM06PZ038,워싱 데님 진,790000,Pink,WOMEN,CLOTHING,OutOfStock,파이브 포켓 디테일이 돋보이는 여성용 오버사이즈 워싱 코튼 데님 진,핑크 워싱 데님으로 완성된 오버사이즈 진. 곡선형 디자인과 견고한 메탈 하드웨어가 더해져 개성 있는 실루엣을 완성합니다.,바디: 코튼 100% | 포켓 라이닝: 코튼 100%,,,대한민국,5 포켓 디자인 | 메탈 하드웨어 | 오버사이즈 핏 | Female model is 176cm / 5'8'' tall and wears size 40.,38 IT | 40 IT | 42 IT,https://images.mcmworldwide.com/i/mcmworldwide/MFPGAMM06PZ038_01?sw=600 | https://images.mcmworldwide.com/i/mcmworldwide/MFPGAMM06PZ038_09?sw=600 | https://images.mcmworldwide.com/i/mcmworldwide/MFPGAMM06PZ038_04?sw=600 | https://images.mcmworldwide.com/i/mcmworldwide/MFPGAMM06PZ038_10?sw=600 | https://images.mcmworldwide.com/i/mcmworldwide/MFPGAMM06PZ038_11?sw=600 | https://images.mcmworldwide.com/i/mcmworldwide/MFPGAMM06PZ038_12?sw=600,https://kr.mcmworldwide.com/ko_KR/여성/의류/스커트-팬츠/워싱-데님-진/MFPGAMM06PZ038.html,캐주얼
MFTEAMM05BK00L,시퀸 탱크탑,264000,Black,WOMEN,CLOTHING,OutOfStock,로고 엠보스드 다이아몬드 패치가 있는 여성용 시퀸 장식 슬리브리스 탑,뮌헨 황금기의 화려함에서 영감을 받아 시퀸 장식으로 역동적인 반짝임을 더한 슬림 핏 탱크탑입니다. 실루엣의 가슴 부분을 장식한 로고 엠보스드 패치는 독일 헤리티지를 반영한 바이에른 다이아몬드에서 영감을 받았습니다.,"폴리아미드 87%, 메탈릭 섬유 8%, 엘라스테인 5%",,,대한민국,시퀸 장식 | 가슴의 로고 엠보스드 인조 가죽 다이아몬드 패치 | 슬림 핏,XS | L,https://images.mcmworldwide.com/i/mcmworldwide/MFTEAMM05BK00L_01?sw=600 | https://images.mcmworldwide.com/i/mcmworldwide/MFTEAMM05BK00L_09?sw=600 | https://images.mcmworldwide.com/i/mcmworldwide/MFTEAMM05BK00L_04?sw=600 | https://images.mcmworldwide.com/i/mcmworldwide/MFTEAMM05BK00L_10?sw=600 | https://images.mcmworldwide.com/i/mcmworldwide/MFTEAMM05BK00L_11?sw=600,https://kr.mcmworldwide.com/ko_KR/여성/의류/모두보기/시퀸-탱크탑/MFTEAMM05BK00L.html,럭셔리
MFVGAMM02SV00M,리버서블 푸퍼 베스트,1390000,Silver,WOMEN,CLOTHING,InStock,다이아몬드 프린트 리버서블 디자인과 ECONYL® 리사이클 나일론 트리밍이 더해진 여성 메탈릭 나일론 패딩 베스트,"일본산 나일론으로 제작된 이 나일론 패딩 베스트는 앞면에 실버 메탈릭 톤을 적용해 미래적인 감각을 선사합니다. 양면 착용이 가능한 리버서블 디자인으로, 반대면은 다이아몬드에서 영감을 받은 레트로 기하학적 모노그램 프린트를 더한 ECONYL® 재생 나일론으로 완성했습니다.",바디: 폴리아미드 100% | 트림: ECONYL® 재생 나일론 | 앞면: 실버 메탈릭 톤의 다이아몬드 패턴 가죽 패치,,,대한민국,양면 디자인 | 지퍼 클로저 | 앞면 지퍼 포켓 | 반대면: 다이아몬드 모노그램 프린트와 50주년 기념 로고 패치 | 슬림 핏,M,https://images.mcmworldwide.com/i/mcmworldwide/MFVGAMM02SV00M_01?sw=600 | https://images.mcmworldwide.com/i/mcmworldwide/MFVGAMM02SV00M_09?sw=600 | https://images.mcmworldwide.com/i/mcmworldwide/MFVGAMM02SV00M_04?sw=600 | https://images.mcmworldwide.com/i/mcmworldwide/MFVGAMM02SV00M_05?sw=600 | https://images.mcmworldwide.com/i/mcmworldwide/MFVGAMM02SV00M_06?sw=600 | https://images.mcmworldwide.com/i/mcmworldwide/MFVGAMM02SV00M_10?sw=600 | https://images.mcmworldwide.com/i/mcmworldwide/MFVGAMM02SV00M_11?sw=600 | https://images.mcmworldwide.com/i/mcmworldwide/MFVGAMM02SV00M_12?sw=600 | https://images.mcmworldwide.com/i/mcmworldwide/MFVGAMM02SV00M_13?sw=600,https://kr.mcmworldwide.com/ko_KR/여성/의류/재킷-코트/리버서블-푸퍼-베스트/MFVGAMM02SV00M.html,캐주얼
MFTCAMM04WT0XL,여성용 밸런타인데이 티셔츠,80000,White,WOMEN,CLOTHING,OutOfStock,사랑에 대한 경쾌한 찬가.,M Pup 프렌치 불독과 로맨스의 장난스러운 면을 담은 오가닉 코튼 저지 티셔츠입니다. 밸런타인데이를 기념하며 하트 위에 자리한 이 사랑의 아바타가 스웨이드 소재 위에서 디지털 프린트를 통해 생명력을 얻습니다.,컨트롤유니온(Control Union) 인증 오가닉 코튼 100%,,,대한민국,리브 니트 칼라 | 스웨이드 밸런타인데이 M Pup 디지털 프린트 | 고밀도 하트 모티프 프린트 | 편안한 핏. 모델 신장은 약 172cm이며 스몰 사이즈를 착용하고 있습니다.,X라지,https://images.mcmworldwide.com/i/mcmworldwide/MFTCAMM04WT0XL_01?sw=600 | https://images.mcmworldwide.com/i/mcmworldwide/MFTCAMM04WT0XL_09?sw=600 | https://images.mcmworldwide.com/i/mcmworldwide/MFTCAMM04WT0XL_04?sw=600 | https://images.mcmworldwide.com/i/mcmworldwide/MFTCAMM04WT0XL_10?sw=600,https://kr.mcmworldwide.com/ko_KR/여성/의류/모두보기/여성용-밸런타인데이-티셔츠/MFTCAMM04WT0XL.html,캐주얼
MFVGAMM01BK00M,트위드 베스트,1850000,Black,WOMEN,CLOTHING,InStock,입체적인 숄더 라인과 로고 스터드 장식이 돋보이는 여성용 더블 브레스트 트위드 베스트,"블랙 위에 실버 톤 섬유가 교차되어 완성된 트윌 베스트로, 밤의 은은한 반짝임을 연상시킵니다. 더블 브레스트 디자인과 피크 라펠의 라우렐 로고 스터드 디테일이 더해졌으며, 다이아몬드 자카드 비스코스 안감으로 부드러운 착용감을 제공합니다.","바디: 폴리에스테르 28%, 아크릴 25%, 코튼 20%, 울 11%, 폴리아미드 9%, 코튼 7%",,,대한민국,"더블 브레스티드 디자인 | 입체적인 숄더 실루엣 | 버튼 클로저 | 피크 라펠 | 골드톤 라우렐 로고 스터드 장식 | 앞면 포켓 | 다이아몬드 모노그램 자카드 비스코스 라이닝 | 레귤러 핏 | 여성 모델의 키는 175cm/5'8"" 이며 사이즈 S를 착용하고 있습니다.",S | M,https://images.mcmworldwide.com/i/mcmworldwide/MFVGAMM01BK00M_01?sw=600 | https://images.mcmworldwide.com/i/mcmworldwide/MFVGAMM01BK00M_09?sw=600 | https://images.mcmworldwide.com/i/mcmworldwide/MFVGAMM01BK00M_04?sw=600 | https://images.mcmworldwide.com/i/mcmworldwide/MFVGAMM01BK00M_10?sw=600 | https://images.mcmworldwide.com/i/mcmworldwide/MFVGAMM01BK00M_11?sw=600 | https://images.mcmworldwide.com/i/mcmworldwide/MFVGAMM01BK00M_12?sw=600,https://kr.mcmworldwide.com/ko_KR/여성/의류/재킷-코트/트위드-베스트/MFVGAMM01BK00M.html,럭셔리
MFTGSMM05WT00L,모노그램 크롭 티셔츠,390000,White,WOMEN,CLOTHING,OutOfStock,라우렐 로고 자수와 비세토스 모노그램 자카드 엘라스틱 밑단이 있는 여성 오가닉 코튼 저지 크롭 티셔츠,밑단에 비세토스 모노그램 자카드 신축성 밴드로 포인트를 준 크롭 길이 오가닉 코튼 티셔츠. 하우스의 시그니처인 라우렐 엠블럼은 가슴 부분에 톤온톤 자수로 실루엣을 완성하였습니다.,바디:100% 오가닉 면,,,대한민국,가슴 부분 톤온톤 라우렐 로고 자수 | 비세토스 모노그램 자카드 엘라스틱 밑단 | 크롭 기장의 슬림핏 | 여성 모델 키는 173cm 이며 S사이즈를 착용하고 있습니다.,S | M | L,https://images.mcmworldwide.com/i/mcmworldwide/MFTGSMM05WT00L_01?sw=600 | https://images.mcmworldwide.com/i/mcmworldwide/MFTGSMM05WT00L_09?sw=600 | https://images.mcmworldwide.com/i/mcmworldwide/MFTGSMM05WT00L_04?sw=600 | https://images.mcmworldwide.com/i/mcmworldwide/MFTGSMM05WT00L_10?sw=600 | https://images.mcmworldwide.com/i/mcmworldwide/MFTGSMM05WT00L_11?sw=600 | https://images.mcmworldwide.com/i/mcmworldwide/MFTGSMM05WT00L_12?sw=600,https://kr.mcmworldwide.com/ko_KR/여성/의류/티셔츠-탑/모노그램-크롭-티셔츠-/MFTGSMM05WT00L.html,미니멀
MHDDSMM01J700S,남성용 큐빅 로고 울 카디건,205000,Green,MEN,CLOTHING,OutOfStock,큐빅 로고 자수 이탈리안 울 V넥 카디건,이번 시즌의 선명한 그린 컬러웨이로 선보이는 이탈리안 울 니트 소재의 V넥 카디건입니다. 큐빅 MCM 로고 자수와 리브 니트 디테일로 부드러운 레이어링 필수 아이템을 완성했습니다.,울 100%,,,이탈리아,V넥 | 가슴의 큐빅 로고 자수 | 버튼 클로저 | 리브 니트 트림 | 편안한 핏,S,https://images.mcmworldwide.com/i/mcmworldwide/MHDDSMM01J700S_01?sw=600 | https://images.mcmworldwide.com/i/mcmworldwide/MHDDSMM01J700S_09?sw=600 | https://images.mcmworldwide.com/i/mcmworldwide/MHDDSMM01J700S_04?sw=600 | https://images.mcmworldwide.com/i/mcmworldwide/MHDDSMM01J700S_10?sw=600,https://kr.mcmworldwide.com/ko_KR/남성/의류/모두보기/남성용-큐빅-로고-울-카디건/MHDDSMM01J700S.html,캐주얼
MFVGSMM02RP040,태권도 베스트,1090000,Red,WOMEN,CLOTHING,OutOfStock,태권도에서 영감을 받은 벨트와 비세토스 모노그램 프린트 포켓이 특징인 여성 오버사이즈 코튼 베스트,한국 문화에 대한 존중을 바탕으로 재해석한 클래식 오버사이즈 베스트로 전통 태권도 도복에서 영감을 받아 허리에 길이 조절이 가능한 벨트를 더했습니다. 시그니처 비세토스 모노그램이 프린트된 앞면 포켓은 뮌헨 하우스 특유의 세련된 품격을 실루엣에 우아하게 담아냅니다.,코튼 100%,,,대한민국,비세토스 모노그램 실크 프린트가 더해진 앞면 포켓 | 길이 조절 가능한 벨트 여밈 | 오버사이즈 핏,40 IT | 42 IT,https://images.mcmworldwide.com/i/mcmworldwide/MFVGSMM02RP040_01?sw=600 | https://images.mcmworldwide.com/i/mcmworldwide/MFVGSMM02RP040_09?sw=600 | https://images.mcmworldwide.com/i/mcmworldwide/MFVGSMM02RP040_04?sw=600 | https://images.mcmworldwide.com/i/mcmworldwide/MFVGSMM02RP040_10?sw=600 | https://images.mcmworldwide.com/i/mcmworldwide/MFVGSMM02RP040_11?sw=600 | https://images.mcmworldwide.com/i/mcmworldwide/MFVGSMM02RP040_12?sw=600,https://kr.mcmworldwide.com/ko_KR/여성/의류/재킷-코트/태권도-베스트/MFVGSMM02RP040.html,스트릿
MHJEAMM08CO00M,비세토스 레더 믹스 시어링 봄버 재킷,3990000,Cognac,MEN,CLOTHING,OutOfStock,디보스드 모노그램과 시어링 칼라 및 비세토스 캔버스 트림이 돋보이는 유니섹스 램스킨 애비에이터 재킷,클래식 코냑 컬러로 하늘 높이 비행하는 비전을 담아낸 뛰어난 가죽 수공예를 선보입니다. 익스클루시브 시즌 캡슐 컬렉션에서 선보이는 아이템으로 시그니처 모노그램이 새겨진 이탈리안 램스킨으로 제작된 유니섹스 봄버 재킷입니다. 시어링 칼라와 비세토스 캔버스 트림이 실루엣을 완성합니다.,바디: 송아지 가죽과 디보스드 비세토스 모노그램 | 트림: 비세토스 모노그램 캔버스,,,이탈리아,유니섹스 디자인 | 시어링 칼라 | 지퍼 클로저 | 리브 니트 밑단과 커프스 | 레귤러 크롭 핏,S | M,https://images.mcmworldwide.com/i/mcmworldwide/MHJEAMM08CO00M_01?sw=600 | https://images.mcmworldwide.com/i/mcmworldwide/MHJEAMM08CO00M_09?sw=600 | https://images.mcmworldwide.com/i/mcmworldwide/MHJEAMM08CO00M_04?sw=600 | https://images.mcmworldwide.com/i/mcmworldwide/MHJEAMM08CO00M_10?sw=600 | https://images.mcmworldwide.com/i/mcmworldwide/MHJEAMM08CO00M_11?sw=600,https://kr.mcmworldwide.com/ko_KR/남성/의류/재킷-코트/비세토스-레더-믹스-시어링-봄버-재킷/MHJEAMM08CO00M.html,캐주얼
MHHCAMM01MT00S,남성용 큐빅 카무플라주 모노그램 프린트 셔츠,195000,Multi,MEN,CLOTHING,OutOfStock,큐빅 카무플라주 패턴은 하우스의 독특한 기교를 구현합니다.,큐빅 모노그램의 무한한 풍경을 사이키델릭 톤으로 화사하게 밝히며 몽환적인 카무플라주 프린트를 형성합니다. 가슴의 펄 버튼 클로저와 MCM 로고 자수로 반짝임을 더한 코튼 실크 셔츠입니다.,"코튼 포플린 80%, 실크 20%",,,대한민국,큐빅 카무플라주 모노그램 프린트 | 가슴의 MCM Sommer 로고 자수 | 펄 버튼 클로저 | 폴리에스터 트림 | 편안한 핏. 모델의 신장은 약 183cm이며 미디엄 사이즈를 착용하고 있습니다.,S,https://images.mcmworldwide.com/i/mcmworldwide/MHHCAMM01MT00S_01?sw=600 | https://images.mcmworldwide.com/i/mcmworldwide/MHHCAMM01MT00S_09?sw=600 | https://images.mcmworldwide.com/i/mcmworldwide/MHHCAMM01MT00S_04?sw=600 | https://images.mcmworldwide.com/i/mcmworldwide/MHHCAMM01MT00S_10?sw=600,https://kr.mcmworldwide.com/ko_KR/남성/의류/모두보기/남성용-큐빅-카무플라주-모노그램-프린트-셔츠/MHHCAMM01MT00S.html,스트릿
MHJAADS01VW050,남성용 모노그램 데님 재킷,300000,Blue,MEN,CLOTHING,OutOfStock,전체에 MCM 레터 자카드 모노그램 패턴을 더해 완성한 스트리트웨어 아이템을 만나보세요. 지속 가능성을 고려한 공정에 따라 제작한 아이템입니다.,환경 보호를 염두에 두고 제작한 시즌 데님 재킷입니다. 재활용 코튼을 사용해 그린피스가 승인한 공정에 따라 염색하여 환경을 생각하는 스트리트 스타일 아이템입니다.,코튼 100%,,,이탈리아,메탈 로고 버튼 클로저 | 앞면 슬릿 포켓 | 가슴에 플랩 포켓과 메탈 로고 버튼 클로저 | 니켈 금속 장식 | 내부 포켓 2개 | 메탈 로고 버튼 커프스,50 IT | 52 IT,https://images.mcmworldwide.com/i/mcmworldwide/MHJAADS01VW050_01?sw=600 | https://images.mcmworldwide.com/i/mcmworldwide/MHJAADS01VW050_04?sw=600,https://kr.mcmworldwide.com/ko_KR/남성/의류/모두보기/남성용-모노그램-데님-재킷/MHJAADS01VW050.html,스트릿
MHJESMM04BK046,양가죽 크롭 라이더 재킷,3190000,Black,MEN,CLOTHING,OutOfStock,비세토스 모노그램 프린트 가죽 안감이 돋보이는 양가죽 소재의 유니섹스 크롭 바이커 재킷,MCM을 상징하는 반항적인 스타일입니다. 이탈리아산 양가죽으로 제작된 크롭 모터사이클 재킷으로 클래식 비세토스 모노그램이 프린트된 가죽 안감이 특징입니다. 형태와 기능을 모두 고려하여 여러 개의 지퍼 포켓이 갖춰져 있으며 조절 가능한 가죽 벨트로 완벽한 핏을 연출할 수 있습니다.,양가죽 100%,,,이탈리아,"비대칭 지퍼 클로저 | 지퍼형 전면 포켓 | 가죽 버클 잠금 장치 | 로고 인그레이빙 메탈 스냅 장식 | 비세토스 모노그램 프린트 가죽 안감 | 슬림 크롭 핏 남성 모델 신장: 186cm, 착용 사이즈: 미디엄 여성 모델 신장: 175cm, 착용 사이즈: 스몰",44 IT | 46 IT | 48 IT | 50 IT,https://images.mcmworldwide.com/i/mcmworldwide/MHJESMM04BK046_01?sw=600 | https://images.mcmworldwide.com/i/mcmworldwide/MHJESMM04BK046_09?sw=600 | https://images.mcmworldwide.com/i/mcmworldwide/MHJESMM04BK046_04?sw=600 | https://images.mcmworldwide.com/i/mcmworldwide/MHJESMM04BK046_10?sw=600 | https://images.mcmworldwide.com/i/mcmworldwide/MHJESMM04BK046_11?sw=600,https://kr.mcmworldwide.com/ko_KR/남성/의류/재킷-코트/양가죽-크롭-라이더-재킷/MHJESMM04BK046.html,스트릿
MHPCAMM06BK00S,남성용 아프레스키 재생 폴리에스터 팬츠,230000,Black,MEN,CLOTHING,OutOfStock,얇은 패딩이 있는 큐빅 퀼트 트랙 팬츠,큐빅 모노그램에서 가져온 기하학적인 퀼트 패턴이 돋보이는 아프레스키 캡슐 컬렉션의 재생 폴리에스터 트랙 팬츠입니다. 얇은 패딩으로 추운 날씨의 액티비티에서 따뜻함과 편안함을 향상시킵니다. 왼쪽 레그의 탈부착 가능한 포켓은 모듈식 유틸리티를 통해 기능성에 대한 하우스의 집중을 분명하게 보여줍니다.,국제재생표준(GRS) 인증 재생 폴리에스터 100%,,,이탈리아,퀼팅 큐빅 패턴 | 드로우스트링 웨이스트 | 옆면 슬래시 포켓 | 레그의 탈부착 가능한 지퍼 포켓 | 레귤러핏. 모델의 신장은 약 187cm이며 미디엄 사이즈를 착용하고 있습니다.,S,https://images.mcmworldwide.com/i/mcmworldwide/MHPCAMM06BK00S_01?sw=600 | https://images.mcmworldwide.com/i/mcmworldwide/MHPCAMM06BK00S_09?sw=600 | https://images.mcmworldwide.com/i/mcmworldwide/MHPCAMM06BK00S_04?sw=600 | https://images.mcmworldwide.com/i/mcmworldwide/MHPCAMM06BK00S_10?sw=600 | https://images.mcmworldwide.com/i/mcmworldwide/MHPCAMM06BK00S_11?sw=600,https://kr.mcmworldwide.com/ko_KR/남성/의류/모두보기/남성용-아프레스키-재생-폴리에스터-팬츠/MHPCAMM06BK00S.html,캐주얼
MHTGAMM01VC00L,마스 도그 디스코 티셔츠,450000,Blue,MEN,CLOTHING,InStock,마스 도그 그래픽 프린트와 MCM Disco 로고 타입페이스가 더해진 유니섹스 오버사이즈 오가닉 코튼 저지 티셔츠,"화성(Red Planet)에서 온 유쾌하고 다채로운 캐릭터, '마스 도그(Mars Dog)'를 전면에 애니메이션 그래픽 프린트로 위트 있게 담아낸 오버사이즈 오가닉 코튼 티셔츠입니다. 1970년대 뮌헨의 황금기를 수놓았던 일렉트로닉 음악과 문화에 경의를 표하는 “MCM Disco” 엠블럼을 더해 숏 슬리브 실루엣의 완성도를 높였습니다.",바디:100% 오가닉 면,,,대한민국,"크루넥 | 숏 슬리브 | “MCM Disco”로고 모티프와 Mars Dog 그래픽 프린트 | 리브 니트 트림 | 오버사이즈 핏 | 여성 모델의 키는 175cm/5'8"" 이며 사이즈 S를 착용하고 있습니다. | 남성 모델의 키는 186cm/6'1"" 이며 사이즈 M을 착용하고 있습니다.",S | M | L | X라지,https://images.mcmworldwide.com/i/mcmworldwide/MHTGAMM01VC00L_01?sw=600 | https://images.mcmworldwide.com/i/mcmworldwide/MHTGAMM01VC00L_04?sw=600,https://kr.mcmworldwide.com/ko_KR/남성/의류/티셔츠-셔츠/마스-도그-디스코-티셔츠-/MHTGAMM01VC00L.html,스트릿
MHTFSMM05WT00L,지퍼 포켓 실켓 로고 티셔츠,390000,White,MEN,CLOTHING,InStock,라우렐 로고 자수 지퍼 포켓이 있는 남성용 실켓 코튼 저지 티셔츠,"은은한 광택과 부드러운 촉감이 돋보이는 실켓 반팔 티셔츠. 뮌헨 하우스를 상징하는 시그니처 라우렐 로고 자수가 더해졌으며, 바이에른 다이아몬드에서 영감을 받은 체스트 포켓에는 방수 비세토스 모노그램 지퍼 디테일이 적용되었습니다.",코튼 100%,,,대한민국,"라우렐 로고 자수가 더해진 지퍼 포켓 | 오른쪽 소매에 MCM 로고 자수 포인트 | 레귤러 핏 | 여성 모델의 키는 175cm/5'8"" 이며 사이즈 S를 착용하고 있습니다. | 남성 모델의 키는 186cm/6'1"" 이며 사이즈 M을 착용하고 있습니다.",S | M | L | X라지,https://images.mcmworldwide.com/i/mcmworldwide/MHTFSMM05WT00L_01?sw=600 | https://images.mcmworldwide.com/i/mcmworldwide/MHTFSMM05WT00L_09?sw=600 | https://images.mcmworldwide.com/i/mcmworldwide/MHTFSMM05WT00L_04?sw=600 | https://images.mcmworldwide.com/i/mcmworldwide/MHTFSMM05WT00L_10?sw=600 | https://images.mcmworldwide.com/i/mcmworldwide/MHTFSMM05WT00L_11?sw=600 | https://images.mcmworldwide.com/i/mcmworldwide/MHTFSMM05WT00L_12?sw=600,https://kr.mcmworldwide.com/ko_KR/남성/의류/티셔츠-셔츠/지퍼-포켓-실켓-로고-티셔츠/MHTFSMM05WT00L.html,미니멀
MHJESMM04CO044,양가죽 크롭 라이더 재킷,3190000,Cognac,MEN,CLOTHING,OutOfStock,비세토스 모노그램 프린트 가죽 안감이 돋보이는 양가죽 소재의 유니섹스 크롭 바이커 재킷,MCM을 상징하는 반항적인 스타일입니다. 이탈리아산 양가죽으로 제작된 크롭 모터사이클 재킷으로 클래식 비세토스 모노그램이 프린트된 가죽 안감이 특징입니다. 형태와 기능을 모두 고려하여 여러 개의 지퍼 포켓이 갖춰져 있으며 조절 가능한 가죽 벨트로 완벽한 핏을 연출할 수 있습니다.,양가죽 100%,,,이탈리아,"비대칭 지퍼 클로저 | 지퍼형 전면 포켓 | 가죽 버클 잠금 장치 | 로고 인그레이빙 메탈 스냅 장식 | 비세토스 모노그램 프린트 가죽 안감 | 슬림 크롭 핏 남성 모델 신장: 186cm, 착용 사이즈: 미디엄 여성 모델 신장: 175cm, 착용 사이즈: 스몰",44 IT | 46 IT | 48 IT | 50 IT,https://images.mcmworldwide.com/i/mcmworldwide/MHJESMM04CO044_01?sw=600 | https://images.mcmworldwide.com/i/mcmworldwide/MHJESMM04CO044_09?sw=600 | https://images.mcmworldwide.com/i/mcmworldwide/MHJESMM04CO044_04?sw=600 | https://images.mcmworldwide.com/i/mcmworldwide/MHJESMM04CO044_10?sw=600 | https://images.mcmworldwide.com/i/mcmworldwide/MHJESMM04CO044_11?sw=600,https://kr.mcmworldwide.com/ko_KR/남성/의류/재킷-코트/양가죽-크롭-라이더-재킷/MHJESMM04CO044.html,스트릿
MHTGAMM03WT00L,마스 도그 포켓 티셔츠,390000,White,MEN,CLOTHING,InStock,가슴 포켓에 Mars Dog 그래픽 프린트와 “MCM Disco” 자수가 들어간 오가닉 코튼 유니섹스 저지 티셔츠,"붉은 행성에서 온 강아지, Mars Dog는 우주 여행이라는 테마를 통해 브랜드의 유쾌하고 상상력 넘치는 감성을 표현한 캐릭터입니다. 신비로우며 매력적인 이 캐릭터는 티셔츠 가슴 포켓 위에 그래픽 프린트로 담겼으며,1970년대 뮌헨의 자유롭고 에너제틱한 디스코 문화를 담아낸 “MCM Disco” 자수 디테일로 감각적인 무드를 완성했습니다.",바디:100% 오가닉 면,,,대한민국,"""MCM 디스코"" 자수가 더해진 마스 도그 그래픽 프린트 | 리브 니트 트림 | 레귤러 핏 | 여성 모델의 키는 175cm/5'8"" 이며 사이즈 S를 착용하고 있습니다. | 남성 모델의 키는 186cm/6'1"" 이며 사이즈 M을 착용하고 있습니다.",S | M | L | X라지,https://images.mcmworldwide.com/i/mcmworldwide/MHTGAMM03WT00L_01?sw=600 | https://images.mcmworldwide.com/i/mcmworldwide/MHTGAMM03WT00L_04?sw=600,https://kr.mcmworldwide.com/ko_KR/남성/의류/티셔츠-셔츠/마스-도그-포켓-티셔츠/MHTGAMM03WT00L.html,캐주얼
MHTGAMM01WT00L,마스 도그 디스코 티셔츠,450000,White,MEN,CLOTHING,InStock,마스 도그 그래픽 프린트와 MCM Disco 로고 타입페이스가 더해진 유니섹스 오버사이즈 오가닉 코튼 저지 티셔츠,"화성(Red Planet)에서 온 유쾌하고 다채로운 캐릭터, '마스 도그(Mars Dog)'를 전면에 애니메이션 그래픽 프린트로 위트 있게 담아낸 오버사이즈 오가닉 코튼 티셔츠입니다. 1970년대 뮌헨의 황금기를 수놓았던 일렉트로닉 음악과 문화에 경의를 표하는 “MCM Disco” 엠블럼을 더해 숏 슬리브 실루엣의 완성도를 높였습니다.",바디:100% 오가닉 면,,,대한민국,"크루넥 | 숏 슬리브 | “MCM Disco”로고 모티프와 Mars Dog 그래픽 프린트 | 리브 니트 트림 | 오버사이즈 핏 | 여성 모델의 키는 175cm/5'8"" 이며 사이즈 S를 착용하고 있습니다. | 남성 모델의 키는 186cm/6'1"" 이며 사이즈 M을 착용하고 있습니다.",S | M | L | X라지,https://images.mcmworldwide.com/i/mcmworldwide/MHTGAMM01WT00L_01?sw=600 | https://images.mcmworldwide.com/i/mcmworldwide/MHTGAMM01WT00L_09?sw=600 | https://images.mcmworldwide.com/i/mcmworldwide/MHTGAMM01WT00L_04?sw=600 | https://images.mcmworldwide.com/i/mcmworldwide/MHTGAMM01WT00L_10?sw=600 | https://images.mcmworldwide.com/i/mcmworldwide/MHTGAMM01WT00L_11?sw=600 | https://images.mcmworldwide.com/i/mcmworldwide/MHTGAMM01WT00L_12?sw=600 | https://images.mcmworldwide.com/i/mcmworldwide/MHTGAMM01WT00L_13?sw=600,https://kr.mcmworldwide.com/ko_KR/남성/의류/티셔츠-셔츠/마스-도그-디스코-티셔츠-/MHTGAMM01WT00L.html,스트릿
MHVFSMM01VC00M,네오프렌 베스트,1150000,Blue,MEN,CLOTHING,OutOfStock,라우렐 로고 모티브와 엠보싱 모노그램 포켓이 돋보이는 유니섹스 오버사이즈 네오프렌 베스트,"실용적인 아이템이 새로운 차원의 화려함으로 재탄생했습니다. 클래식한 디자인 요소와 다채로운 장식들이 어우러져 네오프렌 조끼에 생동감을 더합니다. 비세토스 모노그램 지퍼 풀러와 로렐 로고 자수가 그 특징을 강조하며, 뮌헨 하우스의 시그니처 모노그램이 새겨져 있습니다. 바이에른 다이아몬드를 모티프로 한 포켓이 오버사이즈 실루엣을 완성합니다.","폴리에스테르 92%, 스판덱스 8%",,,대한민국,유니섹스 모델 | 라우렐 로고 자수 | 비세토스 모노그램 풀러가 달린 지퍼 클로저 | 가슴 포켓 | 비세토스 모노그램이 새겨진 앞면 플랩 포켓 | 비스코스 안감 | 오버사이즈 핏,XS | S | M,https://images.mcmworldwide.com/i/mcmworldwide/MHVFSMM01VC00M_01?sw=600 | https://images.mcmworldwide.com/i/mcmworldwide/MHVFSMM01VC00M_09?sw=600 | https://images.mcmworldwide.com/i/mcmworldwide/MHVFSMM01VC00M_04?sw=600 | https://images.mcmworldwide.com/i/mcmworldwide/MHVFSMM01VC00M_10?sw=600 | https://images.mcmworldwide.com/i/mcmworldwide/MHVFSMM01VC00M_11?sw=600,https://kr.mcmworldwide.com/ko_KR/남성/의류/재킷-코트/네오프렌-베스트/MHVFSMM01VC00M.html,캐주얼
MHTGSMM03BK00L,모노그램 자카드 폴로 셔츠,630000,Black,MEN,CLOTHING,InStock,비세토스 모노그램 모티프가 돋보이는 남성 코튼 자카드 폴로 셔츠,모노크롬 컬러웨이가 돋보이는 코튼 폴로셔츠. 시그니처 비세토스 모노그램을 자카드 니트로 표현하였습니다. 스트라이프 골지 니트 칼라가 클래식한 실루엣에 세련된 포인트를 더합니다.,코튼 100%,약 35.4 x 35.4 x 0.0 인치,,대한민국,"자카드 니트 | 투버튼 플래킷 디테일 | 비세토스 모노그램 모티프 | 대비되는 스트라이프가 들어간 골지 니트 칼라 | 레귤러 핏 | Male model is 188cm / 6'1"" tall and wears size M.",S | M | L | X라지,https://images.mcmworldwide.com/i/mcmworldwide/MHTGSMM03BK00L_01?sw=600 | https://images.mcmworldwide.com/i/mcmworldwide/MHTGSMM03BK00L_09?sw=600 | https://images.mcmworldwide.com/i/mcmworldwide/MHTGSMM03BK00L_04?sw=600 | https://images.mcmworldwide.com/i/mcmworldwide/MHTGSMM03BK00L_10?sw=600 | https://images.mcmworldwide.com/i/mcmworldwide/MHTGSMM03BK00L_11?sw=600 | https://images.mcmworldwide.com/i/mcmworldwide/MHTGSMM03BK00L_12?sw=600,https://kr.mcmworldwide.com/ko_KR/남성/의류/티셔츠-셔츠/모노그램-자카드-폴로-셔츠/MHTGSMM03BK00L.html,클래식
MEXGSAS01CO041,Diamante 퀼팅 모노그램 레더 로우탑 스니커즈,630000,Cognac,WOMEN,SHOES,InStock,"디아망떼 솔, 비세토스 모노그램 프린트, 천연 가죽 트림이 더해진 퀼티드 레더 로우탑 스니커즈","전통 러닝화를 현대적으로 재해석한 로우탑 스니커즈로, 레트로 감성의 퀼티드 레더 어퍼와 시그니처 비세토스 모노그램 프린트가 특징입니다. 코냑 컬러에 혁신적인 디아망떼 러버 아웃솔과 듀얼 밀도 미드솔, 뮌헨 바이에른 다이아몬드에서 착안한 3D 패턴이 어우러져 편안한 착화감과 세련된 스타일을 동시에 선사합니다.",트림:천연 가죽 | 어퍼:비세토스 모노그램 프린트가 더해진 퀼팅 레더,,,인도네시아,디아망뜨 러버 솔 | 라우렐 로고 모티브가 더해진 텅 | 코튼 슈레이스 | 로고가 프린트된 풋베드 | MCM 로고 모티프가 더해진 가죽 힐 탭 | 메쉬 라이닝,36 IT / 여성 | 37 IT / 여성 | 38 IT / 여성 | 39 IT / 여성 | 40 IT / 여성 | 41 IT / 남성 | 42 IT / 남성 | 43 IT / 남성,https://images.mcmworldwide.com/i/mcmworldwide/MEXGSAS01CO041_01?sw=600 | https://images.mcmworldwide.com/i/mcmworldwide/MEXGSAS01CO041_02?sw=600 | https://images.mcmworldwide.com/i/mcmworldwide/MEXGSAS01CO041_04?sw=600 | https://images.mcmworldwide.com/i/mcmworldwide/MEXGSAS01CO041_05?sw=600 | https://images.mcmworldwide.com/i/mcmworldwide/MEXGSAS01CO041_06?sw=600,https://kr.mcmworldwide.com/ko_KR/여성/슈즈/스니커즈/diamante-퀼팅-모노그램-레더-로우탑-스니커즈/MEXGSAS01CO041.html,캐주얼
MEXFAAP02C9041,Federlite 라우렐 스웨이드 로우탑 스니커즈,770000,Brown,WOMEN,SHOES,OutOfStock,엠보싱된 라우렐 로고 모티프가 특징인 스웨이드 가죽 로우탑 스니커즈,"프리미엄 이탈리안 스웨이드로 완성된 Federlite 로우탑 스니커즈는, 정교한 엠보싱 기법으로 구현한 입체적인 라우렐 엠블럼이 컨템포러리 디자인에 세련된 포인트를 더합니다.경량 다이컷 EVA 미드솔과 탈착 가능한 OrthoLite® 인솔이 만들어내는 탁월한 쿠셔닝으로, 하루 종일 부드럽고 안정적인 착화감을 경험해보세요.",어퍼:100% 스웨이드 레더,,,대한민국,"엠보싱 처리된 라우렐 로고 모티프 | 탈착 가능한 OrthoLite® 메모리폼 인솔 | 로고 프린트가 더해진 패딩 텅, 힐탭과 풋베드 | 러버 아웃솔 | 골드톤 바바리안 다이아몬드 메탈 아일렛 | 메쉬 라이닝",36 IT / 여성 | 37 IT / 여성 | 38 IT / 여성 | 39 IT / 여성 | 41 IT / 남성 | 42 IT / 남성 | 43 IT / 남성,https://images.mcmworldwide.com/i/mcmworldwide/MEXFAAP02C9041_01?sw=600 | https://images.mcmworldwide.com/i/mcmworldwide/MEXFAAP02C9041_02?sw=600 | https://images.mcmworldwide.com/i/mcmworldwide/MEXFAAP02C9041_04?sw=600 | https://images.mcmworldwide.com/i/mcmworldwide/MEXFAAP02C9041_05?sw=600 | https://images.mcmworldwide.com/i/mcmworldwide/MEXFAAP02C9041_06?sw=600,https://kr.mcmworldwide.com/ko_KR/여성/슈즈/스니커즈/federlite--라우렐-스웨이드-로우탑-스니커즈/MEXFAAP02C9041.html,캐주얼
MEXGSAS01BK041,Diamante 퀼팅 레더 로우탑 스니커즈,630000,Black,WOMEN,SHOES,InStock,"디아망떼 솔, 비세토스 모노그램 프린트, 천연 가죽 트림이 더해진 퀼티드 레더 로우탑 스니커즈","전통 러닝화를 현대적으로 재해석한 로우탑 스니커즈로, 레트로 감성의 퀼티드 레더 어퍼와 시그니처 비세토스 모노그램 프린트가 특징입니다. 블랙앤 화이트 컬러에 혁신적인 디아망떼 러버 아웃솔과 듀얼 밀도 미드솔, 뮌헨 바이에른 다이아몬드에서 착안한 3D 패턴이 어우러져 편안한 착화감과 세련된 스타일을 동시에 선사합니다.",트림:천연 가죽 | 어퍼:비세토스 모노그램 프린트가 더해진 퀼팅 레더,,,인도네시아,디아망뜨 러버 솔 | 라우렐 로고 모티브가 더해진 텅 | 코튼 슈레이스 | 로고가 프린트된 풋베드 | MCM 로고 모티프가 더해진 가죽 힐 탭 | 메쉬 라이닝,36 IT / 여성 | 37 IT / 여성 | 38 IT / 여성 | 39 IT / 여성 | 40 IT / 여성 | 41 IT / 남성 | 42 IT / 남성 | 43 IT / 남성,https://images.mcmworldwide.com/i/mcmworldwide/MEXGSAS01BK041_01?sw=600 | https://images.mcmworldwide.com/i/mcmworldwide/MEXGSAS01BK041_02?sw=600 | https://images.mcmworldwide.com/i/mcmworldwide/MEXGSAS01BK041_04?sw=600 | https://images.mcmworldwide.com/i/mcmworldwide/MEXGSAS01BK041_05?sw=600 | https://images.mcmworldwide.com/i/mcmworldwide/MEXGSAS01BK041_06?sw=600,https://kr.mcmworldwide.com/ko_KR/여성/슈즈/스니커즈/diamante-퀼팅-레더-로우탑-스니커즈/MEXGSAS01BK041.html,캐주얼
MESFSAJ014B037,비세토스 네오 터레인 스니커즈,630000,Brown,MEN,SHOES,InStock,카프스킨 트림이 돋보이는 비세토스 모노그램 캔버스 로우탑 스니커즈,"Neo Terrain 로우탑 스니커즈는 이번 시즌 시나몬 톤의 비세토스 모노그램 캔버스 어퍼로 완성되었습니다. 독일 뮌헨의 상징인 바이에른 다이아몬드에서 영감을 받은 기하학적 디자인이 로고 직조 텅 라벨, 카프스킨 힐 패치, 메탈 아일릿으로 포인트를 더하였으며, 메쉬를 더한 카프스킨 레더 안감과 OrthoLite® 인솔이 탁월한 편안함을 제공합니다.",바디:비세토스 모노그램 캔버스 | 트림: 카프스킨 레더,,,이탈리아,패딩 처리된 텅 부분의 라우렐 로고 라벨 | 힐 부분의 가죽 다이아몬드 패치 | MCM 로고 모티프가 새겨진 러버 아웃솔 | 탈착 가능한 OrthoLite® 메모리폼 인솔 | 브라스 다이아몬드 아일렛 | 메시가 결합된 카프스킨 라이닝,35 IT / 여성 | 36 IT / 여성 | 37 IT / 여성 | 38 IT / 여성 | 39 IT / 여성 | 40 IT / 남성 | 40 IT / 여성 | 41 IT / 남성 | 41 IT / 여성 | 42 IT / 남성 | 43 IT / 남성,https://images.mcmworldwide.com/i/mcmworldwide/MESFSAJ014B037_01?sw=600 | https://images.mcmworldwide.com/i/mcmworldwide/MESFSAJ014B037_02?sw=600 | https://images.mcmworldwide.com/i/mcmworldwide/MESFSAJ014B037_04?sw=600 | https://images.mcmworldwide.com/i/mcmworldwide/MESFSAJ014B037_05?sw=600 | https://images.mcmworldwide.com/i/mcmworldwide/MESFSAJ014B037_06?sw=600,https://kr.mcmworldwide.com/ko_KR/남성/슈즈/스니커즈/비세토스-네오-터레인-스니커즈/MESFSAJ014B037.html,캐주얼
MEXGAAP01MT041,Federlite 립스탑 나일론 스니커즈,670000,Multi,WOMEN,SHOES,InStock,MCM 로고 모티프 및 가죽 트림이 더해진 퀼팅 립스탑 나일론 로우탑 스니커즈,"립스탑 나일론 소재로 제작된 로우탑 스니커즈. 퀼팅 처리된 어퍼에는MCM 클래식 로고의 라우렐과 바이에른 다이아몬드 스티치를 더해 멀티컬러 디자인을 완성하였습니다. 특별히 개발된 Federlite(페더라이트) 솔을 적용하였으며, 나파 가죽과 스웨이드 디테일은 브랜드의 뛰어난 가죽 정신을 보여줍니다.","트림: 나파 레더, 스웨이드 레더, 네오플렌 | 어퍼: 퀼팅 립스탑 나일론",,,대한민국,Federlite(페더라이트) 러버 아웃솔 | 라우렐 로고 프린트가 더해진 풋베드 | MCM 로고 모티프 어퍼와 텅 | 멀티컬러 슈레이스 | 메쉬가 결합된 레더 라이닝,36 IT / 여성 | 37 IT / 여성 | 38 IT / 여성 | 41 IT / 남성 | 42 IT / 남성 | 43 IT / 남성,https://images.mcmworldwide.com/i/mcmworldwide/MEXGAAP01MT041_01?sw=600 | https://images.mcmworldwide.com/i/mcmworldwide/MEXGAAP01MT041_02?sw=600 | https://images.mcmworldwide.com/i/mcmworldwide/MEXGAAP01MT041_04?sw=600 | https://images.mcmworldwide.com/i/mcmworldwide/MEXGAAP01MT041_05?sw=600 | https://images.mcmworldwide.com/i/mcmworldwide/MEXGAAP01MT041_06?sw=600,https://kr.mcmworldwide.com/ko_KR/여성/슈즈/스니커즈/federlite-립스탑-나일론-스니커즈/MEXGAAP01MT041.html,스트릿
MESGSMM01CO036,카프스킨 스웨이드 플랫폼 부츠,830000,Cognac,WOMEN,SHOES,OutOfStock,"비세토스 모노그램 프린트, 카프 레더 트리밍과 시어링 라이닝이 더해진 이탈리안 카프스킨 스웨이드 여성 플랫폼 부츠","이탈리아산 카프스킨 스웨이드를 사용하여 정교하게 제작된 모카신 스타일 부츠로, 비세토스 모노그램 프린트 가죽 디테일과 청키한 플랫폼 솔이 세련된 분위기를 더합니다. 부드러운 양털 시어링 라이닝은 추운 계절에도 뛰어난 보온성과 편안함을 선사합니다.",트림: 비세토스 모노그램 프린트가 더해진 이탈리안 카프스킨 레더 | 어퍼: 100% 카프 스웨이드 레더,약 34.3 x 2.0 x 0.0 인치,,이탈리아,"뒷면의 바바리안 다이아몬드 가죽 로고 패치 | 가죽 풀 탭 | 플랫폼 솔: 90% EVA, 10% TPU | 브라스 메탈 아일렛 | 램 시어링 안감",36 IT / 여성 | 37 IT / 여성 | 38 IT / 여성,https://images.mcmworldwide.com/i/mcmworldwide/MESGSMM01CO036_01?sw=600 | https://images.mcmworldwide.com/i/mcmworldwide/MESGSMM01CO036_02?sw=600 | https://images.mcmworldwide.com/i/mcmworldwide/MESGSMM01CO036_04?sw=600 | https://images.mcmworldwide.com/i/mcmworldwide/MESGSMM01CO036_05?sw=600 | https://images.mcmworldwide.com/i/mcmworldwide/MESGSMM01CO036_06?sw=600,https://kr.mcmworldwide.com/ko_KR/여성/슈즈/부츠/카프스킨-스웨이드-플랫폼-부츠/MESGSMM01CO036.html,페미닌
MESEAMM04BK037,그라데이션 크리스탈 스웨이드 발레리나 슈즈,475000,Black,WOMEN,SHOES,OutOfStock,그라데이션 패턴 크리스탈 장식이 있는 여성용 카프 스웨이드 발레리나 슈즈,‘사케토’ 구조 기법으로 제작되어 가볍고 유연하며 슬리퍼 같은 착화감으로 자연스러운 발의 움직임을 향상시키는 발레리나 스타일의 송아지 스웨이드 슈즈입니다. 크리스탈 별자리 장식이 다크 톤온톤 베이스에 아름다운 그라데이션 효과를 연출합니다.,바디: 스웨이드 송아지 가죽 100% | 안감: 양가죽 100% | 솔: 가죽 100%,,,이탈리아,그라데이션 효과 | 크리스탈 장식 | 송아지 스웨이드 풀탭과 MCM 로고 모티프,37 IT / 여성 | 39 IT / 여성 | 40 IT / 여성,https://images.mcmworldwide.com/i/mcmworldwide/MESEAMM04BK037_01?sw=600 | https://images.mcmworldwide.com/i/mcmworldwide/MESEAMM04BK037_02?sw=600 | https://images.mcmworldwide.com/i/mcmworldwide/MESEAMM04BK037_04?sw=600 | https://images.mcmworldwide.com/i/mcmworldwide/MESEAMM04BK037_05?sw=600 | https://images.mcmworldwide.com/i/mcmworldwide/MESEAMM04BK037_06?sw=600,https://kr.mcmworldwide.com/ko_KR/women/shoes/loafers-mules/그라데이션-크리스탈-스웨이드-발레리나-슈즈/MESEAMM04BK037.html,페미닌
MHADAJP01BK00M,PHENOMENON+MCM 자동차 프린트 후디,410000,Black,MEN,CLOTHING,OutOfStock,MCM과 PHENOMENON에서 일본과 독일의 감성을 결합한 에너지 넘치는 컬렉션을 선보입니다.,산 호아킨 밸리에서 재배한 프리미엄 코튼으로 제작했으며 빈티지 MCM 브랜드 자동차 아카이브 사진 프린트가 돋보이는 후드 스웨트셔츠입니다. 러버 프린트 ‘P+M’ 로고로 실루엣의 앞면과 뒷면을 장식하여 두 하우스의 오랜 우정을 기념합니다.,코튼 100%,,,일본,조절 가능한 드로우스트링 후드 | 앞면의 아카이브 자동차 사진과 PHENOMENON+MCM 로고 프린트 | 뒷면의 P+M 로고 러버 프린트 | 옆면 슬래시 포켓 | 리브 니트 밑단과 커프스 | 릴랙스 핏,M | X라지,https://images.mcmworldwide.com/i/mcmworldwide/MHADAJP01BK00M_01?sw=600 | https://images.mcmworldwide.com/i/mcmworldwide/MHADAJP01BK00M_04?sw=600,https://kr.mcmworldwide.com/ko_KR/남성/의류/모두보기/phenomenon+mcm-자동차-프린트-후디/MHADAJP01BK00M.html,스트릿
MEXESAJ03CO041,Neo Terrain 비세토스 로우탑 스니커즈,770000,Cognac,MEN,SHOES,InStock,이탈리아산 송아지 가죽 트림과 비세토스 모노그램 캔버스로 제작한 로우탑 스니커즈,시그니처 MCM 로우탑 실루엣을 리믹스한 네오 터레인 로 스니커즈입니다. 비세토스 모노그램 캔버스 소재의 어퍼를 장식한 송아지 가죽 오버레이 라인으로 건축적인 특성을 표현했습니다. 바이에른 다이아몬드를 참고한 가죽 힐 패치와 우븐 텅 라벨 장식이 특징입니다. 송아지 가죽에 메쉬 디테일을 더해 한층 편안한 착용감을 선사합니다.,바디: 비세토스 모노그램 캔버스 | 트림: 이탈리안 송아지 가죽,,,이탈리아,패딩 처리된 텅 부분의 로렐 로고 라벨 | 힐의 가죽 다이아몬드 패치 | MCM 로고 모티프가 새겨진 고무 아웃솔. | 메시가 혼합된 송아지 가죽 안감.,35 IT / 여성 | 36 IT / 여성 | 37 IT / 여성 | 38 IT / 여성 | 39 IT / 여성 | 40 IT / 남성 | 40 IT / 여성 | 41 IT / 남성 | 41 IT / 여성 | 42 IT / 남성 | 43 IT / 남성,https://images.mcmworldwide.com/i/mcmworldwide/MEXESAJ03CO041_01?sw=600 | https://images.mcmworldwide.com/i/mcmworldwide/MEXESAJ03CO041_02?sw=600 | https://images.mcmworldwide.com/i/mcmworldwide/MEXESAJ03CO041_04?sw=600 | https://images.mcmworldwide.com/i/mcmworldwide/MEXESAJ03CO041_05?sw=600 | https://images.mcmworldwide.com/i/mcmworldwide/MEXESAJ03CO041_06?sw=600,https://kr.mcmworldwide.com/ko_KR/남성/슈즈/스니커즈/neo-terrain-비세토스-로우탑-스니커즈/MEXESAJ03CO041.html,캐주얼
MEXESAH02CO040,Skywander 비세토스 로우탑 스니커즈,890000,Cognac,MEN,SHOES,InStock,송아지 가죽 트림과 라우렐에서 영감을 받은 러버 아웃솔이 있는 이탈리아산 비세토스 로우 탑 스니커즈,러닝화에서 영감을 받아 시그니처 비세토스 모노그램 캔버스와 이탈리아산 송아지 가죽으로 제작한 새로운 스카이완더입니다. 입체적인 라우렐 패턴 아웃솔에 예술적으로 표현한 헤리티지를 선보이고 뒷면에는 리본 모티프를 더해 강조했습니다. 어퍼와 텅의 바이에른 다이아몬드 로고와 송아지 가죽 힐 카운터의 엠보스드 ‘MCM’ 레터가 돋보입니다.,트림: 이탈리안 송아지 가죽 | 어퍼: 비세토스 모노그램 캔버스,,,이탈리아,어퍼의 로고 다이아몬드 러버 패치 | 패딩 처리된 텅의 MCM 로고 라벨 | 힐의 라우렐 리본 모티프 | 로고 엠보스드 송아지 가죽 힐 탭 | 러버 아웃솔과 3D 라우렐 모티프 | 도금 바이에른 다이아몬드 메탈 아일렛 | 메시를 덧댄 스웨이드 안감,36 IT / 여성 | 37 IT / 여성 | 38 IT / 여성 | 40 IT / 남성 | 42 IT / 남성 | 43 IT / 남성,https://images.mcmworldwide.com/i/mcmworldwide/MEXESAH02CO040_01?sw=600 | https://images.mcmworldwide.com/i/mcmworldwide/MEXESAH02CO040_04?sw=600 | https://images.mcmworldwide.com/i/mcmworldwide/MEXESAH02CO040_05?sw=600 | https://images.mcmworldwide.com/i/mcmworldwide/MEXESAH02CO040_06?sw=600,https://kr.mcmworldwide.com/ko_KR/남성/슈즈/스니커즈/skywander-비세토스-로우탑-스니커즈/MEXESAH02CO040.html,캐주얼
MEXFSAJ01CO040,비세토스 네오 터레인 로 스니커즈,630000,Cognac,MEN,SHOES,InStock,이탈리아산 카프레더 트리밍이 돋보이는 비세토스 모노그램 캔버스 로우탑 스니커즈,"현대적인 감각으로 재해석한 시그니처 로우탑 스니커즈. 비세토스 캔버스 어퍼가 돋보이는 네오터레인 로우탑 스니커즈는 유행을 타지 않는 멋을 선사합니다. 뮌헨의 상징적인 바이에른 다이아몬드 실루엣의 가죽 힐 패치와 로고가 더해진 텅 라벨, 골드 톤의 메탈 아일렛 디테일은 기하학적 디자인에 영감을 불어넣었습니다. 메시 소재와 송아지 가죽 라이닝을 사용한 오솔라이트® 인솔을 사용하여 더욱 편안한 착화감을 선사합니다.",바디: 비세토스 모노그램 캔버스 | 트림: 이탈리안 카프스킨 가죽,,,이탈리아,패딩 처리된 텅의 라우렐 로고 라벨 | 힐의 가죽 다이아몬드 패치 | MCM 로고 모티프가 새겨진 고무 아웃솔. | OrthoLite® 메모리 폼 인솔 탈착 가능. | 뒤꿈치 부분의 가죽 다이아몬드 패치 | MCM 로고 모티브의 러 아웃솔 | 탈착가능한 OrthoLite® 메모리 폼 인솔 | 골드 톤 다이아몬드 메탈 아일릿. | 메시가 혼합된 송아지 가죽 안감.,35 IT / 여성 | 36 IT / 여성 | 37 IT / 여성 | 38 IT / 여성 | 39 IT / 여성 | 40 IT / 남성 | 40 IT / 여성 | 41 IT / 남성 | 41 IT / 여성 | 42 IT / 남성 | 43 IT / 남성,https://images.mcmworldwide.com/i/mcmworldwide/MEXFSAJ01CO040_01?sw=600 | https://images.mcmworldwide.com/i/mcmworldwide/MEXFSAJ01CO040_02?sw=600 | https://images.mcmworldwide.com/i/mcmworldwide/MEXFSAJ01CO040_04?sw=600 | https://images.mcmworldwide.com/i/mcmworldwide/MEXFSAJ01CO040_05?sw=600 | https://images.mcmworldwide.com/i/mcmworldwide/MEXFSAJ01CO040_06?sw=600,https://kr.mcmworldwide.com/ko_KR/남성/슈즈/스니커즈/비세토스-네오-터레인-로-스니커즈/MEXFSAJ01CO040.html,캐주얼
MEXFAMM02BK041,누벅 모노그램 프린트 가죽 엥클 부츠,1150000,Black,MEN,SHOES,InStock,비세토스 모노그램 프린트 가죽 트림이 돋보이는 이탈리아산 누벅 가죽 앵클 부츠,"군용 전투화 실루엣에 장인정신을 더한 이 부츠는 이탈리아산 누벅 가죽으로 제작되어, 부드러우면서도 견고한 품질을 자랑합니다. 시그니처 비세토스 모노그램이 더해진 그레인 가죽 디테일은 뮌헨 하우스의 클래식한 장인정신을 한층 더 돋보이게 합니다.",트림: 비세토스 모노그램 프린트가 더해진 그레인 레더 | 어퍼: 이탈리아산 누벅,,,이탈리아,비세토스 모노그램 프린트 패딩 가죽 칼라 | 텅 부분의 로고 엠보싱 가죽 패치 | 러버 솔 | 브라스 메탈 아일렛 | 가죽 안감,36 IT / 여성 | 37 IT / 여성 | 38 IT / 여성 | 41 IT / 남성 | 42 IT / 남성,https://images.mcmworldwide.com/i/mcmworldwide/MEXFAMM02BK041_01?sw=600 | https://images.mcmworldwide.com/i/mcmworldwide/MEXFAMM02BK041_02?sw=600 | https://images.mcmworldwide.com/i/mcmworldwide/MEXFAMM02BK041_04?sw=600 | https://images.mcmworldwide.com/i/mcmworldwide/MEXFAMM02BK041_05?sw=600 | https://images.mcmworldwide.com/i/mcmworldwide/MEXFAMM02BK041_06?sw=600,https://kr.mcmworldwide.com/ko_KR/남성/슈즈/로퍼-부츠/누벅-모노그램-프린트-가죽-엥클-부츠/MEXFAMM02BK041.html,클래식
MEXDAMM08BK465,MCM x CROCS 메가 크러쉬 클로그와 벨트백 브레이슬릿,343000,Black,MEN,SHOES,OutOfStock,클래식 Crocs™ 클로그에 고급스러움을 더했습니다. 할인이 적용되지 않는 상품입니다,MCM의 맥시멀리즘을 담은 화사한 골드톤 피니시의 플랫폼 솔이 돋보이는 콜라보레이션 클로그입니다. 전설적인 Fursten 벨트백을 모델로 제작한 탈착식 지퍼 파우치가 포함되어 있어 대담한 핸즈프리 브레이슬릿으로 연출할 수 있습니다. 주얼리 테마를 더욱 발전시킨 헤리티지 홀마크 24K 도금 건메탈 Jibbitz™ 참으로 샌들을 장식했습니다. 시그니처 비세토스와 바이에른 다이아몬드 디자인의 스터드로 장식한 힐 스트랩이 실루엣을 완성합니다.,,,,중국,"24K 도금 건메탈 로고 배지, 라우렐, 바이에른 다이아몬드 Jibbitz™ 참 | 비세토스 벨트백 스타일의 탈부착 가능한 지퍼 브레이슬릿 | 비세토스 트림과 다이아몬드 메탈 스터드 힐 스트랩 | 풋베드의 MCM 로고 프린트 | 플랫폼 솔 높이: 61mm / 2.4"" | Croslite™ 구조 | 골드톤 트림 플랫폼 솔",남성 US 12 / 46–47 EU | 남성 US 13 / 47–48 EU,https://images.mcmworldwide.com/i/mcmworldwide/MEXDAMM08BK465_01?sw=600 | https://images.mcmworldwide.com/i/mcmworldwide/MEXDAMM08BK465_02?sw=600 | https://images.mcmworldwide.com/i/mcmworldwide/MEXDAMM08BK465_04?sw=600 | https://images.mcmworldwide.com/i/mcmworldwide/MEXDAMM08BK465_05?sw=600 | https://images.mcmworldwide.com/i/mcmworldwide/MEXDAMM08BK465_06?sw=600 | https://images.mcmworldwide.com/i/mcmworldwide/MEXDAMM08BK465_07?sw=600,https://kr.mcmworldwide.com/ko_KR/남성/슈즈/모두보기/mcm-x-crocs-메가-크러쉬-클로그와-벨트백-브레이슬릿/MEXDAMM08BK465.html,스트릿
MEXDAMM08WT465,MCM x CROCS 메가 크러쉬 클로그와 벨트백 브레이슬릿,343000,White,MEN,SHOES,OutOfStock,클래식 Crocs™ 클로그에 고급스러움을 더했습니다. 할인이 적용되지 않는 상품입니다,MCM의 맥시멀리즘을 담은 화사한 실버 크롬 피니시의 플랫폼 솔이 돋보이는 콜라보레이션 클로그입니다. 전설적인 Fursten 벨트백을 모델로 제작한 탈착식 지퍼 파우치가 포함되어 있어 대담한 핸즈프리 브레이슬릿으로 연출할 수 있습니다. 주얼리 테마를 더욱 발전시킨 헤리티지 홀마크 실버톤 메탈 Jibbitz™ 참으로 샌들을 장식했습니다. 시그니처 비세토스와 바이에른 다이아몬드 디자인의 스터드로 장식한 힐 스트랩이 실루엣을 완성합니다.,,,,중국,"실버톤 로고 배지, 라우렐, 바이에른 다이아몬드 Jibbitz™ 메탈 참 | 비세토스 벨트백 스타일의 탈부착 가능한 지퍼 브레이슬릿 | 비세토스 트림과 다이아몬드 메탈 스터드 힐 스트랩 | 풋베드의 MCM 로고 프린트 | 플랫폼 솔 높이: 61mm / 2.4"" | Croslite™ 구조 | 실버 크롬 트림 플랫폼 솔",남성 US 12 / 46–47 EU | 남성 US 13 / 47–48 EU,https://images.mcmworldwide.com/i/mcmworldwide/MEXDAMM08WT465_01?sw=600 | https://images.mcmworldwide.com/i/mcmworldwide/MEXDAMM08WT465_02?sw=600 | https://images.mcmworldwide.com/i/mcmworldwide/MEXDAMM08WT465_04?sw=600 | https://images.mcmworldwide.com/i/mcmworldwide/MEXDAMM08WT465_05?sw=600 | https://images.mcmworldwide.com/i/mcmworldwide/MEXDAMM08WT465_06?sw=600 | https://images.mcmworldwide.com/i/mcmworldwide/MEXDAMM08WT465_07?sw=600,https://kr.mcmworldwide.com/ko_KR/남성/슈즈/모두보기/mcm-x-crocs-메가-크러쉬-클로그와-벨트백-브레이슬릿/MEXDAMM08WT465.html,스트릿
MEXDSMM09I7465,MCM x CROCS 클래식 클로그와 벨트백 브레이슬릿,176000,Beige,MEN,SHOES,OutOfStock,MCM과 Crocs™의 획기적인 콜라보레이션으로 새로운 장이 펼쳐집니다.,콜라보레이션을 통해 탄생한 이 클로그는 전설적인 Fursten 벨트백을 본뜬 미니 지퍼 파우치와 함께 제공됩니다. 이동성에 대한 영감에 충실한 모노그램 액세서리를 탈착하여 대담한 핸즈프리 브레이슬릿으로 연출할 수 있습니다. 주얼리 테마를 더욱 발전시킨 헤리티지 홀마크 건메탈 Jibbitz™ 참으로 샌들을 장식했습니다. 시그니처 Croslite™ 구성과 이탈리안 비세토스 백 스트랩 및 패딩 힐 쿠션으로 최상의 편안함을 선사합니다.,,,,중국,"건메탈톤 로고 배지, 라우렐, 바이에른 다이아몬드 Jibbitz™ 참 | 비세토스 벨트백 스타일의 탈부착 가능한 지퍼 브레이슬릿 | 비세토스 힐 스트랩과 패딩 쿠션 | 풋베드의 MCM 로고 프린트 | Croslite™ 구조",남성 US 12 / 46–47 EU | 남성 US 13 / 47–48 EU,https://images.mcmworldwide.com/i/mcmworldwide/MEXDSMM09I7465_01?sw=600 | https://images.mcmworldwide.com/i/mcmworldwide/MEXDSMM09I7465_02?sw=600 | https://images.mcmworldwide.com/i/mcmworldwide/MEXDSMM09I7465_04?sw=600 | https://images.mcmworldwide.com/i/mcmworldwide/MEXDSMM09I7465_05?sw=600 | https://images.mcmworldwide.com/i/mcmworldwide/MEXDSMM09I7465_06?sw=600,https://kr.mcmworldwide.com/ko_KR/남성/슈즈/모두보기/mcm-x-crocs-클래식-클로그와-벨트백-브레이슬릿/MEXDSMM09I7465.html,스트릿
MEXDSMM10WT465,MCM x CROCS 클래식 클로그와 벨트백 브레이슬릿,176000,White,MEN,SHOES,OutOfStock,MCM과 Crocs™의 획기적인 콜라보레이션으로 새로운 장이 펼쳐집니다.,콜라보레이션을 통해 탄생한 이 클로그는 전설적인 Fursten 벨트백을 본뜬 미니 지퍼 파우치와 함께 제공됩니다. 이동성에 대한 영감에 충실한 모노그램 액세서리를 탈착하여 대담한 핸즈프리 브레이슬릿으로 연출할 수 있습니다. MCM과 Crocs™의 독특한 개성을 고스란히 담은 애시드 라임 그린 헤리티지 홀마크 Jibbitz™ 메탈 참으로 샌들을 장식했습니다. 시그니처 Croslite™ 구성과 이탈리안 비세토스 백 스트랩 및 패딩 힐 쿠션으로 최상의 편안함을 선사합니다.,,,,중국,"애시드 라임 그린 로고 배지, 라우렐, 바이에른 다이아몬드 Jibbitz™ 참 | 비세토스 벨트백 스타일의 탈부착 가능한 지퍼 브레이슬릿 | 비세토스 힐 스트랩과 패딩 쿠션 | 풋베드의 MCM 로고 프린트 | Croslite™ 구조",남성 US 12 / 46–47 EU | 남성 US 13 / 47–48 EU,https://images.mcmworldwide.com/i/mcmworldwide/MEXDSMM10WT465_01?sw=600 | https://images.mcmworldwide.com/i/mcmworldwide/MEXDSMM10WT465_02?sw=600 | https://images.mcmworldwide.com/i/mcmworldwide/MEXDSMM10WT465_04?sw=600 | https://images.mcmworldwide.com/i/mcmworldwide/MEXDSMM10WT465_05?sw=600 | https://images.mcmworldwide.com/i/mcmworldwide/MEXDSMM10WT465_06?sw=600,https://kr.mcmworldwide.com/ko_KR/남성/슈즈/모두보기/mcm-x-crocs-클래식-클로그와-벨트백-브레이슬릿/MEXDSMM10WT465.html,스트릿
MESESAJ03BW036,Neo Terrain 비세토스 로우탑 스니커즈,770000,White,MEN,SHOES,OutOfStock,이탈리아산 송아지 가죽 트림과 비세토스 모노그램 캔버스로 제작한 로우탑 스니커즈,시그니처 MCM 로우탑 실루엣을 리믹스한 네오 터레인 로 스니커즈입니다. 비세토스 모노그램 캔버스 소재의 어퍼를 장식한 송아지 가죽 오버레이 라인으로 건축적인 특성을 표현했습니다. 바이에른 다이아몬드를 참고한 가죽 힐 패치와 우븐 텅 라벨 장식이 특징입니다. 송아지 가죽에 메쉬 디테일을 더해 한층 편안한 착용감을 선사합니다.,바디: 비세토스 모노그램 캔버스 | 트림: 이탈리안 송아지 가죽,,,이탈리아,패딩 처리된 텅 부분의 로렐 로고 라벨 | 힐의 가죽 다이아몬드 패치 | MCM 로고 모티프가 새겨진 고무 아웃솔. | 메시가 혼합된 송아지 가죽 안감.,35 IT / 여성 | 36 IT / 여성 | 37 IT / 여성 | 38 IT / 여성 | 39 IT / 여성 | 40 IT / 남성 | 40 IT / 여성 | 41 IT / 남성 | 41 IT / 여성 | 42 IT / 남성 | 43 IT / 남성,https://images.mcmworldwide.com/i/mcmworldwide/MESESAJ03BW036_01?sw=600 | https://images.mcmworldwide.com/i/mcmworldwide/MESESAJ03BW036_02?sw=600 | https://images.mcmworldwide.com/i/mcmworldwide/MESESAJ03BW036_04?sw=600 | https://images.mcmworldwide.com/i/mcmworldwide/MESESAJ03BW036_06?sw=600,https://kr.mcmworldwide.com/ko_KR/남성/슈즈/스니커즈/비세토스-네오-터레인-로-스니커즈/MESESAJ03BW036.html,캐주얼
MEXGAMM06NG041,MCM X We The Best 울트라스웨이드 슬라이드,530000,Grey,WOMEN,SHOES,InStock,MCM 시그니처 슬라이드를 고급스럽게 완성한 익스클루시브 에디션.,"뮌헨 하우스의 장인 정신과 엄선된 소재를 통해 캐주얼한 신발 아이템을 한 단계 업그레이드한 협업 슬라이드. 부드러운 촉감의 일본산 울트라스웨이드 어퍼는 미니멀한 디자인이 돋보이며, 로고가 장식된 풋베드는 은은한 그레인 처리로 탁월한 편안함을 선사합니다.",어퍼: 폴리에스테르 100%(울트라스웨이드),,,대한민국,라우렐 로고가 각인된 텍스처드 풋베드 | “MCM” 로고 모티프 엠보싱 러버 솔,36 IT / 여성 | 37 IT / 여성 | 38 IT / 여성 | 41 IT / 남성 | 42 IT / 남성 | 43 IT / 남성,https://images.mcmworldwide.com/i/mcmworldwide/MEXGAMM06NG041_01?sw=600 | https://images.mcmworldwide.com/i/mcmworldwide/MEXGAMM06NG041_02?sw=600 | https://images.mcmworldwide.com/i/mcmworldwide/MEXGAMM06NG041_04?sw=600 | https://images.mcmworldwide.com/i/mcmworldwide/MEXGAMM06NG041_05?sw=600 | https://images.mcmworldwide.com/i/mcmworldwide/MEXGAMM06NG041_06?sw=600,https://kr.mcmworldwide.com/ko_KR/여성/슈즈/샌들-슬라이드/mcm-x-we-the-best-울트라스웨이드-슬라이드/MEXGAMM06NG041.html,스트릿
MESCAMM11CO036,모노그램 프린트 러버 슬라이드,350000,Cognac,WOMEN,SHOES,OutOfStock,특별히 개발된 헤리티지 비세토스 모노그램 프린트 러버 슬라이드,텍스처드 뱀프에 클래식 모노그램을 프린트한 러버 슬라이드입니다. 살짝 결이 있는 풋베드와 힐 부분에 바이에른 다이아몬드 모티프가 있는 MCM 로고 솔을 통해 최상의 편안함을 선사합니다.,,,,대한민국,비세토스 모노그램 프린트 | 특별히 개발한 러버 뱀프 | 그레인드 러버 솔 | 힐의 바이에른 다이아몬드 모티프 | MCM 슬라이드는 작게 제작됩니다. 완벽한 핏을 위해 평소 사이즈보다 한 사이즈 크게 주문하는 것을 권장합니다.,35 IT / 여성 | 36 IT / 여성 | 37 IT / 여성 | 38 IT / 여성 | 39 IT / 여성 | 40 IT / 여성 | 41 IT / 남성 | 41 IT / 여성 | 42 IT / 남성 | 43 IT / 남성,https://images.mcmworldwide.com/i/mcmworldwide/MESCAMM11CO036_01?sw=600 | https://images.mcmworldwide.com/i/mcmworldwide/MESCAMM11CO036_02?sw=600 | https://images.mcmworldwide.com/i/mcmworldwide/MESCAMM11CO036_03?sw=600 | https://images.mcmworldwide.com/i/mcmworldwide/MESCAMM11CO036_04?sw=600,https://kr.mcmworldwide.com/ko_KR/여성/슈즈/샌들-슬라이드/모노그램-프린트-러버-슬라이드/MESCAMM11CO036.html,캐주얼
MESCAMM114B036,모노그램 프린트 러버 슬라이드,350000,Brown,WOMEN,SHOES,OutOfStock,비세토스 모노그램 프린트가 돋보이는 클래식 러버 슬라이드,텍스처드 뱀프 위에 뮌헨 하우스의 헤리티지 모노그램이 프린트된 러버 슬라이드. 미세한 그레인 텍스처 풋베드와 바이에른 다이아몬드 모티프 힐 디테일이 적용된 “MCM” 로고 솔로 뛰어난 편안함을 제공합니다.,,,,대한민국,비세토스 모노그램 프린트가 더해진 어퍼 | 특수 제작된 러버 소재의 뱀프 | 결이 있는 러버 아웃솔 | 본 제품은 정사이즈보다 작게 제작되었습니다. 완벽한 피팅을 위해 평소 착용하시는 사이즈보다 한 단계 크게(1 Size Up) 선택하시길 권장합니다.,35 IT / 여성 | 36 IT / 여성 | 37 IT / 여성 | 38 IT / 여성 | 39 IT / 여성 | 40 IT / 여성 | 41 IT / 남성 | 41 IT / 여성 | 42 IT / 남성 | 43 IT / 남성,https://images.mcmworldwide.com/i/mcmworldwide/MESCAMM114B036_01?sw=600 | https://images.mcmworldwide.com/i/mcmworldwide/MESCAMM114B036_02?sw=600 | https://images.mcmworldwide.com/i/mcmworldwide/MESCAMM114B036_04?sw=600 | https://images.mcmworldwide.com/i/mcmworldwide/MESCAMM114B036_05?sw=600 | https://images.mcmworldwide.com/i/mcmworldwide/MESCAMM114B036_06?sw=600,https://kr.mcmworldwide.com/ko_KR/여성/슈즈/샌들-슬라이드/모노그램-프린트-러버-슬라이드/MESCAMM114B036.html,캐주얼
MEXCAMM17CO041,모노그램 프린트 러버 슬라이드,350000,Cognac,WOMEN,SHOES,OutOfStock,특별히 개발된 헤리티지 비세토스 모노그램 프린트 러버 슬라이드,텍스처드 뱀프에 클래식 모노그램을 프린트한 러버 슬라이드입니다. 살짝 결이 있는 풋베드와 힐 부분에 바이에른 다이아몬드 모티프가 있는 MCM 로고 솔을 통해 최상의 편안함을 선사합니다.,,,,대한민국,비세토스 모노그램 프린트 | 특별히 개발한 러버 뱀프 | 그레인드 러버 솔 | 힐의 바이에른 다이아몬드 모티프 | MCM 슬라이드는 작게 제작됩니다. 완벽한 핏을 위해 평소 사이즈보다 한 사이즈 크게 주문하는 것을 권장합니다.,35 IT / 여성 | 36 IT / 여성 | 37 IT / 여성 | 38 IT / 여성 | 39 IT / 여성 | 40 IT / 여성 | 41 IT / 남성 | 41 IT / 여성 | 42 IT / 남성 | 43 IT / 남성,https://images.mcmworldwide.com/i/mcmworldwide/MEXCAMM17CO041_01?sw=600 | https://images.mcmworldwide.com/i/mcmworldwide/MEXCAMM17CO041_09?sw=600 | https://images.mcmworldwide.com/i/mcmworldwide/MEXCAMM17CO041_02?sw=600 | https://images.mcmworldwide.com/i/mcmworldwide/MEXCAMM17CO041_03?sw=600 | https://images.mcmworldwide.com/i/mcmworldwide/MEXCAMM17CO041_04?sw=600 | https://images.mcmworldwide.com/i/mcmworldwide/MEXCAMM17CO041_05?sw=600,https://kr.mcmworldwide.com/ko_KR/여성/슈즈/샌들-슬라이드/모노그램-프린트-러버-슬라이드/MEXCAMM17CO041.html,캐주얼
MEXEAAJ01WG040,네오 터레인 모노그램 레더 로우탑 스니커즈,770000,Grey,MEN,SHOES,OutOfStock,이탈리안 송아지 가죽과 엠보스드 비세토스 모노그램으로 제작한 로우탑 스니커즈,클래식 비세토스 모노그램이 새겨진 이탈리안 송아지 가죽 어퍼로 완전한 수공예를 표현한 네오 터레인 로 스니커즈입니다. 바이에른 다이아몬드를 참고한 우븐 텅 라벨과 가죽 힐 패치 장식이 돋보입니다. 메시를 덧댄 송아지 가죽 안감과 OrthoLite® 인솔로 더욱 편안한 착용감을 선사합니다.,트림: 송아지 가죽 100% | 어퍼: 송아지 가죽 100%,,,이탈리아,엠보스드 비세토스 모노그램 | 패딩 처리된 텅의 라우렐 로고 라벨 | 힐의 가죽 다이아몬드 패치 | 러버 아웃솔과 MCM 로고 모티프 | 탈부착 가능한 OrthoLite® 메모리 폼 인솔 | 골드톤 다이아몬드 메탈 아일렛 | 메시를 덧댄 가죽 안감,36 IT / 여성 | 37 IT / 여성 | 38 IT / 여성 | 39 IT / 여성 | 40 IT / 남성 | 41 IT / 남성 | 42 IT / 남성 | 43 IT / 남성,https://images.mcmworldwide.com/i/mcmworldwide/MEXEAAJ01WG040_01?sw=600 | https://images.mcmworldwide.com/i/mcmworldwide/MEXEAAJ01WG040_02?sw=600 | https://images.mcmworldwide.com/i/mcmworldwide/MEXEAAJ01WG040_04?sw=600 | https://images.mcmworldwide.com/i/mcmworldwide/MEXEAAJ01WG040_05?sw=600 | https://images.mcmworldwide.com/i/mcmworldwide/MEXEAAJ01WG040_06?sw=600,https://kr.mcmworldwide.com/ko_KR/남성/슈즈/스니커즈/네오-터레인-모노그램-레더-로우탑-스니커즈/MEXEAAJ01WG040.html,캐주얼
MESGAMM04BK036,Brass Plate Loafers in Calfskin,890000,Black,WOMEN,SHOES,InStock,Women’s calfskin leather loafers with gold-tone logo brass plate embellishment,"A formal footwear staple, elevated by the classic codes and esteemed leatherwork of the Munich House. Sculpted from Italian calfskin, these loafers feature the iconic gold-tone logo brass plate on the tongue as well as a penny keeper strap detail inspired by the iconic laurel leaves. The calfskin leather lining and rubber-infused leather outsole cultivate an elevated level of comfort.",Upper: 100% Calfskin | Lining: 100% Calfskin,,,이탈리아,Gold-tone logo brass plate on tongue | Laurel-inspired calfskin strap detail | Calfskin leather footbed with embossed Laurel logo motif | Rubber-infused leather outsole,36 IT / 여성 | 37 IT / 여성 | 38 IT / 여성 | 39 IT / 여성,https://images.mcmworldwide.com/i/mcmworldwide/MESGAMM04BK036_01?sw=600 | https://images.mcmworldwide.com/i/mcmworldwide/MESGAMM04BK036_02?sw=600 | https://images.mcmworldwide.com/i/mcmworldwide/MESGAMM04BK036_04?sw=600 | https://images.mcmworldwide.com/i/mcmworldwide/MESGAMM04BK036_05?sw=600 | https://images.mcmworldwide.com/i/mcmworldwide/MESGAMM04BK036_06?sw=600,https://kr.mcmworldwide.com/ko_KR/women/shoes/loafers-mules/brass-plate-loafers-in-calfskin/MESGAMM04BK036.html,클래식
MEXCAMM17BK041,모노그램 프린트 러버 슬라이드,350000,Black,WOMEN,SHOES,OutOfStock,특별히 개발된 헤리티지 비세토스 모노그램 프린트 러버 슬라이드,텍스처드 뱀프에 클래식 모노그램을 프린트한 러버 슬라이드입니다. 살짝 결이 있는 풋베드와 힐 부분에 바이에른 다이아몬드 모티프가 있는 MCM 로고 솔을 통해 최상의 편안함을 선사합니다.,,,,대한민국,어퍼의 비세토스 모노그램 프린트 | 특별히 개발한 러버 뱀프 | 그레인드 러버 솔 | 힐의 바이에른 다이아몬드 모티프 | MCM 슬라이드는 작게 제작됩니다. 완벽한 핏을 위해 평소 사이즈보다 한 사이즈 크게 주문하는 것을 권장합니다.,35 IT / 여성 | 36 IT / 여성 | 37 IT / 여성 | 38 IT / 여성 | 39 IT / 여성 | 40 IT / 여성 | 41 IT / 남성 | 41 IT / 여성 | 42 IT / 남성 | 43 IT / 남성,https://images.mcmworldwide.com/i/mcmworldwide/MEXCAMM17BK041_01?sw=600 | https://images.mcmworldwide.com/i/mcmworldwide/MEXCAMM17BK041_02?sw=600 | https://images.mcmworldwide.com/i/mcmworldwide/MEXCAMM17BK041_03?sw=600 | https://images.mcmworldwide.com/i/mcmworldwide/MEXCAMM17BK041_04?sw=600 | https://images.mcmworldwide.com/i/mcmworldwide/MEXCAMM17BK041_05?sw=600,https://kr.mcmworldwide.com/ko_KR/여성/슈즈/샌들-슬라이드/모노그램-프린트-러버-슬라이드/MEXCAMM17BK041.html,캐주얼
MEXGAMM02BK046,Quilted Diamond Rubber Slides,390000,Black,MEN,SHOES,OutOfStock,Lightweight EVA rubber slides with diamond quilted upper,"Representing the House’s Munich heritage, the Bavarian diamonds serve as the inspiration behind the geometric quilted upper of these slides. Utilizing the latest EVA injection technology, the pair combines maximum cushioning with a snug fit that wraps gently around one’s feet.",Upper: 100% EVA,,,대한민국,Quilted Bavarian diamond motif on upper | MCM logo on EVA sole | Grained footbed with Laurel emblem,46 IT / 남성,https://images.mcmworldwide.com/i/mcmworldwide/MEXGAMM02BK046_01?sw=600 | https://images.mcmworldwide.com/i/mcmworldwide/MEXGAMM02BK046_02?sw=600 | https://images.mcmworldwide.com/i/mcmworldwide/MEXGAMM02BK046_04?sw=600 | https://images.mcmworldwide.com/i/mcmworldwide/MEXGAMM02BK046_05?sw=600 | https://images.mcmworldwide.com/i/mcmworldwide/MEXGAMM02BK046_06?sw=600,https://kr.mcmworldwide.com/ko_KR/남성/슈즈/샌들-슬라이드/quilted-diamond-rubber-slides/MEXGAMM02BK046.html,캐주얼
MXZGSTA19CO001,Aren 비세토스 닥스훈트 2D 참,270000,Cognac,MEN,ACCESSORY,InStock,비세토스 모노그램 캔버스에 천연 가죽 트림을 더한 닥스훈트 참,"뮌헨 하우스의 독일적 헤리티지를 담은 닥스훈트 참으로, 비세토스 캔버스와 천연 나파 가죽의 조화가 돋보입니다. 장인의 손길이 더해진 이 액세서리를 가방이나 백팩에 더해, 언제나 곁을 지켜주는 반려처럼 함께하세요.",바디:비세토스 모노그램 캔버스 | 트림:천연 가죽,,,대한민국,닥스 훈트 모티프 | 24K 금 도금 로고 각인 메탈 스프링 클라스프,프리 사이즈,https://images.mcmworldwide.com/i/mcmworldwide/MXZGSTA19CO001_01?sw=600 | https://images.mcmworldwide.com/i/mcmworldwide/MXZGSTA19CO001_09?sw=600 | https://images.mcmworldwide.com/i/mcmworldwide/MXZGSTA19CO001_04?sw=600 | https://images.mcmworldwide.com/i/mcmworldwide/MXZGSTA19CO001_10?sw=600,https://kr.mcmworldwide.com/ko_KR/남성/패션소품/모두보기/aren-비세토스-닥스훈트-2d-참/MXZGSTA19CO001.html,캐주얼
MXZFATA09MT001,Aren 모노그램 리사이클 나일론 유성 참,450000,Multi,MEN,ACCESSORY,InStock,메탈 스터드 하드웨어와 송아지 가죽 트림이 더해진 모노그램 프린트 나일론 유성 참,두려움 없는 도전 정신을 지닌 MCM은 이 스터드 장식 나일론 운석 참을 통해 뮌헨 하우스의 우주를 향한 시선을 표현합니다. 시그니처 비세토스 모노그램 프린트와 바이에른 다이아몬드에서 영감을 받은 클래식한 요소들이 이 천체 오브젝트에 담겨 있습니다.,바디: 이탈리안 재활용 나일론 | 트림: 송아지 가죽,약 4 x 13 x 7 센티미터,,대한민국,가죽 스트랩 | 스프링 잠금장치 | 비세토스 모노그램 프린트 | 다이아몬드 로고 장식 | 메탈 스터드 장식 | 24K 골드 도금 메탈 하드웨어 | 스트랩 드롭: 21cm,프리 사이즈,https://images.mcmworldwide.com/i/mcmworldwide/MXZFATA09MT001_01?sw=600 | https://images.mcmworldwide.com/i/mcmworldwide/MXZFATA09MT001_09?sw=600 | https://images.mcmworldwide.com/i/mcmworldwide/MXZFATA09MT001_04?sw=600,https://kr.mcmworldwide.com/ko_KR/남성/패션소품/모두보기/aren-모노그램-리사이클-나일론-유성-참/MXZFATA09MT001.html,스트릿
MEFDSMM16IW001,Cubic Jacquard Shawl,630000,Yellow,WOMEN,ACCESSORY,OutOfStock,Oversized Italian jacquard shawl with Cubic MCM monogram motif,"Woven from a premium blend of Italian silk and wool, this oversized jacquard shawl is embellished with the subtle splendor of the infinite Cubic monogram. Intricate fringed edges finish off the multifaceted layering accessory.","72% Silk, 28% Wool",약 90 x 90 x 0 센티미터,,이탈리아,Oversized | Jacquard-woven | Cubic MCM monogram pattern | Fringed edges,프리 사이즈,https://images.mcmworldwide.com/i/mcmworldwide/MEFDSMM16IW001_01?sw=600 | https://images.mcmworldwide.com/i/mcmworldwide/MEFDSMM16IW001_09?sw=600 | https://images.mcmworldwide.com/i/mcmworldwide/MEFDSMM16IW001_03?sw=600,https://kr.mcmworldwide.com/ko_KR/여성/패션소품/모두보기/cubic-jacquard-shawl/MEFDSMM16IW001.html,클래식
MXZGATA20BK001,모노그램 프린트 레더 2D Ella 비세토스 보스턴 참,290000,Black,MEN,ACCESSORY,InStock,"비스토스 모노그램 프린트가 돋보이는 나파 레더 참으로, 키 링과 레더 스트랩이 함께 구성되었습니다.","뮌헨의 황금기에서 영감을 받아 탄생한 Ella 보스턴 백은, 헤리티지 디자인의 우아함을 고스란히 담아낸 2D 레더 참으로 새롭게 선보입니다. 레더 스트랩과 키 링 클라스프를 더해 다채로운 스타일링이 가능합니다.",바디:나파 레더,,,대한민국,가죽 스트랩 | 키 링 클라스프 | 비세토스 모노그램 프린트 | 로고 브라스 플레이트 | 엠보싱 처리된 MCM 로고 모티프가 돋보이는 뒷면 | 실버톤 코발트 메탈 하드웨어 | 스트랩 드롭: 19cm,프리 사이즈,https://images.mcmworldwide.com/i/mcmworldwide/MXZGATA20BK001_01?sw=600 | https://images.mcmworldwide.com/i/mcmworldwide/MXZGATA20BK001_04?sw=600,https://kr.mcmworldwide.com/ko_KR/남성/패션소품/모두보기/모노그램-프린트-레더-2d-ella-비세토스-보스턴-참/MXZGATA20BK001.html,캐주얼
MXZGATA16Q7001,비세토스 레더 믹스 M50 로고 참,230000,Pink,MEN,ACCESSORY,InStock,"50주년 기념 로고 모티프를 담은 양면 가죽 참으로, 비세토스 캔버스 트리밍과 키링, 가죽 스트랩을 더해 완성되었습니다.","1976년 뮌헨에서 탄생한 하우스의 50주년을 기념하여 선보이는 생동감 넘치는 컬러의 레더 로고 참입니다. 뒷면에는 브랜드의 상징적인 비세토스 모노그램 캔버스를 더해 반전 매력을 선사하며, 가죽 스트랩과 키링 클로저가 있어 핸드백 장식이나 키링 등 다양한 방식으로 연출할 수 있습니다.",앞면: 나파 가죽 | 뒷면: 비세토스 모노그램 캔버스,약 0 x 7 x 7 센티미터,,대한민국,가죽 스트랩 | 50 주년 MCM 로고 모티프 | 키 링 클라스프 | 로고가 각인된 다이아몬드 패턴 가죽 | 24K 골드 도금 브라스 하드웨어 | 스트랩 드롭: 19 cm,프리 사이즈,https://images.mcmworldwide.com/i/mcmworldwide/MXZGATA16Q7001_01?sw=600 | https://images.mcmworldwide.com/i/mcmworldwide/MXZGATA16Q7001_04?sw=600,https://kr.mcmworldwide.com/ko_KR/남성/패션소품/모두보기/비세토스-레더-믹스-m50-로고-참/MXZGATA16Q7001.html,캐주얼
MEHFAMM02CO058,모노그램 프린트 ECONYL® 패디드 버킷 헷,530000,Cognac,MEN,ACCESSORY,InStock,비세토스 모노그램 올오버 프린트와 로고 각인 가죽 패치가 돋보이는 ECONYL® 패딩 버킷햇,힙합 황금기를 기리는 이 패딩 버킷 햇은 폐어망을 재활용한 친환경 소재 ECONYL® 리사이클드 나일론으로 제작되었습니다. 시그니처 비세토스 모노그램 위에 로고 엠보싱 다이아몬드 가죽 패치를 더해 뮌헨 하우스의 클래식한 감성을 더했습니다.,바디: 100% ECONYL® 재생 나일론,,,대한민국,앞면에 로고 엠보싱된 가죽 다이아몬드 패치 | 비세토스 모노그램 전면 프린트 | 비스코스 안감,M / 58cm / 22.8인치,https://images.mcmworldwide.com/i/mcmworldwide/MEHFAMM02CO058_01?sw=600 | https://images.mcmworldwide.com/i/mcmworldwide/MEHFAMM02CO058_09?sw=600 | https://images.mcmworldwide.com/i/mcmworldwide/MEHFAMM02CO058_04?sw=600 | https://images.mcmworldwide.com/i/mcmworldwide/MEHFAMM02CO058_10?sw=600 | https://images.mcmworldwide.com/i/mcmworldwide/MEHFAMM02CO058_11?sw=600,https://kr.mcmworldwide.com/ko_KR/남성/패션소품/모자/모노그램-프린트-econyl®-패디드-버킷-헷/MEHFAMM02CO058.html,스트릿
MEFDAMM11CO001,모노그램 프린트 쁘띠 실크 스카프,175000,Cognac,WOMEN,ACCESSORY,InStock,대비되는 MCM 아이콘이 돋보이는 양면 오가닉 이탈리안 실크 스카프,오가닉 이탈리안 실크로 수제작한 리버서블 액세서리로 앞면에는 유명한 비세토스 모노그램 프린트를 선보입니다. 반대쪽 면은 헤리티지 MCM 로고가 돋보이는 스트라이프 컬러 블록 모티프로 장식되었습니다. 스카프로 착용하거나 사랑스럽게 리본 매듭으로 묶거나 가방 핸들을 감싸서 스타일링할 수 있습니다.,오가닉 실크 100%,약 8 x 120 x 0 센티미터,,이탈리아,수작업 봉제 | 반대쪽 면: MCM 로고와 대조적인 스트라이프 프린트 | 메인 측면: 비세토스 모노그램 프린트,프리 사이즈,https://images.mcmworldwide.com/i/mcmworldwide/MEFDAMM11CO001_01?sw=600 | https://images.mcmworldwide.com/i/mcmworldwide/MEFDAMM11CO001_03?sw=600 | https://images.mcmworldwide.com/i/mcmworldwide/MEFDAMM11CO001_04?sw=600 | https://images.mcmworldwide.com/i/mcmworldwide/MEFDAMM11CO001_05?sw=600,https://kr.mcmworldwide.com/ko_KR/여성/패션소품/쁘띠-스카프-스카프/모노그램-프린트-쁘띠-실크-스카프/MEFDAMM11CO001.html,페미닌
MEFESMM07P7001,다이아몬드 모노그램 스카프,390000,Orange,WOMEN,ACCESSORY,InStock,시즌 로고와 ‘MCM’ 모노그램 프린트가 돋보이는 핸드메이드 오가닉 이탈리안 실크 스카프,"클래식한 코드들이 조화를 이루는 이 유기농 실크 스카프는 ""MCM"" 모노그램 바탕에 오버사이즈 바바리안 다이아몬드 로고가 돋보입니다. 대조적인 톤의 테두리는 손바느질로 마감하였습니다.",오가닉 실크 100%,약 90 x 90 x 0 센티미터,,이탈리아,수작업 봉제 | 다이아몬드 라우렐 로고 프린트와 MCM 모노그램,프리 사이즈,https://images.mcmworldwide.com/i/mcmworldwide/MEFESMM07P7001_01?sw=600 | https://images.mcmworldwide.com/i/mcmworldwide/MEFESMM07P7001_03?sw=600,https://kr.mcmworldwide.com/ko_KR/여성/패션소품/쁘띠-스카프-스카프/다이아몬드-모노그램-스카프/MEFESMM07P7001.html,클래식
MEFGAMM11CO001,모노그램 프린트 트라이엥글 실크 스카프,390000,Cognac,MEN,ACCESSORY,InStock,비세토스 모노그램 프린트와 MCM 로고 모티프가 어우러진 삼각형 실루엣 실크 스카프,뮌헨 하우스의 새로운 실루엣을 제안하는 실크 스카프. 브랜드의 아이덴티티가 담긴 비세토스 모노그램이 삼각형 실루엣을 풍성하게 채워줍니다. 클래식한 세 글자의 로고는 이 화려한 액세서리의 스트라이프 테두리와 조화를 이루며 세련된 완성도를 더합니다.,실크 100%,약 70 x 70 x 0 센티미터,,이탈리아,비세토스 모노그램 프린트 | MCM 로고 스트라이프 모티프,프리 사이즈,https://images.mcmworldwide.com/i/mcmworldwide/MEFGAMM11CO001_01?sw=600 | https://images.mcmworldwide.com/i/mcmworldwide/MEFGAMM11CO001_09?sw=600 | https://images.mcmworldwide.com/i/mcmworldwide/MEFGAMM11CO001_02?sw=600 | https://images.mcmworldwide.com/i/mcmworldwide/MEFGAMM11CO001_03?sw=600 | https://images.mcmworldwide.com/i/mcmworldwide/MEFGAMM11CO001_10?sw=600 | https://images.mcmworldwide.com/i/mcmworldwide/MEFGAMM11CO001_11?sw=600,https://kr.mcmworldwide.com/ko_KR/남성/패션소품/스카프-머플러/모노그램-프린트-트라이엥글-실크-스카프/MEFGAMM11CO001.html,페미닌
MEGEAMM12BK001,라우렐 지오메트릭 선글라스,290000,Black,MEN,ACCESSORY,OutOfStock,바이에른 다이아몬드 스터드 금속 장식과 라우렐 모티프 아세테이트 템플이 있는 지오메트릭 아세테이트 선글라스,대담한 기하학적 디자인에 뮌헨을 상징하는 바이에른 다이아몬드 스터드 금속 장식을 더한 선글라스입니다. 상징적인 라우렐의 입체적인 엠블럼으로 템플을 강조하여 고급스러운 아름다움을 표현합니다.,,,,중국,로레토스 모노그램 파우치 케이스 포함 | 렌즈 컬러: 솔리드 스모크 | 프레임 컬러: 샤이니 블랙 | 렌즈-브리지-템플 크기: 53-18-145mm | 템플의 3D 라우렐과 ‘MCM’ 로고 모티프 | 아세테이트 구조 | 바이에른 다이아몬드 스터드 금속 장식,로우 브리지 피트,https://images.mcmworldwide.com/i/mcmworldwide/MEGEAMM12BK001_01?sw=600 | https://images.mcmworldwide.com/i/mcmworldwide/MEGEAMM12BK001_09?sw=600 | https://images.mcmworldwide.com/i/mcmworldwide/MEGEAMM12BK001_02?sw=600 | https://images.mcmworldwide.com/i/mcmworldwide/MEGEAMM12BK001_03?sw=600 | https://images.mcmworldwide.com/i/mcmworldwide/MEGEAMM12BK001_10?sw=600,https://kr.mcmworldwide.com/ko_KR/남성/패션소품/선글라스/라우렐-지오메트릭-선글라스/MEGEAMM12BK001.html,스트릿
MECGAMM03BK001,MCM X ATEEZ with MINGI 로고 캡,270000,Black,MEN,ACCESSORY,OutOfStock,ATEEZ 민기의 시그니처 “FIX ON” 디테일로 완성한 코튼 트윌 캡,"코튼 트윌 캡 전면에는 민기의 시그니처 트레이드마크 ‘FIX ON’ 자수가 더해졌으며, 측면의 라우렐 엠블럼과 후면의 ATEEZ 로고 디테일이 조화를 이루며 협업의 무드를 완성합니다. 클래식한 실루엣에 감각적인 그래픽 요소를 더해 다양한 스타일링이 가능합니다.",코튼 100%,,,대한민국,앞면의 ‘FIX ON’ 자수 디테일 | 측면의 MCM 라우렐 로고 자수 | 후면의 ATEEZ 로고 자수 | 길이 조절이 가능한 버클 스트랩,프리 사이즈,https://images.mcmworldwide.com/i/mcmworldwide/MECGAMM03BK001_01?sw=600 | https://images.mcmworldwide.com/i/mcmworldwide/MECGAMM03BK001_04?sw=600 | https://images.mcmworldwide.com/i/mcmworldwide/MECGAMM03BK001_05?sw=600,https://kr.mcmworldwide.com/ko_KR/남성/패션소품/모자/mcm-x-ateez-with-mingi-로고-캡/MECGAMM03BK001.html,스트릿
MXZGATA23CO001,MCM X We The Best 비세토스 참,250000,Cognac,MEN,ACCESSORY,InStock,회복력과 자기 신념의 메시지를 담은 장인 정신이 깃든 액세서리.,"DJ Khaled의 크리에이티브 철학을 담은 리미티드 에디션 “We The Best” 참. 어떤 장애물 앞에서도 끝내 성공을 향해 나아간다는 굳건한 의지를 상징하며, 뮌헨 하우스의 깊은 역사와 헤리티지가 깃든 시그니처 비세토스 모노그램 위에 대담하게 새겨졌습니다. 가죽 스트랩이 함께 구성되어 가방이나 백팩에 감각적인 포인트 아이템으로 매치하기 좋습니다.",바디:비세토스 모노그램 캔버스,약 0 x 100 x 70 센티미터,,대한민국,버클이 더해진 가죽 스트랩 | 24K 앤티크 골드 도금 메탈 하드웨어,프리 사이즈,https://images.mcmworldwide.com/i/mcmworldwide/MXZGATA23CO001_01?sw=600 | https://images.mcmworldwide.com/i/mcmworldwide/MXZGATA23CO001_09?sw=600 | https://images.mcmworldwide.com/i/mcmworldwide/MXZGATA23CO001_04?sw=600 | https://images.mcmworldwide.com/i/mcmworldwide/MXZGATA23CO001_10?sw=600 | https://images.mcmworldwide.com/i/mcmworldwide/MXZGATA23CO001_11?sw=600,https://kr.mcmworldwide.com/ko_KR/남성/패션소품/모두보기/mcm-x-we-the-best-비세토스-참/MXZGATA23CO001.html,캐주얼
MYBDSLD05QZ001,Mode Travia 비세토스 리버서블 벨트,390000,Pink,MEN,ACCESSORY,OutOfStock,다양한 아웃핏을 시대를 초월한 방식으로 한데 어우러지게 하는 링 디자인의 리버서블 벨트입니다.,클래식 코드의 핑크빛 부케가 피어난 Mode Travia 벨트는 반대쪽 면의 비세토스 모노그램 캔버스와 앞면의 엠보스드 가죽이 특징입니다. 이 다면적인 액세서리는 탈부착 가능한 18K 도금 버클로 장식되었으며 건축학적인 MCM 로고의 구조적인 화려함이 돋보입니다.,뒷면: 비세토스 모노그램 캔버스 | 앞면: 엠보스드 레더,,,대한민국,리버서블 디자인 | 길이 조절 가능(커팅하여 사이즈 조절) | 18K 도금 메탈 MCM 로고 버클,잘라서 사이즈 조절,https://images.mcmworldwide.com/i/mcmworldwide/MYBDSLD05QZ001_01?sw=600 | https://images.mcmworldwide.com/i/mcmworldwide/MYBDSLD05QZ001_05?sw=600 | https://images.mcmworldwide.com/i/mcmworldwide/MYBDSLD05QZ001_06?sw=600,https://kr.mcmworldwide.com/ko_KR/남성/패션소품/모두보기/mode-travia-비세토스-리버서블-벨트/MYBDSLD05QZ001.html,클래식
MWHFATA02I8001,Aren 비세토스 호보,1290000,Beige,WOMEN,BAG,InStock,체인 핸들과 천연 가죽 트리밍이 더해진 비세토스 모노그램 캔버스 호보 숄더 백,"초승달에서 영감을 받은 곡선형 호보백은 은은한 핑크 컬러의 시그니처 비세토스와 천연 가죽으로 제작되었습니다. 체인 핸들을 활용하거나, 함께 제공되는 가죽 숄더 스트랩으로 핸즈프리 스타일링이 가능합니다.",바디:비세토스 모노그램 캔버스 | 트림: 천연 나파 가죽,약 7 x 24 x 19 센티미터,"스트랩 길이:85 cm - 101 cm, 핸들 길이: 25 cm",대한민국,탈부착이 가능하며 길이 조절이 가능한 | 체인 핸들 | 지퍼 클로저 | 내부 슬립 포켓 | 18K 골드 도금 메탈 하드웨어 | 스웨이드 마감의 극세사 안감,S,https://images.mcmworldwide.com/i/mcmworldwide/MWHFATA02I8001_01?sw=600 | https://images.mcmworldwide.com/i/mcmworldwide/MWHFATA02I8001_02?sw=600 | https://images.mcmworldwide.com/i/mcmworldwide/MWHFATA02I8001_03?sw=600 | https://images.mcmworldwide.com/i/mcmworldwide/MWHFATA02I8001_04?sw=600 | https://images.mcmworldwide.com/i/mcmworldwide/MWHFATA02I8001_05?sw=600,https://kr.mcmworldwide.com/ko_KR/여성/핸드백/숄더백-크로스백/aren-crescent-hobo-bag-in-visetos/MWHFATA02I8001.html,페미닌
MWSGSTA01OQ001,Aren 맥시 모노그램 레더 E/W 숄더백,1550000,Orange,WOMEN,BAG,InStock,엠보싱 처리된 맥시 비세토스 모노그램과 바이에른 다이아몬드 가죽 참이 더해진 천연 풀그레인 가죽 숄더백,"하우스의 맥시멀한 모노그램이 돋보이는 조형적인 실루엣의 아렌 숄더백은 이탈리아산 천연 풀그레인 가죽으로 제작되었습니다. 뮌헨의 바이에른 다이아몬드에서 영감을 받은 로고 엠보싱 가죽 참이 더해져, 조형미와 헤리티지를 동시에 담아냅니다.",바디: 천연 풀 그레인 레더,약 9 x 29 x 12 센티미터,핸들 드롭: 27 cm,이탈리아,가죽 탑 핸들 | 엠보싱 처리된 맥시 비세토스 모노그램 모티프 | 로고가 엠보싱 처리된 탈부착 가능한 바바리안 다이아몬드 가죽 참 | 양방향 지퍼 클로저 | 내부 카드 슬롯 | 24K 골드 도금 브라스 하드웨어 | 스웨이드 마감의 극세사 안감,S,https://images.mcmworldwide.com/i/mcmworldwide/MWSGSTA01OQ001_01?sw=600 | https://images.mcmworldwide.com/i/mcmworldwide/MWSGSTA01OQ001_09?sw=600 | https://images.mcmworldwide.com/i/mcmworldwide/MWSGSTA01OQ001_02?sw=600 | https://images.mcmworldwide.com/i/mcmworldwide/MWSGSTA01OQ001_03?sw=600 | https://images.mcmworldwide.com/i/mcmworldwide/MWSGSTA01OQ001_04?sw=600 | https://images.mcmworldwide.com/i/mcmworldwide/MWSGSTA01OQ001_05?sw=600 | https://images.mcmworldwide.com/i/mcmworldwide/MWSGSTA01OQ001_06?sw=600 | https://images.mcmworldwide.com/i/mcmworldwide/MWSGSTA01OQ001_10?sw=600,https://kr.mcmworldwide.com/ko_KR/여성/핸드백/숄더백-크로스백/aren-맥시-모노그램-레더-e/w-숄더백/MWSGSTA01OQ001.html,스트릿
MWKFATA04BK001,Aren ECONYL®과 가죽 드로우스트링 백팩,1190000,Black,WOMEN,BAG,InStock,바바리안 다이아몬드 메탈 버클 하드웨어와 비세토스 모노그램 프린트 가죽 트림이 돋보이는 ECONYL® 드로우스트링 백팩,"하우스의 클래식한 드로스트링 버킷 디자인이 세련된 백팩으로 재탄생했습니다. ECONYL® 리사이클드 나일론과 비세토스 모노그램 프린트 가죽으로 완성된 이 우아한 백은, 뮌헨 바이에른 다이아몬드에서 영감을 받은 버클 하드웨어가 포인트이며 다양한 수납 공간을 자랑합니다.",바디:ECONYL® 재생 나일론 | 트림: 비세토스 모노그램 프린트가 더해진 그레인 레더,약 11 x 23 x 25 센티미터,"스트랩 길이: 76cm - 83cm, 핸들 드롭: 8.5cm",대한민국,길이 조절이 가능한 가죽 숄더 스트랩 | 가죽 탑 핸들 | 마그네틱 스냅 클로저와 가죽 끈 조임 장치 | 바바리안 다이아몬드 메탈 버클 장식 | 자석 잠금 장치가 있는 앞면 플랩 포켓 | 내부 슬립 포켓 | 실버톤 코발트 메탈 하드웨어 | 패브릭 안감,S,https://images.mcmworldwide.com/i/mcmworldwide/MWKFATA04BK001_01?sw=600 | https://images.mcmworldwide.com/i/mcmworldwide/MWKFATA04BK001_09?sw=600 | https://images.mcmworldwide.com/i/mcmworldwide/MWKFATA04BK001_02?sw=600 | https://images.mcmworldwide.com/i/mcmworldwide/MWKFATA04BK001_03?sw=600 | https://images.mcmworldwide.com/i/mcmworldwide/MWKFATA04BK001_04?sw=600 | https://images.mcmworldwide.com/i/mcmworldwide/MWKFATA04BK001_10?sw=600 | https://images.mcmworldwide.com/i/mcmworldwide/MWKFATA04BK001_11?sw=600,https://kr.mcmworldwide.com/ko_KR/여성/핸드백/백팩-벨트백/aren-econyl®과-가죽-드로우스트링-백팩/MWKFATA04BK001.html,캐주얼
MEGGSMM04BK001,오발 선글라스,290000,Black,WOMEN,ACCESSORY,OutOfStock,바이에른 다이아몬드 메탈 스터드 하드웨어와 로고 패턴 템플이 돋보이는 유니섹스 오벌 아세테이트 선글라스,바바리안 다이아몬드를 형상화한 메탈 스터드 장식이 돋보이는 세련된 타원형 선글라스입니다. 뮌헨의 아이코닉한 코드를 에나멜 소재와 템플 위의 레이저 패턴 로렐 로고로 표현했습니다.,,,,중국,렌즈-브릿지-템플 사이즈: 55-17-145 mm | 라우렐 로고 모티프와 에나멜 다이아몬드 패턴이 더해진 템플 | 렌즈 컬러: 솔리드 스모크 | 프레임 컬러: 샤이니 블랙 | 로고가 새겨진 파우치 케이스 | 아세테이트 프레임 | 바이에른 다이아몬드 메탈 스터드 하드웨어,프리 사이즈,https://images.mcmworldwide.com/i/mcmworldwide/MEGGSMM04BK001_01?sw=600 | https://images.mcmworldwide.com/i/mcmworldwide/MEGGSMM04BK001_09?sw=600 | https://images.mcmworldwide.com/i/mcmworldwide/MEGGSMM04BK001_02?sw=600 | https://images.mcmworldwide.com/i/mcmworldwide/MEGGSMM04BK001_03?sw=600 | https://images.mcmworldwide.com/i/mcmworldwide/MEGGSMM04BK001_10?sw=600,https://kr.mcmworldwide.com/ko_KR/여성/패션소품/선글라스/오발-선글라스/MEGGSMM04BK001.html,스트릿
MWKGSAK01BK001,디아망뜨 양가죽 3D 백팩,2590000,Black,WOMEN,BAG,InStock,MCM 로고 모티프와 투웨이 앵귤러 지퍼 클로저가 더해진 그레인드 양가죽 백팩,"이탈리아산 양가죽으로 완성된 미디엄 백팩으로, 마치 조각 작품을 떠올리게 하는 조형미를 지니고 있습니다. 바이에른 다이아몬드에서 영감을 받은 지퍼 클로저와 24K 골드 도금 브라스 버클이 포인트를 더합니다. 형태와 기능이 완벽하게 조화된 실루엣에, 후면에는 숨겨진 외부 포켓이 있어 소지품을 안전하게 보관할 수 있습니다.",바디: 이탈리안 고트스킨,약 15 x 28 x 32 센티미터,,이탈리아,바이에른 다이아몬드 브라스 버클이 더해진 길이 조절이 가능한 숄더 스트랩 | 가죽 탑 핸들 | MCM 로고 모티프 | 뒷면 외부 포켓 | 레더 풀러가 있는 양방향 지퍼 잠금 장치 | 다이아몬드 가죽 패치가 더해진 내부 지퍼 수납공간 | 24K 골드 도금 브라스 하드웨어 | 스웨이드 마감의 극세사 안감,M,https://images.mcmworldwide.com/i/mcmworldwide/MWKGSAK01BK001_01?sw=600 | https://images.mcmworldwide.com/i/mcmworldwide/MWKGSAK01BK001_09?sw=600 | https://images.mcmworldwide.com/i/mcmworldwide/MWKGSAK01BK001_02?sw=600 | https://images.mcmworldwide.com/i/mcmworldwide/MWKGSAK01BK001_03?sw=600 | https://images.mcmworldwide.com/i/mcmworldwide/MWKGSAK01BK001_04?sw=600 | https://images.mcmworldwide.com/i/mcmworldwide/MWKGSAK01BK001_05?sw=600 | https://images.mcmworldwide.com/i/mcmworldwide/MWKGSAK01BK001_10?sw=600 | https://images.mcmworldwide.com/i/mcmworldwide/MWKGSAK01BK001_11?sw=600,https://kr.mcmworldwide.com/ko_KR/여성/핸드백/백팩-벨트백/디아망뜨-양가죽-3d-백팩/MWKGSAK01BK001.html,스트릿
MMRGATA07BK001,Aren 노바 모노그램 ECONYL® 크로스바디,1090000,Black,MEN,BAG,InStock,브라스 로고 플레이트와 비세토스 모노그램 모티프가 더해진 ECONYL® 재생 나일론 크로스바디백,혁신적인 소재와 정교한 장인정신으로 완성된 미래지향적인 디자인의 백팩. ECONYL® 재생 나일론으로 제작된 Nova 크로스바디 백은 시그니처 로고 브라스 플레이트와 톤온톤 비세토스 모노그램을 더해 하우스의 헤리티지를 담아냈습니다.,바디:ECONYL® 재생 나일론,약 7 x 29 x 19 센티미터,스트랩 길이: 52cm - 109 cm.,대한민국,길이 조절이 가능한 스트랩 | 로고 브라스 플레이트 | 비세토스 모노그램 모티프 | 양방향 지퍼 클로저 | Interior zip pocket | 나일론 트림 | Dark silver-tone cobalt metal hardware | 패브릭 안감,S,https://images.mcmworldwide.com/i/mcmworldwide/MMRGATA07BK001_01?sw=600 | https://images.mcmworldwide.com/i/mcmworldwide/MMRGATA07BK001_09?sw=600 | https://images.mcmworldwide.com/i/mcmworldwide/MMRGATA07BK001_02?sw=600 | https://images.mcmworldwide.com/i/mcmworldwide/MMRGATA07BK001_03?sw=600 | https://images.mcmworldwide.com/i/mcmworldwide/MMRGATA07BK001_04?sw=600 | https://images.mcmworldwide.com/i/mcmworldwide/MMRGATA07BK001_05?sw=600 | https://images.mcmworldwide.com/i/mcmworldwide/MMRGATA07BK001_10?sw=600,https://kr.mcmworldwide.com/ko_KR/남성/가방/크로스백/aren-노바-모노그램-econyl®-크로스바디/MMRGATA07BK001.html,캐주얼
MMLGATA05K8001,Aren 비세토스 슬링백,1150000,Beige,MEN,BAG,InStock,나파 가죽 트림이 더해진 비세토스 모노그램 캔버스 슬링백,"클래식한 백팩을 대체하는 새로운 형태. 시그니처 비세토스와 나파 가죽으로 완성된 미니 사이즈 Aren 슬링 백은, 싱글 스트랩 디테일과 기하학적 구조로 자유로운 움직임을 가능하게 합니다. 내부와 외부 수납공간을 조화롭게 구성해 실용성이 돋보입니다.",바디:비세토스 모노그램 캔버스 | 트림: 나파 가죽,약 7 x 23 x 31 센티미터,스트랩 길이: 93 cm - 121 cm,대한민국,길이 조절이 가능한 스트랩 | 앞면 및 뒷면 지퍼 수납공간 | 각진 지퍼 클로저 | 바바리안 다이아몬드 가죽 패치가 더해진 내부 포켓 | 실버톤 코발트 브라스 하드웨어 | 스웨이드 마감의 극세사 안감,미니,https://images.mcmworldwide.com/i/mcmworldwide/MMLGATA05K8001_01?sw=600 | https://images.mcmworldwide.com/i/mcmworldwide/MMLGATA05K8001_09?sw=600 | https://images.mcmworldwide.com/i/mcmworldwide/MMLGATA05K8001_02?sw=600 | https://images.mcmworldwide.com/i/mcmworldwide/MMLGATA05K8001_03?sw=600 | https://images.mcmworldwide.com/i/mcmworldwide/MMLGATA05K8001_04?sw=600 | https://images.mcmworldwide.com/i/mcmworldwide/MMLGATA05K8001_05?sw=600 | https://images.mcmworldwide.com/i/mcmworldwide/MMLGATA05K8001_10?sw=600,https://kr.mcmworldwide.com/ko_KR/남성/가방/백팩/aren-비세토스-슬링백/MMLGATA05K8001.html,스트릿
MMRFATA01CO001,Aren 비세토스 스탠딩 크로스바디 파우치,1050000,Cognac,MEN,BAG,InStock,"가죽 카드 포켓, 천연 가죽 트림, 탈부착 가능한 가죽 크로스바디 스트랩이 있는 비세토스 모노그램 캔버스 스탠딩 지퍼 파우치","이 작은 Aren 크로스바디 파우치는 가죽을 사용한 외부 카드 포켓과 세워지는 디자인이 특징입니다. 시그니처 비세토스 모노그램이 새겨진 이 클래식한 코냑 파우치는 다양한 소품과 테크 기기, 액세서리 수납에 최적화 되어 있으며 뛰어난 실용성을 자랑합니다.",바디:비세토스 모노그램 캔버스 | 트림:천연 가죽,약 4 x 23 x 15 센티미터,스트랩 길이:75 cm - 132 cm,대한민국,탈부착이 가능하며 길이 조절이 가능한 헤링본 웨빙 스트랩 | 신분증과 카드를 수납할 수 있는 앞면 플랩 포켓 | 지퍼 클로저 | 내부 슬립 포켓 | 24K 골드 도금 브라스 하드웨어 | 스웨이드 마감의 극세사 안감,S,https://images.mcmworldwide.com/i/mcmworldwide/MMRFATA01CO001_01?sw=600 | https://images.mcmworldwide.com/i/mcmworldwide/MMRFATA01CO001_09?sw=600 | https://images.mcmworldwide.com/i/mcmworldwide/MMRFATA01CO001_02?sw=600 | https://images.mcmworldwide.com/i/mcmworldwide/MMRFATA01CO001_03?sw=600 | https://images.mcmworldwide.com/i/mcmworldwide/MMRFATA01CO001_04?sw=600 | https://images.mcmworldwide.com/i/mcmworldwide/MMRFATA01CO001_10?sw=600 | https://images.mcmworldwide.com/i/mcmworldwide/MMRFATA01CO001_11?sw=600,https://kr.mcmworldwide.com/ko_KR/남성/가방/크로스백/aren-비세토스-스탠딩-크로스바디-파우치/MMRFATA01CO001.html,미니멀
MMLFSTA01CO001,Aren 비세토스 슬링,1290000,Cognac,MEN,BAG,InStock,천연 나파 가죽 트림이 돋보이는 비세토스 모노그램 캔버스 소재의 슬링 백,전통적인 백팩에 대한 해방감 있는 대안. 패딩 어깨 스트랩이 있어 편안하고 손쉽게 활동할 수 있는 Aren 슬링백입니다. 내부 및 외부 지퍼 수납공간에 귀중품을 안전하게 보관할 수 있습니다.,바디: 비세토스 모노그램 캔버스 | 트림: 천연 나파 가죽,약 11 x 31 x 44 센티미터,"스트랩 길이: 83cm~101.5cm, 핸들 길이: 3.5cm",대한민국,조절 가능한 어깨 스트랩 | 옆면 손잡이 | 앞면과 뒷면의 지퍼 포켓 | 사선 지퍼 클로저 | 내부 지퍼 수납공간 | 다크 톤 코발트 메탈 하드웨어. | 인조 나파 안감,미니 | M,https://images.mcmworldwide.com/i/mcmworldwide/MMLFSTA01CO001_01?sw=600 | https://images.mcmworldwide.com/i/mcmworldwide/MMLFSTA01CO001_09?sw=600 | https://images.mcmworldwide.com/i/mcmworldwide/MMLFSTA01CO001_02?sw=600 | https://images.mcmworldwide.com/i/mcmworldwide/MMLFSTA01CO001_03?sw=600 | https://images.mcmworldwide.com/i/mcmworldwide/MMLFSTA01CO001_04?sw=600 | https://images.mcmworldwide.com/i/mcmworldwide/MMLFSTA01CO001_10?sw=600,https://kr.mcmworldwide.com/ko_KR/남성/가방/백팩/aren-비세토스-슬링/MMLFSTA01CO001.html,스트릿
MMMFSTA06K8001,Aren 비세토스 메신저,1350000,Green,MEN,BAG,InStock,천연 가죽 트림이 더해진 비세토스 모노그램 캔버스 메신저백,"뮌헨 하우스의 시대를 초월한 디자인 철학과 이동성에 대한 가치를 담아낸 미디엄 사이즈 Aren 메신저 백은 일상부터 업무까지 폭넓게 활용할 수 있습니다. 시그니처 비세토스 캔버스와 천연 가죽으로 제작되었으며, 장인정신이 돋보이는 세련된 아이템입니다.",바디:비세토스 모노그램 캔버스 | 트림: 천연 나파 가죽,약 10 x 32 x 25 센티미터,스트랩 길이: 79cm - 146cm,대한민국,길이 조절이 가능한 패브릭 웨빙 스트랩 | 뒷변 외부 지퍼 포켓 | 마그네틱 스냅 클로저 | 내부 지퍼 수납공간 | 실버톤 코발트 메탈 하드웨어 | 스웨이드 마감의 극세사 안감,M,https://images.mcmworldwide.com/i/mcmworldwide/MMMFSTA06K8001_01?sw=600 | https://images.mcmworldwide.com/i/mcmworldwide/MMMFSTA06K8001_09?sw=600 | https://images.mcmworldwide.com/i/mcmworldwide/MMMFSTA06K8001_02?sw=600 | https://images.mcmworldwide.com/i/mcmworldwide/MMMFSTA06K8001_03?sw=600 | https://images.mcmworldwide.com/i/mcmworldwide/MMMFSTA06K8001_04?sw=600,https://kr.mcmworldwide.com/ko_KR/남성/가방/크로스백/aren-비세토스-메신저/MMMFSTA06K8001.html,캐주얼
MMRGATA04CO001,Aren 비세토스 크로스바디,1350000,Cognac,MEN,BAG,InStock,나파 가죽 트림이 더해진 비세토스 모노그램 캔버스 크로스바디 백,"MCM의 대표적인 스타일을 확장해 선보이는 Aren 미디엄 크로스바디 백. 글로벌 노마드를 위한 이상적인 동반자로, 비세토스 캔버스와 나파 가죽으로 제작되었습니다. 간결한 디자인 속에 각종 디바이스와 문서를 안전하면서도 세련되게 수납할 수 있습니다.",바디:비세토스 모노그램 캔버스 | 트림: 나파 가죽,약 7 x 27 x 21 센티미터,스트랩 길이: 85 cm - 151.5 cm,대한민국,탈부착이 가능하며 길이 조절이 가능한 위빙 스트랩 | 뒷면의 외부 포켓 | 로고 브라스 플레이트 | 앞면 지퍼 포켓 | 양방향 지퍼 클로저 | 내부 슬립 포켓 | 24K 골드 도금 브라스 하드웨어 | 코튼 트윌 안감,S,https://images.mcmworldwide.com/i/mcmworldwide/MMRGATA04CO001_01?sw=600 | https://images.mcmworldwide.com/i/mcmworldwide/MMRGATA04CO001_09?sw=600 | https://images.mcmworldwide.com/i/mcmworldwide/MMRGATA04CO001_02?sw=600 | https://images.mcmworldwide.com/i/mcmworldwide/MMRGATA04CO001_03?sw=600 | https://images.mcmworldwide.com/i/mcmworldwide/MMRGATA04CO001_04?sw=600 | https://images.mcmworldwide.com/i/mcmworldwide/MMRGATA04CO001_05?sw=600 | https://images.mcmworldwide.com/i/mcmworldwide/MMRGATA04CO001_10?sw=600,https://kr.mcmworldwide.com/ko_KR/남성/가방/크로스백/aren-비세토스-크로스바디/MMRGATA04CO001.html,클래식
MWHESTA01BK001,Aren 비세토스 호보,1290000,Black,WOMEN,BAG,InStock,조절 가능한 가죽 스트랩과 가죽 행택 및 금속 자물쇠가 돋보이는 비세토스 호보백,여유로운 클래식 실루엣을 모던하게 재해석하여 부드러움과 구조의 이상적인 균형이 돋보입니다. 탈부착 가능한 가죽 행택과 로고 인그레이빙 금속 자물쇠 등 헤리티지 MCM 캐리어에서 가져온 요소가 돋보이는 스몰 Aren 호보백입니다.,바디: 비세토스 모노그램 캔버스 | 트림: 나파 가죽,약 10 x 26 x 19 센티미터,스트랩 길이: 125cm ~ 133cm,대한민국,조절 가능한 가죽 어깨 스트랩 | 탈부착 가능한 가죽 행택과 로고 인그레이빙 금속 자물쇠 | 지퍼 클로저 | 내부 슬립 포켓 | 내부의 로고 엠보스드 다이아몬드 가죽 패치 | 24K 도금 브라스 금속 장식 | 스웨이드 마감 마이크로파이버 안감,S | L,https://images.mcmworldwide.com/i/mcmworldwide/MWHESTA01BK001_01?sw=600 | https://images.mcmworldwide.com/i/mcmworldwide/MWHESTA01BK001_09?sw=600 | https://images.mcmworldwide.com/i/mcmworldwide/MWHESTA01BK001_02?sw=600 | https://images.mcmworldwide.com/i/mcmworldwide/MWHESTA01BK001_03?sw=600 | https://images.mcmworldwide.com/i/mcmworldwide/MWHESTA01BK001_04?sw=600 | https://images.mcmworldwide.com/i/mcmworldwide/MWHESTA01BK001_10?sw=600 | https://images.mcmworldwide.com/i/mcmworldwide/MWHESTA01BK001_11?sw=600,https://kr.mcmworldwide.com/ko_KR/여성/핸드백/숄더백-크로스백/aren-비세토스-호보/MWHESTA01BK001.html,캐주얼
MWKFATA01CO001,Aren 비세토스 드로우스트링 백팩,1650000,Cognac,WOMEN,BAG,InStock,버클 하드웨어 장식과 천연 가죽 트림이 더해진 비세토스 모노그램 캔버스 드로스트링 백팩,"하우스의 클래식한 드로우스트링 버킷 디자인이 클래식 코냑 컬러의 세련된 백팩으로 재탄생했습니다. 비세토스 캔버스와 천연 가죽으로 제작되었으며, 여러 개의 수납공간과 바이에른 다이아몬드에서 영감을 받은 버클 하드웨어가 특징입니다.",바디:비세토스 모노그램 캔버스 | 트림:천연 가죽,약 13 x 29 x 32 센티미터,"스트랩 길이:76 cm - 83 cm, 핸들 길이: 8.5 cm",대한민국,길이 조절이 가능한 숄더 스트랩 | 가죽 탑 핸들 | 마그네틱 스냅 클로저와 가죽 끈 조임 장치 | 버클 장식 | 자석 잠금 장치가 있는 앞면 플랩 포켓 | 내부 슬립 포켓 | 24K 골드 도금 브라스 하드웨어 | 스웨이드 마감의 극세사 안감,S,https://images.mcmworldwide.com/i/mcmworldwide/MWKFATA01CO001_01?sw=600 | https://images.mcmworldwide.com/i/mcmworldwide/MWKFATA01CO001_09?sw=600 | https://images.mcmworldwide.com/i/mcmworldwide/MWKFATA01CO001_02?sw=600 | https://images.mcmworldwide.com/i/mcmworldwide/MWKFATA01CO001_03?sw=600 | https://images.mcmworldwide.com/i/mcmworldwide/MWKFATA01CO001_04?sw=600 | https://images.mcmworldwide.com/i/mcmworldwide/MWKFATA01CO001_10?sw=600,https://kr.mcmworldwide.com/ko_KR/여성/핸드백/백팩-벨트백/aren-비세토스-드로우스트링-백팩/MWKFATA01CO001.html,캐주얼
MWTFATA01CO001,Aren 비세토스 스쿨 토트,1150000,Cognac,WOMEN,BAG,InStock,천연 가죽 트림이 더해진 비세토스 모노그램 캔버스 토트백,"학생부터 직장인까지, 언제 어디서나 세련된 스타일을 완성해 줄 스몰 토트백입니다. 시그니처 비세토스 모노그램으로 시대를 초월한 아름다움을 담았으며, 24K 도금 로고 브라스 플레이트 장식이 고급스러움을 더합니다. 문서와 전자기기, 다양한 데일리 아이템을 수납할 수 있는 실용적인 내부 공간도 갖추고 있습니다.",바디:비세토스 모노그램 캔버스 | 트림:천연 가죽,약 13 x 31 x 22 센티미터,,대한민국,탑핸들 | 외부 포켓 | 로고 브라스 플레이트 | 내부 포켓 | 24K 골드 도금 브라스 하드웨어 | 코튼 안감 | 핸들 길이 25.5cm,S | L,https://images.mcmworldwide.com/i/mcmworldwide/MWTFATA01CO001_01?sw=600 | https://images.mcmworldwide.com/i/mcmworldwide/MWTFATA01CO001_09?sw=600 | https://images.mcmworldwide.com/i/mcmworldwide/MWTFATA01CO001_02?sw=600 | https://images.mcmworldwide.com/i/mcmworldwide/MWTFATA01CO001_03?sw=600 | https://images.mcmworldwide.com/i/mcmworldwide/MWTFATA01CO001_04?sw=600 | https://images.mcmworldwide.com/i/mcmworldwide/MWTFATA01CO001_05?sw=600 | https://images.mcmworldwide.com/i/mcmworldwide/MWTFATA01CO001_10?sw=600,https://kr.mcmworldwide.com/ko_KR/여성/핸드백/쇼퍼-토트백/aren-비세토스-스쿨-토트/MWTFATA01CO001.html,캐주얼
MWTGSTA03PZ001,Aren 비세토스 스쿨 토트,1150000,Pink,WOMEN,BAG,InStock,천연 가죽 트림이 더해진 비세토스 모노그램 캔버스 토트,"아카데믹 부터 비즈니스까지 모든 여정을 함께할 수 있도록 디자인된 스몰 아렌 스쿨 백은 시그니처 비세토스 모노그램의 클래식한 미학으로 완성되었습니다. 16K 골드 도금 로고 브라스 플레이트로 품격을 더하며, 문서와 전자기기, 데일리 아이템을 수납할 수 있는 여유로운 내부 공간을 갖추고 있습니다.",바디:비세토스 모노그램 캔버스 | 트림:천연 가죽,약 13 x 31 x 22 센티미터,,대한민국,탑핸들 | 외부 포켓 | 로고 브라스 플레이트 | 지퍼 클로저 | 내부 포켓 | 16K 골드 도금 메탈 하드웨어 | 패브릭 안감 | 핸들 길이 25.5cm,S | L,https://images.mcmworldwide.com/i/mcmworldwide/MWTGSTA03PZ001_01?sw=600 | https://images.mcmworldwide.com/i/mcmworldwide/MWTGSTA03PZ001_09?sw=600 | https://images.mcmworldwide.com/i/mcmworldwide/MWTGSTA03PZ001_02?sw=600 | https://images.mcmworldwide.com/i/mcmworldwide/MWTGSTA03PZ001_03?sw=600 | https://images.mcmworldwide.com/i/mcmworldwide/MWTGSTA03PZ001_04?sw=600 | https://images.mcmworldwide.com/i/mcmworldwide/MWTGSTA03PZ001_05?sw=600 | https://images.mcmworldwide.com/i/mcmworldwide/MWTGSTA03PZ001_10?sw=600,https://kr.mcmworldwide.com/ko_KR/여성/핸드백/쇼퍼-토트백/aren-비세토스-스쿨-토트/MWTGSTA03PZ001.html,캐주얼
MWRGSTA01QA001,Aren 맥시 모노그램 레더 베니티 케이스,1250000,Pink,WOMEN,BAG,InStock,엠보싱 맥시 비세토스 모노그램과 바이에른 다이아몬드 레더 참이 더해진 그레인 레더 베니티 케이스,뮌헨 하우스의 클래식 코드를 담아 이탈리아산 풀그레인 레더로 제작된 미니 베니티 케이스. 시그니처 비세토스 모노그램의 엠보싱 디테일과 바이에른 다이아몬드에서 영감을 받은 레더 참이 더해져 고급스러움을 한층 강조합니다.,바디:풀그레인 가죽,약 6 x 19 x 12 센티미터,"스트랩 길이: 103 cm - 135 cm, 핸들 드롭: 4 cm",이탈리아,탈부착이 가능하며 길이 조절이 가능한 가죽 스트랩 | 가죽 탑 핸들 | 엠보싱 처리된 맥시 비세토스 모노그램 모티프 | 로고가 엠보싱 처리된 탈부착 가능한 바바리안 다이아몬드 가죽 참 | 양방향 지퍼 클로저 | 내부 카드 슬롯 | 16K 골드 도금 메탈 하드웨어 | 스웨이드 마감의 극세사 안감,미니,https://images.mcmworldwide.com/i/mcmworldwide/MWRGSTA01QA001_01?sw=600 | https://images.mcmworldwide.com/i/mcmworldwide/MWRGSTA01QA001_09?sw=600 | https://images.mcmworldwide.com/i/mcmworldwide/MWRGSTA01QA001_02?sw=600 | https://images.mcmworldwide.com/i/mcmworldwide/MWRGSTA01QA001_03?sw=600 | https://images.mcmworldwide.com/i/mcmworldwide/MWRGSTA01QA001_04?sw=600 | https://images.mcmworldwide.com/i/mcmworldwide/MWRGSTA01QA001_05?sw=600 | https://images.mcmworldwide.com/i/mcmworldwide/MWRGSTA01QA001_10?sw=600,https://kr.mcmworldwide.com/ko_KR/여성/핸드백/숄더백-크로스백/aren-맥시-모노그램-레더-베니티-케이스/MWRGSTA01QA001.html,페미닌
MYZGATA01CO001,Aren 비세토스 크로스바디 파우치,690000,Cognac,WOMEN,BAG,InStock,가죽 크로스바디 스트랩과 나파 가죽 트림이 더해진 비세토스 모노그램 캔버스 지퍼 파우치,"클래식한 MCM의 디자인을 컴팩트하게 재해석한 Aren 미니 크로스바디 파우치. 작은 크기의 디바이스와 데일리 소지품 수납이 용이하며, 클러치로 또는 가죽 스트랩을 활용하여 핸즈프리 스타일로 연출할 수 있습니다.",바디:비세토스 모노그램 캔버스 | 트림: 나파 가죽,약 2 x 26 x 15 센티미터,"스트랩 길이: 111.5 cm - 135.5 cm, 스트랩 드롭: 60 cm",대한민국,탈착이 가능하며 길이 조절이 가능한 레더 스트랩 | 뒷면 외부 슬립 포켓 | 지퍼 클로저 | 내부 카드 슬롯 | 24K 골드 도금 브라스 하드웨어 | 코튼 트윌 안감,미니,https://images.mcmworldwide.com/i/mcmworldwide/MYZGATA01CO001_01?sw=600 | https://images.mcmworldwide.com/i/mcmworldwide/MYZGATA01CO001_09?sw=600 | https://images.mcmworldwide.com/i/mcmworldwide/MYZGATA01CO001_02?sw=600 | https://images.mcmworldwide.com/i/mcmworldwide/MYZGATA01CO001_03?sw=600 | https://images.mcmworldwide.com/i/mcmworldwide/MYZGATA01CO001_04?sw=600 | https://images.mcmworldwide.com/i/mcmworldwide/MYZGATA01CO001_05?sw=600 | https://images.mcmworldwide.com/i/mcmworldwide/MYZGATA01CO001_10?sw=600 | https://images.mcmworldwide.com/i/mcmworldwide/MYZGATA01CO001_11?sw=600,https://kr.mcmworldwide.com/ko_KR/여성/핸드백/클러치-파우치/aren-비세토스-크로스바디-파우치/MYZGATA01CO001.html,미니멀
MMTFATA01BK001,Aren 비세토스 N/S 토트,1390000,Black,MEN,BAG,InStock,가죽 행택과 천연 가죽 트림이 더해진 비세토스 모노그램 캔버스 N/S 토트,"블랙 비세토스 캔버스로 완성된 라지 사이즈의 Aren N/S 토트백. 실용적인 디자인과 장인 정신이 조화를 이루며 뛰어난 완성도를 자랑합니다. 내부에는 지퍼 포켓, 두 개의 오픈 포켓, 노트북 및 태블릿 전용 슬리브로 구성되어 높은 수납력을 제공합니다. 뮌헨 하우스의 여행 헤리티지를 상징하는 탈착형 가죽 행택 디테일이 감각적인 포인트를 더합니다.",바디:비세토스 모노그램 캔버스 | 트림:천연 가죽,약 10 x 36 x 38 센티미터,"스트랩 길이:76 cm - 132 cm, 핸들 길이: 11 cm",대한민국,탈착이 가능하며 길이 조절이 가능한 패브칙 웨빙 스트랩 | 가죽 탑 핸들 | 탈착 가능한 가죽 행 테그 | 지퍼 클로저 | 2개의 내부 슬립 포켓과 1개의 지퍼 포켓 | 16인치 노트북과 태블릿 수납을 위한 내부 포켓 | 다크 실버톤 코발트 메탈 하드웨어 | 코튼 트윌 안감,미니 | L,https://images.mcmworldwide.com/i/mcmworldwide/MMTFATA01BK001_01?sw=600 | https://images.mcmworldwide.com/i/mcmworldwide/MMTFATA01BK001_09?sw=600 | https://images.mcmworldwide.com/i/mcmworldwide/MMTFATA01BK001_02?sw=600 | https://images.mcmworldwide.com/i/mcmworldwide/MMTFATA01BK001_03?sw=600 | https://images.mcmworldwide.com/i/mcmworldwide/MMTFATA01BK001_04?sw=600 | https://images.mcmworldwide.com/i/mcmworldwide/MMTFATA01BK001_10?sw=600 | https://images.mcmworldwide.com/i/mcmworldwide/MMTFATA01BK001_11?sw=600,https://kr.mcmworldwide.com/ko_KR/남성/가방/토트백/aren-비세토스-n/s-토트/MMTFATA01BK001.html,캐주얼
MWSEAAK04WT001,Diamant 3D 비세토스 레더믹스 숄더백,1490000,White,WOMEN,BAG,InStock,스페인산 송아지 가죽 트림이 더해진 비세토스 모노그램 캔버스 숄더백,"바바리안 다이아몬드를 입체적으로 재해석한 이 숄더백은 뮌헨 코드의 예리한 각도에서 영감을 받은 이중 지퍼 클로저로 마감되었습니다. 이탈리아산 송아지가죽을 사용하였으며, 기하학적인 디자인이 조각적인 매력을 더욱 돋보이게 합니다.",바디:비세토스 모노그램 캔버스 | 트림: 스페인산 송아지 가죽,약 10 x 24 x 16 센티미터,스트랩 길이: 55cm,대한민국,길이 조절이 가능한 가죽 숄더 스트랩 | 외부포켓과 뒷면 지퍼 포켓 | MCM 로고 모티프 | 양방향 사선 지퍼 클로저 | Interior zip compartment | 24K 골드 도금 브라스 하드웨어 | 스웨이드마감의 극세사 안감,S | M,https://images.mcmworldwide.com/i/mcmworldwide/MWSEAAK04WT001_01?sw=600 | https://images.mcmworldwide.com/i/mcmworldwide/MWSEAAK04WT001_09?sw=600 | https://images.mcmworldwide.com/i/mcmworldwide/MWSEAAK04WT001_02?sw=600 | https://images.mcmworldwide.com/i/mcmworldwide/MWSEAAK04WT001_03?sw=600 | https://images.mcmworldwide.com/i/mcmworldwide/MWSEAAK04WT001_04?sw=600 | https://images.mcmworldwide.com/i/mcmworldwide/MWSEAAK04WT001_05?sw=600 | https://images.mcmworldwide.com/i/mcmworldwide/MWSEAAK04WT001_06?sw=600 | https://images.mcmworldwide.com/i/mcmworldwide/MWSEAAK04WT001_10?sw=600,https://kr.mcmworldwide.com/ko_KR/여성/핸드백/숄더백-크로스백/diamant-3d-비세토스-레더믹스-숄더백/MWSEAAK04WT001.html,스트릿
MMRGSAK01BK001,Diamant 비세토스 레더 믹스 3D 크로스바디,1390000,Black,MEN,BAG,InStock,천연 가죽 트림이 더해진 비세토스 모노그램 캔버스 크로스바디 백,"뮌헨의 바이에른 다이아몬드에서 영감을 받은 Diamant 3D 크로스바디 백은 독일 본고장의 전통적 상징에서 영감을 받은 조형적인 디자인이 특징입니다. 나파 가죽으로 마감된 부드러운 실루엣과, 기하학적 패턴의 정교한 라인에서 영감을 받은 양방향 지퍼 클로저가 특징입니다.",바디:비세토스 모노그램 캔버스 | 트림:천연 가죽,약 13 x 37 x 24 센티미터,스트랩 길이:76 cm - 123 cm,대한민국,탈부착이 가능하며 길이 조절이 가능한 크로스바디 스트랩 | 뒷변 외부 지퍼 포켓 | 앞면의 MCM 로고 | 양방향 지퍼 클로저 | 내부 지퍼 수납공간 | 실버톤 코발트 브라스 하드웨어 | 스웨이드 마감의 극세사 안감,S | M,https://images.mcmworldwide.com/i/mcmworldwide/MMRGSAK01BK001_01?sw=600 | https://images.mcmworldwide.com/i/mcmworldwide/MMRGSAK01BK001_09?sw=600 | https://images.mcmworldwide.com/i/mcmworldwide/MMRGSAK01BK001_02?sw=600 | https://images.mcmworldwide.com/i/mcmworldwide/MMRGSAK01BK001_03?sw=600 | https://images.mcmworldwide.com/i/mcmworldwide/MMRGSAK01BK001_04?sw=600 | https://images.mcmworldwide.com/i/mcmworldwide/MMRGSAK01BK001_05?sw=600 | https://images.mcmworldwide.com/i/mcmworldwide/MMRGSAK01BK001_10?sw=600 | https://images.mcmworldwide.com/i/mcmworldwide/MMRGSAK01BK001_11?sw=600 | https://images.mcmworldwide.com/i/mcmworldwide/MMRGSAK01BK001_12?sw=600,https://kr.mcmworldwide.com/ko_KR/남성/가방/크로스백/diamant-비세토스-레더-믹스-3d-크로스바디/MMRGSAK01BK001.html,스트릿
MWSGAAK02MT001,Diamant 3D 다이아몬드 자카드 숄더백,2050000,Multi,WOMEN,BAG,InStock,사선 지퍼 클로저와 카프스킨 트림이 조화를 이루는 다이아몬드 모노그램 자카드 숄더 백,바이에른 다이아몬드에서 영감을 받아 완성된 이번 시즌의 Diamant(디아망트) 숄더백은 뮌헨의 상징적인 문양에서 착안한 멀티컬러 자카드 직조 모노그램과 독특한 입체적 디자인이 돋보입니다. 생동감 넘치는 모티프와 카프스킨 가죽의 조화가 선명한 대비를 이루며 강렬한 존재감을 선사합니다.,바디: 다이아몬드 모노그램 자카드 | 트림: 100% 카프스킨,약 14 x 34 x 23 센티미터,,대한민국,길이 조절이 가능한 가죽 스트랩 | 뒷면 외부 포켓 및 지퍼 수납공간 | MCM 로고 모티프 | 양방향 지퍼 클로저 | 내부 지퍼 수납공간 | 24K 골드 도금 브라스 하드웨어 | 스웨이드 마감의 극세사 안감 | 스트랩 드롭: 50 cm,M,https://images.mcmworldwide.com/i/mcmworldwide/MWSGAAK02MT001_01?sw=600 | https://images.mcmworldwide.com/i/mcmworldwide/MWSGAAK02MT001_09?sw=600 | https://images.mcmworldwide.com/i/mcmworldwide/MWSGAAK02MT001_02?sw=600 | https://images.mcmworldwide.com/i/mcmworldwide/MWSGAAK02MT001_03?sw=600 | https://images.mcmworldwide.com/i/mcmworldwide/MWSGAAK02MT001_04?sw=600 | https://images.mcmworldwide.com/i/mcmworldwide/MWSGAAK02MT001_05?sw=600 | https://images.mcmworldwide.com/i/mcmworldwide/MWSGAAK02MT001_06?sw=600 | https://images.mcmworldwide.com/i/mcmworldwide/MWSGAAK02MT001_10?sw=600,https://kr.mcmworldwide.com/ko_KR/여성/핸드백/숄더백-크로스백/diamant-3d-다이아몬드-자카드-숄더백/MWSGAAK02MT001.html,스트릿
MWRGAAK01BK001,Diamond 비세토스 레더 믹스 숄더백,930000,Black,WOMEN,BAG,InStock,카프스킨 레더 트림과 바이에른 다이아몬드 모티프 프론트 플랩이 돋보이는 비세토스 모노그램 캔버스 숄더백,MCM의 독일 기원을 상징하는 바이에른 다이아몬드 모티프가 돋보이는 미니 블랙 비세토스 숄더백. “형태는 기능을 따른다”는 바우하우스 철학을 반영해 카프스킨 프론트 플랩의 구조적인 실루엣을 완성했습니다.,바디:비세토스 모노그램 캔버스 | 트림: 카프스킨 레더,약 5 x 20 x 13 센티미터,스트랩 길이: 60cm,대한민국,탈부착 가능한 가죽 체인 스트랩 | 뒷면 외부 슬립 포켓 | 라우렐 로고 모티프의 바이에른 다이아몬드 프론트 플랩 | 마그네틱 스냅 클로저 | 내부 지퍼 포켓과 카드 슬롯 | 실버톤 코발트 브라스 하드웨어 | 패브릭 안감,미니,https://images.mcmworldwide.com/i/mcmworldwide/MWRGAAK01BK001_01?sw=600 | https://images.mcmworldwide.com/i/mcmworldwide/MWRGAAK01BK001_09?sw=600 | https://images.mcmworldwide.com/i/mcmworldwide/MWRGAAK01BK001_02?sw=600 | https://images.mcmworldwide.com/i/mcmworldwide/MWRGAAK01BK001_03?sw=600 | https://images.mcmworldwide.com/i/mcmworldwide/MWRGAAK01BK001_04?sw=600 | https://images.mcmworldwide.com/i/mcmworldwide/MWRGAAK01BK001_05?sw=600 | https://images.mcmworldwide.com/i/mcmworldwide/MWRGAAK01BK001_10?sw=600 | https://images.mcmworldwide.com/i/mcmworldwide/MWRGAAK01BK001_11?sw=600,https://kr.mcmworldwide.com/ko_KR/여성/핸드백/숄더백-크로스백/diamond--비세토스-레더-믹스-숄더백/MWRGAAK01BK001.html,페미닌
MWDGADU01CO001,Dessau 비세토스 드로우스트링 백,1250000,Cognac,WOMEN,BAG,InStock,"나파 가죽 트림과 레더 스트랩, 체인 핸들이 더해진 비세토스 모노그램 캔버스 드로스트링 백","바우하우스 디자인의 역사적 중심지에서 이름을 따온 데사우 드로스트링 백은 시대를 초월하는 디자인으로 형태와 기능을 완벽하게 조화시킨 실루엣을 통해 독일의 유명한 예술 운동을 기립니다. 클래식한 코냑 컬러의 비세토스 캔버스로 제작된 이 미니 버킷 백은 부드러운 나파 가죽 디테일로 마감되었으며, 가죽 스트랩과 골드 톤 체인 핸들 두 가지 방식으로 연출할 수 있습니다.",바디:비세토스 모노그램 캔버스 | 트림: 나파 가죽,약 11 x 22 x 18 센티미터,"스트랩 길이: 96 cm - 120 cm, 핸들 드롭: 19 cm",대한민국,탈부착이 가능하며 길이 조절이 가능한 가죽 스트랩 | 체인 핸들 | 가죽 드로스트링 잠금장치 | 로고 브라스 플레이트 | 24K 골드 도금 브라스 하드웨어 | 스웨이드 마감의 극세사 안감,미니,https://images.mcmworldwide.com/i/mcmworldwide/MWDGADU01CO001_01?sw=600 | https://images.mcmworldwide.com/i/mcmworldwide/MWDGADU01CO001_09?sw=600 | https://images.mcmworldwide.com/i/mcmworldwide/MWDGADU01CO001_02?sw=600 | https://images.mcmworldwide.com/i/mcmworldwide/MWDGADU01CO001_03?sw=600 | https://images.mcmworldwide.com/i/mcmworldwide/MWDGADU01CO001_04?sw=600 | https://images.mcmworldwide.com/i/mcmworldwide/MWDGADU01CO001_05?sw=600 | https://images.mcmworldwide.com/i/mcmworldwide/MWDGADU01CO001_10?sw=600,https://kr.mcmworldwide.com/ko_KR/여성/핸드백/숄더백-크로스백/dessau-비세토스-드로우스트링-백/MWDGADU01CO001.html,페미닌
MWSGADC03BK001,Dia 퀼팅 카프스킨 숄더백,2490000,Black,WOMEN,BAG,OutOfStock,다이아몬드 퀼팅과 24K 골드 도금 브라스 하드웨어를 더한 카프스킨 숄더백,"하우스의 뛰어난 가죽 장인 기술을 담은 스몰 사이즈 Dia 카프스킨 숄더백은 바바리안 다이아몬드에서 영감을 받은 기하학적 모티프의 퀼팅 디테일이 돋보입니다. 맞춤 제작된 24K 골드 도금 브라스 락이 세련된 실루엣을 완성하며, 체인 스트랩을 더해 우아한 핸즈프리 스타일링을 선사합니다.",바디: 카프 스킨 레더,약 17 x 27 x 17 센티미터,,이탈리아,체인 스트랩 | 퀼팅 다이아몬드 모티프 | 다이아몬들 락 잠금장치 | 내부 지퍼 수납공간과 가죽 패치 | 24K 골드 도금 브라스 하드웨어 | 스웨이드 마감의 극세사 안감 | 스트랩 드롭: 28 cm,S | L,https://images.mcmworldwide.com/i/mcmworldwide/MWSGADC03BK001_01?sw=600 | https://images.mcmworldwide.com/i/mcmworldwide/MWSGADC03BK001_09?sw=600 | https://images.mcmworldwide.com/i/mcmworldwide/MWSGADC03BK001_02?sw=600 | https://images.mcmworldwide.com/i/mcmworldwide/MWSGADC03BK001_03?sw=600 | https://images.mcmworldwide.com/i/mcmworldwide/MWSGADC03BK001_04?sw=600 | https://images.mcmworldwide.com/i/mcmworldwide/MWSGADC03BK001_05?sw=600 | https://images.mcmworldwide.com/i/mcmworldwide/MWSGADC03BK001_06?sw=600 | https://images.mcmworldwide.com/i/mcmworldwide/MWSGADC03BK001_10?sw=600,https://kr.mcmworldwide.com/ko_KR/여성/핸드백/숄더백-크로스백/dia-퀼팅-카프스킨-숄더백/MWSGADC03BK001.html,럭셔리
MWCGAAK01CO001,Diamond 비세토스 레더 믹스 클러치,1050000,Cognac,WOMEN,BAG,InStock,체인 스트랩과 카프스킨 레더 트림이 더해진 비세토스 모노그램 캔버스 클러치,"뮌헨을 상징하는 바이에른 다이아몬드에서 영감을 받은 스몰 클러치 백. 비세토스 캔버스로 완성된 기하학적 실루엣과 카프스킨 프론트 플랩이 특징이며, 가죽과 체인이 믹스된 스트랩으로 우아한 마무리를 더했습니다.",바디:비세토스 모노그램 캔버스 | 트림: 카프스킨 레더,약 5 x 28 x 13 센티미터,스트랩 길이: 115 cm - 131 cm,대한민국,탈부착이 가능하며 길이 조절이 가능한 체인 스트랩 | 뒷면 외부 슬립 포켓 | 마그네틱 탭 클로저 | 내부 슬립 포켓 및 지퍼 수납공간 | 24K 골드 도금 브라스 하드웨어 | 스웨이드 마감의 극세사 안감,S,https://images.mcmworldwide.com/i/mcmworldwide/MWCGAAK01CO001_01?sw=600 | https://images.mcmworldwide.com/i/mcmworldwide/MWCGAAK01CO001_09?sw=600 | https://images.mcmworldwide.com/i/mcmworldwide/MWCGAAK01CO001_02?sw=600 | https://images.mcmworldwide.com/i/mcmworldwide/MWCGAAK01CO001_03?sw=600 | https://images.mcmworldwide.com/i/mcmworldwide/MWCGAAK01CO001_04?sw=600 | https://images.mcmworldwide.com/i/mcmworldwide/MWCGAAK01CO001_05?sw=600 | https://images.mcmworldwide.com/i/mcmworldwide/MWCGAAK01CO001_06?sw=600 | https://images.mcmworldwide.com/i/mcmworldwide/MWCGAAK01CO001_10?sw=600 | https://images.mcmworldwide.com/i/mcmworldwide/MWCGAAK01CO001_11?sw=600,https://kr.mcmworldwide.com/ko_KR/여성/핸드백/클러치-파우치/diamond-비세토스-레더-믹스-클러치/MWCGAAK01CO001.html,페미닌
MWBGSEA024B001,Ella 맥시 비세토스 보스턴 백,1250000,Brown,WOMEN,BAG,InStock,바이에른 다이아몬드 레더 참과 가죽 트림이 돋보이는 맥시 비세토스 모노그램 캔버스 보스턴 백,뮌헨의 황금기에서 영감을 받은 Ella 보스턴 백은 그 시대 여행 트렁크에 오마주를 바치는 세련된 캐리올 디자인입니다. 바이에른 다이아몬드에서 영감을 받은 로고 엠보싱 가죽 참이 하우스의 기원을 기립니다.,바디: 맥시 비세토스 모노그램 캔버스,약 12 x 22 x 15 센티미터,"스트랩 길이: 115cm - 139cm, 핸들 드롭: 8cm",대한민국,탈착 가능하며 길이 조절이 가능한 가죽 크로스바디 스트랩 | 가죽 탑 핸들 | 탈착 가능한 로고가 새겨진 바바리안 다이아몬드 레더 참 | 양방향 지퍼 클로저 | Interior pocket | 레더 트림 | 24K 골드 도금 브라스 하드웨어 | 스웨이드 마감의 극세사 안감,S | M,https://images.mcmworldwide.com/i/mcmworldwide/MWBGSEA024B001_01?sw=600 | https://images.mcmworldwide.com/i/mcmworldwide/MWBGSEA024B001_09?sw=600 | https://images.mcmworldwide.com/i/mcmworldwide/MWBGSEA024B001_02?sw=600 | https://images.mcmworldwide.com/i/mcmworldwide/MWBGSEA024B001_03?sw=600 | https://images.mcmworldwide.com/i/mcmworldwide/MWBGSEA024B001_04?sw=600 | https://images.mcmworldwide.com/i/mcmworldwide/MWBGSEA024B001_05?sw=600 | https://images.mcmworldwide.com/i/mcmworldwide/MWBGSEA024B001_10?sw=600,https://kr.mcmworldwide.com/ko_KR/여성/핸드백/탑-핸들백/ella-맥시-비세토스-보스턴-백/MWBGSEA024B001.html,클래식
MWPCSVI01BK001,Liz 비세토스 리버서블 쇼퍼,1090000,Black,WOMEN,BAG,InStock,비세토스 모노그램 캔버스와 나파 가죽 소재의 가벼운 쇼퍼,"하나의 데일리 아이콘, 두 가지 시그니처 룩. 클래식 비세토스와 나파 가죽으로 제작한 미디엄 리즈 쇼퍼는 뒤집어서 몽환적인 큐빅 모노그램 패턴으로 색다른 룩을 연출할 수 있습니다. 가죽 드로우스트링을 활용하여 현대인의 역동적인 니즈에 맞게 가벼운 실루엣을 확장하거나 축소할 수 있습니다. 짧은 여행에서 따로 지갑으로 사용할 수 있는 탈부착 가능한 파우치 형태로 더 커진 활용성을 자랑합니다.",,약 17 x 36 x 28 센티미터,핸들 드롭: 24cm,대한민국,리버서블 디자인 | 탈부착 가능한 비세토스 지퍼 파우치와 가죽 어깨 스트랩 | 레더 손잡이 부분 | 전면의 MCM 로고 플레이트 | 보호용 가죽 피트 | 비세토스 모노그램 코티드 캔버스 | 나파 가죽 트림 | 다크 코발트 금속 장식 | 큐빅 모노그램 코튼 캔버스 안감,S | M,https://images.mcmworldwide.com/i/mcmworldwide/MWPCSVI01BK001_01?sw=600 | https://images.mcmworldwide.com/i/mcmworldwide/MWPCSVI01BK001_09?sw=600 | https://images.mcmworldwide.com/i/mcmworldwide/MWPCSVI01BK001_02?sw=600 | https://images.mcmworldwide.com/i/mcmworldwide/MWPCSVI01BK001_03?sw=600 | https://images.mcmworldwide.com/i/mcmworldwide/MWPCSVI01BK001_04?sw=600 | https://images.mcmworldwide.com/i/mcmworldwide/MWPCSVI01BK001_06?sw=600 | https://images.mcmworldwide.com/i/mcmworldwide/MWPCSVI01BK001_10?sw=600,https://kr.mcmworldwide.com/ko_KR/여성/핸드백/쇼퍼-토트백/liz-비세토스-리버서블-쇼퍼/MWPCSVI01BK001.html,캐주얼
MWBESEA04BK001,Ella 맥시 모노그램 레더 보스턴 백,1550000,Black,WOMEN,BAG,OutOfStock,엠보스드 모노그램과 가죽 행택 및 로고 인그레이빙 금속 자물쇠가 돋보이는 천연 가죽 보스턴 백,맥시 모노그램이 새겨진 천연 나파 가죽 소재의 미니 Ella 보스턴 백은 뮌헨의 황금기에서 탄생한 데일리 캐리올입니다. 여행용 트렁크의 요소에서 영감을 받아 가죽 행택과 로고 인그레이빙 금속 자물쇠로 제트 세터의 계보를 이은 실루엣입니다.,바디: 천연 나파 가죽,약 9 x 18 x 10 센티미터,"스트랩 길이: 97cm~113cm, 핸들 길이: 8cm",이탈리아,탈부착 및 조절 가능한 어깨 스트랩 | 가죽 손잡이 부분 | 엠보스드 맥시 모노그램 | 탈부착 가능한 가죽 행택과 로고 인그레이빙 금속 자물쇠 | 양방향 지퍼 클로저 | 내부 슬립 포켓 및 카드 슬롯 | 24K 도금 브라스 금속 장식 | 스웨이드 마감 마이크로파이버 안감,S | M,https://images.mcmworldwide.com/i/mcmworldwide/MWBESEA04BK001_01?sw=600 | https://images.mcmworldwide.com/i/mcmworldwide/MWBESEA04BK001_09?sw=600 | https://images.mcmworldwide.com/i/mcmworldwide/MWBESEA04BK001_02?sw=600 | https://images.mcmworldwide.com/i/mcmworldwide/MWBESEA04BK001_03?sw=600 | https://images.mcmworldwide.com/i/mcmworldwide/MWBESEA04BK001_04?sw=600 | https://images.mcmworldwide.com/i/mcmworldwide/MWBESEA04BK001_10?sw=600,https://kr.mcmworldwide.com/ko_KR/여성/핸드백/탑-핸들백/ella-맥시-모노그램-레더-보스턴-백/MWBESEA04BK001.html,클래식
MMKEAVE15BK001,Stark 사이드 스터드 비세토스 백팩,1650000,Black,MEN,BAG,InStock,피라미드 모양 스터드 장식과 천연 나파 가죽 트림이 특징인 비세토스 모노그램 캔버스 백팩,"글로벌 노마드의 자유로운 정신을 담은 휴대용 아이콘. 비세토스 캔버스와 천연 나파 가죽으로 제작된 스타크 백팩은 기기, 서류, 액세서리를 품격 있게 정리할 수 있습니다. 피라미드 모양 스터드가 반짝이는 피니시로 실루엣을 장식합니다.",바디: 비세토스 모노그램 캔버스 | 트림: 천연 나파 가죽,약 13 x 26 x 33 센티미터,"스트랩 길이: 74cm ~ 90cm, 핸들 드롭: 7cm",대한민국,조절 가능한 어깨 스트랩 | 조절 가능한 어깨 스트랩 | 가죽 손잡이 부분 | MCM 로고 플레이트. | 전면 지퍼 수납공간 | 외부 사이드 포켓과 스터드 장식 | 양방향 지퍼 클로저 | 내부 포켓 및 태블릿 슬리브 | 코발트 금속 장식 | 다크 톤 코발트 메탈 하드웨어. | 인조 나파 안감 | MCM 로고 플레이트,X-Mini Bebe Boo | 미니 | S | S–M | M,https://images.mcmworldwide.com/i/mcmworldwide/MMKEAVE15BK001_01?sw=600 | https://images.mcmworldwide.com/i/mcmworldwide/MMKEAVE15BK001_09?sw=600 | https://images.mcmworldwide.com/i/mcmworldwide/MMKEAVE15BK001_02?sw=600 | https://images.mcmworldwide.com/i/mcmworldwide/MMKEAVE15BK001_03?sw=600 | https://images.mcmworldwide.com/i/mcmworldwide/MMKEAVE15BK001_04?sw=600 | https://images.mcmworldwide.com/i/mcmworldwide/MMKEAVE15BK001_10?sw=600 | https://images.mcmworldwide.com/i/mcmworldwide/MMKEAVE15BK001_11?sw=600,https://kr.mcmworldwide.com/ko_KR/남성/가방/백팩/스타크-사이드-스터드-비세토스-백팩/MMKEAVE15BK001.html,스트릿
MMKGAUP02BK001,MCM X ATEEZ with MINGI Stark 비세토스 사이드 스터드 백팩,1690000,Black,MEN,BAG,OutOfStock,민기의 시그니처 ‘FIX ON’ 그래픽과 ATEEZ 로고 디테일이 돋보이는 비세토스 백팩,민기의 시그니처 트레이드마크 ‘FIX ON’ 디테일이 더해진 스타크 백팩은 글로벌 노마드의 자유롭고 대담한 무드를 담아냅니다. 스터드 장식과 비세토스 모노그램 캔버스가 어우러진 아이코닉한 실루엣에 뒷면의 ATEEZ 워드마크 로고 디테일을 더해 컬렉션의 정체성을 완성했습니다.,바디:비세토스 모노그램 캔버스 | 트림: 나파 가죽,약 13 x 26 x 33 센티미터,"스트랩 길이: 74 cm - 90 cm, 핸들 드롭: 7cm",대한민국,길이 조절 가능한 숄더 스트랩 | 가죽 탑 핸들 | 앞면의 ‘FIX ON’ 그래픽 디테일 | 뒷면의 ATEEZ 로고 디테일 | 로고 브라스 플레이트 | 앞면 지퍼 포켓 | 스터드 디테일의 외부 사이드 포켓 | 양방향 지퍼 클로저 | 태블릿 수납용 내부 슬리브 | 다크 실버톤 코발트 메탈 하드웨어,S,https://images.mcmworldwide.com/i/mcmworldwide/MMKGAUP02BK001_01?sw=600 | https://images.mcmworldwide.com/i/mcmworldwide/MMKGAUP02BK001_02?sw=600 | https://images.mcmworldwide.com/i/mcmworldwide/MMKGAUP02BK001_03?sw=600 | https://images.mcmworldwide.com/i/mcmworldwide/MMKGAUP02BK001_04?sw=600 | https://images.mcmworldwide.com/i/mcmworldwide/MMKGAUP02BK001_05?sw=600 | https://images.mcmworldwide.com/i/mcmworldwide/MMKGAUP02BK001_06?sw=600,https://kr.mcmworldwide.com/ko_KR/남성/가방/백팩/mcm-x-ateez-with-mingi-stark-비세토스-사이드-스터드-백팩/MMKGAUP02BK001.html,스트릿
MMKFSBG01CO001,비세토스 브랜든버그 백팩,1850000,Cognac,MEN,BAG,InStock,가죽 드로우스트링 잠금 장치와 천연 나파 가죽 트림이 특징인 비세토스 모노그램 캔버스 백팩,시대를 초월한 밀리터리 스타일의 세련된 해석 브랜든버그 백팩은 완전한 실용성과 완벽한 수공예에 초점을 맞춘 깔끔한 안감의 디자인으로 업데이트되었습니다. 여러 개의 외부 수납공간으로 소지품을 정밀하게 정리할 수 있습니다.,바디: 비세토스 모노그램 캔버스 | 트림: 천연 나파 가죽,약 14 x 31 x 43 센티미터,"스트랩 길이: 74cm~92cm, 핸들 드롭: 8cm",대한민국,조절 가능한 어깨 스트랩 | 레더 손잡이 부분 | D링 디테일이 있는 전면 지퍼 수납공간 | 외부 사이드 포켓 및 뒷면 지퍼 수납공간 | 가죽 드로우스트링 잠금 장치가 있는 메탈 버클 클로저 | 내부 지퍼 수납공간 | 다크 톤 코발트 메탈 금속 장식. | 인조 나파 안감,M,https://images.mcmworldwide.com/i/mcmworldwide/MMKFSBG01CO001_01?sw=600 | https://images.mcmworldwide.com/i/mcmworldwide/MMKFSBG01CO001_09?sw=600 | https://images.mcmworldwide.com/i/mcmworldwide/MMKFSBG01CO001_02?sw=600 | https://images.mcmworldwide.com/i/mcmworldwide/MMKFSBG01CO001_03?sw=600 | https://images.mcmworldwide.com/i/mcmworldwide/MMKFSBG01CO001_04?sw=600 | https://images.mcmworldwide.com/i/mcmworldwide/MMKFSBG01CO001_10?sw=600,https://kr.mcmworldwide.com/ko_KR/남성/가방/백팩/비세토스-브랜든버그-백팩/MMKFSBG01CO001.html,캐주얼
MYZGATA10CO001,MCM X We The Best 비세토스 크로스바디 파우치,850000,Cognac,WOMEN,BAG,InStock,마이애미의 컬러감과 “We The Best” 메시지로 한층 업그레이드된 클래식 크로스바디 백.,마이애미의 청량한 에너지를 연상시키는 선명한 블루 톤의 부드러운 나파 가죽 디테일이 돋보이는 협업 크로스바디 파우치입니다. 탈착 가능한 스트랩이 구성되어 클러치로도 유연하게 연출할 수 있는 다재다능한 디자인이 특징입니다. 여기에 흔들림 없는 자신감과 회복탄력성을 바탕으로 한 크리에이티브 철학을 기리는 탈착식 “We The Best” 참을 더해 소장 가치를 높였습니다.,바디:비세토스 모노그램 캔버스 | 트림: 나파 가죽,약 2 x 30 x 21 센티미터,스트랩 길이: 60cm,대한민국,"탈착 가능하며 길이 조절이 가능한 가죽 크로스바디 스트랩 | 탈착 가능한 ""We The Best” 참 | 히든 스냅이 있는 뒷면 외부 포켓 | 탑 지퍼 클로저 | 내부 슬립 포켓 및 지퍼 수납공간 | 24K 앤티크 골드 도금 메탈 하드웨어 | 코튼 트윌 안감",M,https://images.mcmworldwide.com/i/mcmworldwide/MYZGATA10CO001_01?sw=600 | https://images.mcmworldwide.com/i/mcmworldwide/MYZGATA10CO001_09?sw=600 | https://images.mcmworldwide.com/i/mcmworldwide/MYZGATA10CO001_02?sw=600 | https://images.mcmworldwide.com/i/mcmworldwide/MYZGATA10CO001_03?sw=600 | https://images.mcmworldwide.com/i/mcmworldwide/MYZGATA10CO001_04?sw=600 | https://images.mcmworldwide.com/i/mcmworldwide/MYZGATA10CO001_05?sw=600 | https://images.mcmworldwide.com/i/mcmworldwide/MYZGATA10CO001_10?sw=600 | https://images.mcmworldwide.com/i/mcmworldwide/MYZGATA10CO001_11?sw=600 | https://images.mcmworldwide.com/i/mcmworldwide/MYZGATA10CO001_12?sw=600,https://kr.mcmworldwide.com/ko_KR/여성/핸드백/클러치-파우치/mcm-x-we-the-best-비세토스-크로스바디-파우치/MYZGATA10CO001.html,스트릿
MWTGSMA02QA001,Milla 스페니시 엠보스드 레더 토트,1690000,Pink,WOMEN,BAG,InStock,뮌헨 아이콘의 재 탄생,"스페인산 레더로 제작된 밀라 토트백이 브랜드 특유의 윙 실루엣을 기반으로 우아함을 간직한 채 더욱 견고하고 정제된 실루엣으로 돌아왔습니다. 내부는 섬세하게 구획된 구조로 기능성을 극대화했으며, 로고 엠보싱 레더 참이 포인트로 더해져 한층 완성도를 높였습니다. 토트 스타일은 물론, 레더 숄더 스트랩을 활용해 다양한 방식으로 스타일링할 수 있습니다.",바디: 스페인산 엠보스드 레더 | 트림: 천연 나파 가죽,약 11 x 25 x 18 센티미터,,이탈리아,탈부착이 가능하며 길이 조절이 가능한 가죽 스트랩 | 가죽 탑 핸들 | 탈착 가능한 로고가 새겨진 바바리안 다이아몬드 레더 참 | 앞면의 MCM 로고 | 마그네틱 탭 클로저 | 중앙 지퍼 포켓 | 16K 골드 도금 메탈 하드웨어 | 스웨이드 마감의 극세사 안감,S | M,https://images.mcmworldwide.com/i/mcmworldwide/MWTGSMA02QA001_01?sw=600 | https://images.mcmworldwide.com/i/mcmworldwide/MWTGSMA02QA001_09?sw=600 | https://images.mcmworldwide.com/i/mcmworldwide/MWTGSMA02QA001_02?sw=600 | https://images.mcmworldwide.com/i/mcmworldwide/MWTGSMA02QA001_03?sw=600 | https://images.mcmworldwide.com/i/mcmworldwide/MWTGSMA02QA001_04?sw=600 | https://images.mcmworldwide.com/i/mcmworldwide/MWTGSMA02QA001_05?sw=600 | https://images.mcmworldwide.com/i/mcmworldwide/MWTGSMA02QA001_06?sw=600 | https://images.mcmworldwide.com/i/mcmworldwide/MWTGSMA02QA001_10?sw=600 | https://images.mcmworldwide.com/i/mcmworldwide/MWTGSMA02QA001_11?sw=600 | https://images.mcmworldwide.com/i/mcmworldwide/MWTGSMA02QA001_12?sw=600,https://kr.mcmworldwide.com/ko_KR/여성/핸드백/쇼퍼-토트백/milla-스페니시-엠보스드-레더-토트/MWTGSMA02QA001.html,페미닌
MWBAASE03CO001,비세토스 오리지널 보스턴 백,990000,Cognac,WOMEN,BAG,InStock,클래식한 스타일에 신선한 감각을 더해주는 미니 보스턴 백입니다.,시그니처 비세토스 코티드 캔버스로 제작된 보스턴 백은 여행 문화에서 시작된 MCM의 역사를 보여줍니다. 위켄더를 떠올리게 하는 깔끔한 라인과 쉽게 열고 닫을 수 있도록 더욱 길어진 지퍼로 이루어진 실루엣입니다. 가장 작은 디테일마저도 섬세하게 제작했으며 손잡이 부분은 꼼꼼하게 수작업으로 감싸 스티칭하고 가장자리를 페인팅해 완성했습니다.,,약 8 x 18 x 10 센티미터,스트랩 길이: 102cm~118cm,대한민국,나파 가죽 트림 | 양방향 지퍼 클로저 | 가죽 손잡이 부분 | 24K 금 도금 하드웨어 | 내부 오픈 포켓 및 카드 슬롯 | MCM 로고 플레이트. | 코티드 캔버스,미니,https://images.mcmworldwide.com/i/mcmworldwide/MWBAASE03CO001_01?sw=600 | https://images.mcmworldwide.com/i/mcmworldwide/MWBAASE03CO001_09?sw=600 | https://images.mcmworldwide.com/i/mcmworldwide/MWBAASE03CO001_02?sw=600 | https://images.mcmworldwide.com/i/mcmworldwide/MWBAASE03CO001_03?sw=600 | https://images.mcmworldwide.com/i/mcmworldwide/MWBAASE03CO001_04?sw=600 | https://images.mcmworldwide.com/i/mcmworldwide/MWBAASE03CO001_10?sw=600,https://kr.mcmworldwide.com/ko_KR/여성/핸드백/탑-핸들백/비세토스-오리지널-보스턴-백/MWBAASE03CO001.html,클래식
MWRESAK02CO001,비세토스 레더 믹스 다이아몬드 숄더백,930000,Cognac,WOMEN,BAG,InStock,송아지 가죽 트림과 바이에른 다이아몬드 모티프 앞면 플랩이 돋보이는 비세토스 숄더백입니다.,MCM이 탄생한 독일을 상징하는 명망 높은 심볼인 바이에른 다이아몬드가 미니 비세토스 숄더백에 자랑스럽게 장식되어 있습니다. ‘형태는 기능을 따른다(form follows function)’라는 바우하우스 디자인 원칙에 충실한 시대를 초월한 이 모티프는 송아지 가죽 소재의 앞면 플랩 클로저의 실루엣에 영감을 주었습니다.,바디: 비세토스 모노그램 캔버스 | 트림: 나파 송아지 가죽,약 5 x 20 x 13 센티미터,,대한민국,탈부착 가능한 체인 레더 믹스 어깨 스트랩 | 후면 외부 슬립 포켓. | 라우렐 로고 프린트와 바이에른 다이아몬드 모티프 앞면 플랩 | 자석 스냅 클로저. | 내부 지퍼 포켓 및 카드 슬롯 | 24K 도금 메탈 금속 장식 | 스웨이드 마감 마이크로파이버 안감 | 스트랩 드롭: 60cm.,미니,https://images.mcmworldwide.com/i/mcmworldwide/MWRESAK02CO001_01?sw=600 | https://images.mcmworldwide.com/i/mcmworldwide/MWRESAK02CO001_09?sw=600 | https://images.mcmworldwide.com/i/mcmworldwide/MWRESAK02CO001_02?sw=600 | https://images.mcmworldwide.com/i/mcmworldwide/MWRESAK02CO001_03?sw=600 | https://images.mcmworldwide.com/i/mcmworldwide/MWRESAK02CO001_04?sw=600 | https://images.mcmworldwide.com/i/mcmworldwide/MWRESAK02CO001_10?sw=600,https://kr.mcmworldwide.com/ko_KR/여성/핸드백/숄더백-크로스백/비세토스-레더-믹스-다이아몬드-숄더백/MWRESAK02CO001.html,페미닌
MYZAAVI02WT001,비세토스 오리지널 크로스바디 파우치,730000,White,WOMEN,BAG,OutOfStock,비세토스와 나파 가죽으로 제작한 미디엄 지퍼 파우치.,클래식 비세토스 크로스바디 파우치는 모든 귀중품을 한 곳에 편리하게 보관할 수 있는 완벽한 아이템입니다. 필수 아이템을 빠르게 넣고 꺼낼 수 있는 외부 수납공간이 돋보이는 이 데일리 액세서리는 넉넉한 코튼 트윌 소재의 내부와 여러 개의 내부 포켓이 특징입니다. 클러치로 사용하거나 가죽 스트랩을 부착하여 편안하게 핸즈프리 스타일로 연출할 수 있습니다.,,약 3 x 30 x 22 센티미터,스트랩 길이: 114cm ~ 130cm,대한민국,엠보스드 비세토스 모노그램 | 숨겨진 스냅 클로저가 있는 뒷면 외부 포켓 | 상단 지퍼 클로저 | 내부 슬립 포켓 및 지퍼 포켓. | 비세토스 모노그램 코티드 캔버스. | 나파 가죽 트림 | 24K 도금 메탈 금속 장식 | 코튼 트윌 안감.,M,https://images.mcmworldwide.com/i/mcmworldwide/MYZAAVI02WT001_01?sw=600 | https://images.mcmworldwide.com/i/mcmworldwide/MYZAAVI02WT001_09?sw=600 | https://images.mcmworldwide.com/i/mcmworldwide/MYZAAVI02WT001_02?sw=600 | https://images.mcmworldwide.com/i/mcmworldwide/MYZAAVI02WT001_03?sw=600 | https://images.mcmworldwide.com/i/mcmworldwide/MYZAAVI02WT001_10?sw=600,https://kr.mcmworldwide.com/ko_KR/여성/핸드백/클러치-파우치/비세토스-오리지널-크로스바디-파우치/MYZAAVI02WT001.html,캐주얼
MWRGAOB03BK001,Pina 스터드 장식 카프스킨 탬버린 백,2250000,Black,WOMEN,BAG,InStock,로고 메탈 스터드와 레더 태슬 장식이 돋보이는 그레인 가죽 탬버린 백,"1970~80년대의 리드미컬한 화려함을 고스란히 담아낸 카프스킨 소재의 Pina(피나) 탬버린 백은 메탈 로고 스터드 하드웨어와 가죽 태슬 장식이 어우러져 한층 더 매혹적이고 고급스러운 포인트를 선사합니다. 가죽 스트랩을 활용해 클래식한 크로스바디 스타일로 연출하거나, 후면의 가죽 루프를 이용해 벨트백으로 변형하여 유니크하게 착용할 수 있습니다.",바디:100% 카프스킨,약 6 x 19 x 19 센티미터,"120.5 cm to 140.5 cm strap length, Handle drop: 4 cm",이탈리아,탈부착이 가능하며 길이 조절이 가능한 가죽 크로스바디 스트랩 | 탈부착 가능한 가죽 태슬 장식 | 뒷면 가죽 벨트 루프 | 지퍼 클로저 | 내부 카드 슬롯 | 24K 골드 도금 브라스 하드웨어 | 스웨이드 마감의 극세사 안감,S,https://images.mcmworldwide.com/i/mcmworldwide/MWRGAOB03BK001_01?sw=600 | https://images.mcmworldwide.com/i/mcmworldwide/MWRGAOB03BK001_09?sw=600 | https://images.mcmworldwide.com/i/mcmworldwide/MWRGAOB03BK001_02?sw=600 | https://images.mcmworldwide.com/i/mcmworldwide/MWRGAOB03BK001_03?sw=600 | https://images.mcmworldwide.com/i/mcmworldwide/MWRGAOB03BK001_04?sw=600 | https://images.mcmworldwide.com/i/mcmworldwide/MWRGAOB03BK001_05?sw=600 | https://images.mcmworldwide.com/i/mcmworldwide/MWRGAOB03BK001_10?sw=600 | https://images.mcmworldwide.com/i/mcmworldwide/MWRGAOB03BK001_11?sw=600,https://kr.mcmworldwide.com/ko_KR/여성/핸드백/숄더백-크로스백/pina-스터드-장식-카프스킨-탬버린-백/MWRGAOB03BK001.html,스트릿
MMZAAFI04BK001,비세토스 프루스튼 벨트백,990000,Black,MEN,BAG,InStock,유행 중인 스트리트웨어 클래식인 스몰 Fursten 벨트백은 간편하게 휴대할 수 있는 전설적인 아이템입니다.,"모던한 Fursten은 헤리티지 실루엣을 따른 더욱 슬림한 실루엣이 특징입니다. 현대의 글로벌 노마드를 위한 활용도 높은 벨트 백으로, 스트리트 스타일의 웨이스트백 또는 크로스백으로 다양하게 스타일링할 수 있습니다.",,약 8 x 34 x 12 센티미터,스트랩 길이: 65cm ~ 106cm,대한민국,나파 가죽 트림 | 버클 잠금 장치가 있는 조절 가능한 웨빙 스트랩 | 양방향 지퍼 클로저 | 내부 오픈 포켓 | 측면 D링 장식 | 코발트 금속 장식 | 비세토스 모노그램 코티드 캔버스. | 나파 가죽 트림 | 코발트 메탈 하드웨어. | 코튼 트윌 안감. | 코티드 캔버스,S | M,https://images.mcmworldwide.com/i/mcmworldwide/MMZAAFI04BK001_01?sw=600 | https://images.mcmworldwide.com/i/mcmworldwide/MMZAAFI04BK001_09?sw=600 | https://images.mcmworldwide.com/i/mcmworldwide/MMZAAFI04BK001_03?sw=600 | https://images.mcmworldwide.com/i/mcmworldwide/MMZAAFI04BK001_04?sw=600 | https://images.mcmworldwide.com/i/mcmworldwide/MMZAAFI04BK001_10?sw=600 | https://images.mcmworldwide.com/i/mcmworldwide/MMZAAFI04BK001_11?sw=600,https://kr.mcmworldwide.com/ko_KR/남성/가방/벨트백/비세토스-프루스튼-벨트백/MMZAAFI04BK001.html,스트릿
MMKAAVE09WT001,비세토스 Stark 사이드 스터드 백팩,1890000,White,MEN,BAG,OutOfStock,스터드 디테일로 장식한 시그니처 Stark 백팩입니다.,비세토스 캔버스와 천연 나파 가죽으로 제작된 Stark 백팩은 현대 글로벌 노마드의 이동에 대한 철학을 구현한 이동성의 아이콘입니다. 여러 개의 외부 및 내부 수납공간이 있어 기기와 서류 및 액세서리를 고급스럽고 깔끔하게 정리할 수 있습니다. 피라미드 모양 스터드가 반짝이는 피니시로 실루엣의 옆면을 화려하게 장식합니다.,바디: 비세토스 모노그램 캔버스 | 트림: 천연 나파 가죽,약 16 x 36 x 41 센티미터,"스트랩 길이: 76cm ~ 90cm, 핸들 드롭: 8cm",대한민국,조절 가능한 어깨 스트랩 | 레더 손잡이 부분 | MCM 로고 플레이트. | 전면 지퍼 포켓. | 사이드 포켓과 스터드 장식 | 양방향 지퍼 클로저 | 내부 포켓 및 13인치 노트북과 태블릿을 위한 슬리브 | 실버톤 코발트 금속 장식,M,https://images.mcmworldwide.com/i/mcmworldwide/MMKAAVE09WT001_01?sw=600 | https://images.mcmworldwide.com/i/mcmworldwide/MMKAAVE09WT001_02?sw=600 | https://images.mcmworldwide.com/i/mcmworldwide/MMKAAVE09WT001_03?sw=600 | https://images.mcmworldwide.com/i/mcmworldwide/MMKAAVE09WT001_04?sw=600 | https://images.mcmworldwide.com/i/mcmworldwide/MMKAAVE09WT001_05?sw=600,https://kr.mcmworldwide.com/ko_KR/남성/가방/백팩/비세토스-stark-사이드-스터드-백팩/MMKAAVE09WT001.html,스트릿
MWPGSLR02BK001,New Liz 비세토스 쇼퍼,1090000,Black,WOMEN,BAG,InStock,천연 나파 가죽 트리밍과 매치된 지퍼 파우치가 포함된 비세토스 모노그램 캔버스 쇼퍼백,"새로운 스타일의 New Liz. 한층 가벼워지고 부드러워진 실루엣으로 재해석된 New Liz는 자유로운 움직임을 고려해 디자인되었습니다. 길어진 가죽 스트랩이 한층 편안한 착용감을 선사하며, 참 액세서리를 더할 수 있는 D-링 디테일로 개성을 더했습니다. 탈부착 가능한 파우치는 단독 클러치로도 활용할 수 있어 낮부터 저녁까지 자연스럽게 이어지는 스타일을 완성합니다.",바디:비세토스 모노그램 캔버스 | 트림: 천연 가죽,약 17 x 30 x 35 센티미터,핸들 드롭: 26.5 cm,대한민국,바이에른 다이아몬드에서 영감을 받은 가죽 핸들 스트랩 | 로고 브라스 플레이트 | 후크 클라스프 클로저 | 탈착 가능한 비세토스 모노그램 지퍼 파우치 | D링 디테일 | 대비되는 톤으로 완성된 스티칭 | 바닥 보호를 위한 레더 패드 | 실버톤 코발트 브라스 하드웨어 | 패브릭 안감,S | M,https://images.mcmworldwide.com/i/mcmworldwide/MWPGSLR02BK001_01?sw=600 | https://images.mcmworldwide.com/i/mcmworldwide/MWPGSLR02BK001_09?sw=600 | https://images.mcmworldwide.com/i/mcmworldwide/MWPGSLR02BK001_02?sw=600 | https://images.mcmworldwide.com/i/mcmworldwide/MWPGSLR02BK001_03?sw=600 | https://images.mcmworldwide.com/i/mcmworldwide/MWPGSLR02BK001_04?sw=600 | https://images.mcmworldwide.com/i/mcmworldwide/MWPGSLR02BK001_05?sw=600 | https://images.mcmworldwide.com/i/mcmworldwide/MWPGSLR02BK001_06?sw=600 | https://images.mcmworldwide.com/i/mcmworldwide/MWPGSLR02BK001_10?sw=600 | https://images.mcmworldwide.com/i/mcmworldwide/MWPGSLR02BK001_11?sw=600,https://kr.mcmworldwide.com/ko_KR/여성/핸드백/쇼퍼-토트백/new-liz-비세토스-쇼퍼/MWPGSLR02BK001.html,캐주얼
MMKGSVE04BK001,Stark 맥시 모노그램 레더 백팩,2090000,Black,MEN,BAG,InStock,엠보싱 처리된 맥시 비세토스 모노그램 모티프가 돋보이는 내추럴 풀그레인 레더 백팩,클래식 코드가 돋보이는 이 모노크롬 ‘Stark’ 백팩은 이탈리안 풀 그레인 레더로 완성되었습니다. 뮌헨 하우스의 모빌리티 철학을 바탕으로 현대적으로 재해석된 실루엣은 전 세계를 누비는 라이프스타일을 더욱 품격 있게 완성합니다.,바디: 천연 풀 그레인 레더,약 14 x 28 x 35 센티미터,"스트랩 길이: 75 cm - 89 cm, 핸들 드롭: 6 cm",이탈리아,로고 우븐 패브릭 숄더 스트랩 | 가죽 탑 핸들 | 엠보싱 처리된 맥시 비세토스 모노그램 | 앞면 지퍼 포켓 | 외부 사이드 슬립 포켓 | 양방향 지퍼 클로저 | 내부 수납공간 | Padded back panel | 다크 메탈 하드웨어 | 스웨이드 마감의 극세사 안감,S | M,https://images.mcmworldwide.com/i/mcmworldwide/MMKGSVE04BK001_01?sw=600 | https://images.mcmworldwide.com/i/mcmworldwide/MMKGSVE04BK001_09?sw=600 | https://images.mcmworldwide.com/i/mcmworldwide/MMKGSVE04BK001_02?sw=600 | https://images.mcmworldwide.com/i/mcmworldwide/MMKGSVE04BK001_03?sw=600 | https://images.mcmworldwide.com/i/mcmworldwide/MMKGSVE04BK001_04?sw=600 | https://images.mcmworldwide.com/i/mcmworldwide/MMKGSVE04BK001_05?sw=600 | https://images.mcmworldwide.com/i/mcmworldwide/MMKGSVE04BK001_10?sw=600 | https://images.mcmworldwide.com/i/mcmworldwide/MMKGSVE04BK001_11?sw=600,https://kr.mcmworldwide.com/ko_KR/남성/가방/백팩/stark-맥시-모노그램-레더-백팩/MMKGSVE04BK001.html,캐주얼
MWPAATN04CO001,Toni 비세토스 상단 지퍼 쇼퍼,970000,Cognac,WOMEN,BAG,InStock,포함된 가죽 스트랩을 활용해 핸즈프리로 착용할 수 있는 탁월한 활용성의 컴팩트한 쇼퍼.,나파 가죽 트림과 시그니처 비세토스 코티드 캔버스로 제작되었으며 독특하고 실용적이며 기하학적 형태가 돋보이는 미니 토니 쇼퍼입니다. 상단 지퍼 클로저는 스트리트 헤리티지를 담은 인테리어 프린트가 더해진 고급 코튼 캔버스 내부에 소지품을 안전하게 보관해 줍니다.,,약 10 x 19 x 19 센티미터,스트랩 길이: 98cm~114cm,대한민국,외부 뒷면 슬립 포켓 | 상단 지퍼 클로저 | 내부 지퍼 포켓 및 슬립 포켓 | 참을 달 수 있는 D링 | 비세토스 모노그램 코티드 캔버스 | 나파 가죽 트림 | 24K 도금 메탈 금속 장식 | 코튼 캔버스 안감.,엑스트라 미니 | 미니,https://images.mcmworldwide.com/i/mcmworldwide/MWPAATN04CO001_01?sw=600 | https://images.mcmworldwide.com/i/mcmworldwide/MWPAATN04CO001_09?sw=600 | https://images.mcmworldwide.com/i/mcmworldwide/MWPAATN04CO001_02?sw=600 | https://images.mcmworldwide.com/i/mcmworldwide/MWPAATN04CO001_03?sw=600 | https://images.mcmworldwide.com/i/mcmworldwide/MWPAATN04CO001_04?sw=600 | https://images.mcmworldwide.com/i/mcmworldwide/MWPAATN04CO001_05?sw=600 | https://images.mcmworldwide.com/i/mcmworldwide/MWPAATN04CO001_06?sw=600 | https://images.mcmworldwide.com/i/mcmworldwide/MWPAATN04CO001_10?sw=600,https://kr.mcmworldwide.com/ko_KR/여성/핸드백/쇼퍼-토트백/toni-비세토스-상단-지퍼-쇼퍼/MWPAATN04CO001.html,캐주얼
MWPGSLR03I8001,New Liz 비세토스 쇼퍼,1050000,Beige,WOMEN,BAG,InStock,매칭 지퍼 파우치와 나파 가죽 트림이 더해진 비세토스 모노그램 캔버스 쇼퍼백,"더 가볍고 부드러워진 New Liz. 움직임에 최적화된 실루엣으로 재탄생했습니다. 길어진 가죽 스트랩은 향상된 착용감을 제공하며, D-링 디테일로 개인 참을 더할 수 있습니다. 탈착 가능한 파우치는 클러치로도 활용되어 데이룩에서 이브닝룩까지 자연스럽게 어우러집니다.",바디:비세토스 모노그램 캔버스,약 15 x 25 x 31 센티미터,핸들 드롭: 26cm,대한민국,바이에른 다이아몬드에서 영감을 얻은 레더 핸들 스트랩 | 로고 브라스 플레이트 | 후크 잠금 장지 | 탈착 가능한 매칭되는 모노그램 지퍼 파우치 | D링 참 장식 디테일 | 바닥 보호를 위한 레더 패드 | 레더 트림 | 16K 골드 도금 메탈 하드웨어 | 패브릭 안감,S | M,https://images.mcmworldwide.com/i/mcmworldwide/MWPGSLR03I8001_01?sw=600 | https://images.mcmworldwide.com/i/mcmworldwide/MWPGSLR03I8001_09?sw=600 | https://images.mcmworldwide.com/i/mcmworldwide/MWPGSLR03I8001_02?sw=600 | https://images.mcmworldwide.com/i/mcmworldwide/MWPGSLR03I8001_03?sw=600 | https://images.mcmworldwide.com/i/mcmworldwide/MWPGSLR03I8001_04?sw=600 | https://images.mcmworldwide.com/i/mcmworldwide/MWPGSLR03I8001_05?sw=600 | https://images.mcmworldwide.com/i/mcmworldwide/MWPGSLR03I8001_06?sw=600 | https://images.mcmworldwide.com/i/mcmworldwide/MWPGSLR03I8001_10?sw=600,https://kr.mcmworldwide.com/ko_KR/여성/핸드백/쇼퍼-토트백/new-liz-비세토스-쇼퍼/MWPGSLR03I8001.html,캐주얼
MWPGSMT04BK001,Toni 맥시 모노그램 레더 탑 지퍼 쇼퍼,1290000,Black,WOMEN,BAG,InStock,엠보싱 처리된 맥시 비세토스 모노그램 모티프가 돋보이는 내추럴 풀그레인 레더 쇼퍼,"이탈리아산 풀그레인 레더로 정교하게 제작된 Toni 쇼퍼는 시그니처 비세토스 모노그램의 업스케일 버전으로 뮌헨 하우스의 유서 깊은 헤리티지를 담았습니다. 부드러운 핸들을 이용해 토트로 연출하거나, 함께 제공되는 레더 스트랩을 사용하여 숄더백으로 연출, 다양한 룩을 완성할 수 있습니다.",바디: 천연 풀 그레인 레더,약 9 x 19 x 19 센티미터,"스트랩 길이: 108 cm - 132 cm, 핸들 드롭: 10.5 cm",이탈리아,탈부착이 가능하며 길이 조절이 가능한 가죽 스트랩 | 가죽 탑 핸들 | 엠보싱 처리된 맥시 모노그램 모티프 | 지퍼 클로저 | 가죽 패치가 더해진 내부 포켓 | 실버톤 코발트 브라스 하드웨어 | 스웨이드 마감의 극세사 안감,미니 | S,https://images.mcmworldwide.com/i/mcmworldwide/MWPGSMT04BK001_01?sw=600 | https://images.mcmworldwide.com/i/mcmworldwide/MWPGSMT04BK001_09?sw=600 | https://images.mcmworldwide.com/i/mcmworldwide/MWPGSMT04BK001_02?sw=600 | https://images.mcmworldwide.com/i/mcmworldwide/MWPGSMT04BK001_03?sw=600 | https://images.mcmworldwide.com/i/mcmworldwide/MWPGSMT04BK001_04?sw=600 | https://images.mcmworldwide.com/i/mcmworldwide/MWPGSMT04BK001_05?sw=600 | https://images.mcmworldwide.com/i/mcmworldwide/MWPGSMT04BK001_10?sw=600 | https://images.mcmworldwide.com/i/mcmworldwide/MWPGSMT04BK001_11?sw=600 | https://images.mcmworldwide.com/i/mcmworldwide/MWPGSMT04BK001_12?sw=600,https://kr.mcmworldwide.com/ko_KR/여성/핸드백/쇼퍼-토트백/toni-맥시-모노그램-레더-탑-지퍼-쇼퍼/MWPGSMT04BK001.html,캐주얼
MWPFSMT03PZ001,Toni 비세토스 상단 지퍼 쇼퍼,850000,Pink,WOMEN,BAG,InStock,가죽 크로스바디 스트랩과 천연 나파 가죽 트림이 있는 비세토스 모노그램 캔버스 쇼퍼,토니 쇼퍼의 독특한 기하학적 디자인은 소프트 핑크 컬러의 우아함으로 표현됩니다. 부드러운 가죽 손잡이와 조절 가능한 가죽 스트랩으로 두 가지 스타일로 착용 가능.,바디: 비세토스 모노그램 캔버스 | 트림: 천연 나파 가죽,약 9 x 16 x 14 센티미터,"스트랩 길이: 100cm ~ 126cm, 핸들 드롭: 9cm",대한민국,탈부착 및 조절 가능한 가죽 스트랩 | 가죽 손잡이 부분 | MCM 로고 플레이트. | 뒷면 외부 포켓 | 지퍼 클로저 | 내부 포켓 및 카드 슬롯 | 18K 금 도금 메탈 하드웨어 | 패브릭 안감.,엑스트라 미니 | 미니,https://images.mcmworldwide.com/i/mcmworldwide/MWPFSMT03PZ001_01?sw=600 | https://images.mcmworldwide.com/i/mcmworldwide/MWPFSMT03PZ001_09?sw=600 | https://images.mcmworldwide.com/i/mcmworldwide/MWPFSMT03PZ001_02?sw=600 | https://images.mcmworldwide.com/i/mcmworldwide/MWPFSMT03PZ001_03?sw=600 | https://images.mcmworldwide.com/i/mcmworldwide/MWPFSMT03PZ001_04?sw=600 | https://images.mcmworldwide.com/i/mcmworldwide/MWPFSMT03PZ001_10?sw=600,https://kr.mcmworldwide.com/ko_KR/여성/핸드백/쇼퍼-토트백/toni-비세토스-상단-지퍼-쇼퍼/MWPFSMT03PZ001.html,캐주얼
MHTGAMM024B00L,50주년 기념 티셔츠,390000,Brown,MEN,CLOTHING,InStock,50주년 기념 로고 패치 자수가 수놓인 유니섹스 오가닉 코튼 저지 티셔츠,1976년에 설립된 뮌헨 하우스는 숏슬리브 티셔츠의 가슴 부분 자수 로고 패치로 창립 50주년을 기념합니다. 사용된 오가닉 코튼 원사는 환경 보호를 위해 화학 물질을 사용하지 않고 재배되었습니다.,바디:100% 오가닉 면,,,대한민국,"가슴 부분에 50주년 기념 패치 자수 | 리브 니트 트림 | 레귤러 핏 | 여성 모델의 키는 175cm/5'8"" 이며 사이즈 S를 착용하고 있습니다. | 남성 모델의 키는 186cm/6'1"" 이며 사이즈 M을 착용하고 있습니다.",S | M | L,https://images.mcmworldwide.com/i/mcmworldwide/MHTGAMM024B00L_01?sw=600 | https://images.mcmworldwide.com/i/mcmworldwide/MHTGAMM024B00L_09?sw=600 | https://images.mcmworldwide.com/i/mcmworldwide/MHTGAMM024B00L_04?sw=600 | https://images.mcmworldwide.com/i/mcmworldwide/MHTGAMM024B00L_10?sw=600 | https://images.mcmworldwide.com/i/mcmworldwide/MHTGAMM024B00L_11?sw=600 | https://images.mcmworldwide.com/i/mcmworldwide/MHTGAMM024B00L_12?sw=600,https://kr.mcmworldwide.com/ko_KR/남성/의류/티셔츠-셔츠/50주년-기념-티셔츠-/MHTGAMM024B00L.html,캐주얼
MWRFSXT01BK001,Tracy 비세토스 크로스바디,1490000,Black,WOMEN,BAG,InStock,로렐 좌물쇠 잠금장치와 송아지 가죽 트림이 더해진 비세토스 모노그램 크로스바디 백,MCM을 대표하며 오랜 시간 사랑받아온 Tracy 크로스바디 백이 더욱 부드러운 소재와 가죽 핸들로 새롭게 선보입니다. 아이코닉한 라우렐 잠금장치와 세 개의 내외부 수납공간이 우아함과 실용성을 더합니다.,바디:비세토스 모노그램 캔버스 | 트림: 천연 송아지 가죽,약 6 x 23 x 14 센티미터,"스트랩 길이: 55 cm, 핸들 길이: 3 cm",대한민국,탈부착이 가능하며 길이 조절이 가능한 가죽 스트랩 | 가죽 탑 핸들 | 뒷면의 외부 포켓 | 라우렐 락 클로저 | 앞면 포켓 | 내부 지퍼 수납공간 | 실버톤 코발트 메탈 하드웨어 | 스웨이드 마감의 극세사 안감,M,https://images.mcmworldwide.com/i/mcmworldwide/MWRFSXT01BK001_01?sw=600 | https://images.mcmworldwide.com/i/mcmworldwide/MWRFSXT01BK001_09?sw=600 | https://images.mcmworldwide.com/i/mcmworldwide/MWRFSXT01BK001_02?sw=600 | https://images.mcmworldwide.com/i/mcmworldwide/MWRFSXT01BK001_03?sw=600 | https://images.mcmworldwide.com/i/mcmworldwide/MWRFSXT01BK001_04?sw=600 | https://images.mcmworldwide.com/i/mcmworldwide/MWRFSXT01BK001_10?sw=600,https://kr.mcmworldwide.com/ko_KR/여성/핸드백/숄더백-크로스백/tracy-비세토스-크로스바디/MWRFSXT01BK001.html,클래식
MWHGAXT03CO001,Tracy 비세토스 호보,1690000,Cognac,WOMEN,BAG,InStock,로고 락 클로저와 나파 가죽 트림이 돋보이는 비세토스 모노그램 캔버스 호보 백,"우아한 로고 락 클로저가 돋보이는 Tracy(트레이시) 호보 백은 시그니처 비세토스 캔버스 바디 전면을 부드러운 나파 가죽으로 감싸 하우스의 정교한 장인 정신을 보여줍니다. 마이크로파이버 스웨이드 안감은 고급스러운 무드를 선사하며, 소지품을 더욱 안전하게 보관할 수 있습니다.",바디:비세토스 모노그램 캔버스 | 트림: 나파 가죽,약 11 x 33 x 31 센티미터,스트랩 길이: 73cm - 105cm,대한민국,탈부착이 가능하며 길이 조절이 가능한 가죽 스트랩 | 가죽 스트랩 잠금 장치가 있는 로고 자물쇠 | 내부 슬립 포켓 및 지퍼 수납공간 | 24K 골드 도금 브라스 하드웨어 | 스웨이드 마감의 극세사 안감,L,https://images.mcmworldwide.com/i/mcmworldwide/MWHGAXT03CO001_01?sw=600 | https://images.mcmworldwide.com/i/mcmworldwide/MWHGAXT03CO001_09?sw=600 | https://images.mcmworldwide.com/i/mcmworldwide/MWHGAXT03CO001_02?sw=600 | https://images.mcmworldwide.com/i/mcmworldwide/MWHGAXT03CO001_03?sw=600 | https://images.mcmworldwide.com/i/mcmworldwide/MWHGAXT03CO001_04?sw=600 | https://images.mcmworldwide.com/i/mcmworldwide/MWHGAXT03CO001_05?sw=600 | https://images.mcmworldwide.com/i/mcmworldwide/MWHGAXT03CO001_06?sw=600 | https://images.mcmworldwide.com/i/mcmworldwide/MWHGAXT03CO001_10?sw=600 | https://images.mcmworldwide.com/i/mcmworldwide/MWHGAXT03CO001_11?sw=600 | https://images.mcmworldwide.com/i/mcmworldwide/MWHGAXT03CO001_12?sw=600,https://kr.mcmworldwide.com/ko_KR/여성/핸드백/숄더백-크로스백/tracy-hobo-in-visetos/MWHGAXT03CO001.html,페미닌
MHTGAMM02VC00L,50주년 기념 티셔츠,390000,Blue,MEN,CLOTHING,InStock,50주년 기념 로고 패치 자수가 수놓인 유니섹스 오가닉 코튼 저지 티셔츠,1976년에 설립된 뮌헨 하우스는 숏슬리브 티셔츠의 가슴 부분 자수 로고 패치로 창립 50주년을 기념합니다. 사용된 오가닉 코튼 원사는 환경 보호를 위해 화학 물질을 사용하지 않고 재배되었습니다.,바디:100% 오가닉 면,,,대한민국,"가슴 부분에 50주년 기념 패치 자수 | 리브 니트 트림 | 레귤러 핏 | 여성 모델의 키는 175cm/5'8"" 이며 사이즈 S를 착용하고 있습니다. | 남성 모델의 키는 186cm/6'1"" 이며 사이즈 M을 착용하고 있습니다.",S | M | L,https://images.mcmworldwide.com/i/mcmworldwide/MHTGAMM02VC00L_01?sw=600 | https://images.mcmworldwide.com/i/mcmworldwide/MHTGAMM02VC00L_04?sw=600,https://kr.mcmworldwide.com/ko_KR/남성/의류/티셔츠-셔츠/50주년-기념-티셔츠-/MHTGAMM02VC00L.html,캐주얼
MHPGAMM01BK00L,모노그램 카고 팬츠 ECONYL®,990000,Black,MEN,CLOTHING,InStock,비세토스 모노그램 프린트가 돋보이는 유니섹스 오버사이즈 리사이클 나일론 카고 팬츠,"리사이클 나일론으로 제작된 팬츠로, 카고 포켓 디테일을 더한 오버사이즈 실루엣으로 뮌헨 하우스 특유의 유틸리터리 감성을 전달합니다. 시그니처 비세토스 모노그램이 더해져 아이코닉한 스타일을 완성합니다.",바디: 100% ECONYL® 재생 나일론 | 안감: 폴리에스테르 100%,,,대한민국,"비세토스 모노그램 프린트 | 카고 포켓 | 오버사이즈 핏 | Female model is 170cm / 5'6"" tall and wears size M. | Male model is 181cm / 5'9"" tall and wears size M.",S | M | L,https://images.mcmworldwide.com/i/mcmworldwide/MHPGAMM01BK00L_01?sw=600 | https://images.mcmworldwide.com/i/mcmworldwide/MHPGAMM01BK00L_09?sw=600 | https://images.mcmworldwide.com/i/mcmworldwide/MHPGAMM01BK00L_04?sw=600 | https://images.mcmworldwide.com/i/mcmworldwide/MHPGAMM01BK00L_10?sw=600 | https://images.mcmworldwide.com/i/mcmworldwide/MHPGAMM01BK00L_11?sw=600 | https://images.mcmworldwide.com/i/mcmworldwide/MHPGAMM01BK00L_12?sw=600 | https://images.mcmworldwide.com/i/mcmworldwide/MHPGAMM01BK00L_13?sw=600,https://kr.mcmworldwide.com/ko_KR/men/clothing/pants-shorts/모노그램-카고-팬츠-econyl®-/MHPGAMM01BK00L.html,스트릿
MWSCSLM02BK001,Travia 크러쉬드 레더 퀼티드 숄더백,1550000,Black,WOMEN,BAG,OutOfStock,건축학적인 MCM 로고가 이 퀼티드 레더 숄더백에 구조적인 세련미를 더합니다.,다이내믹하고 기하학적인 라인이 디스트레스드 레더에 퀼팅된 이탈리아 가죽 라지 숄더백입니다. 스웨이드 마감 마이크로파이버로 안감을 댄 내부의 아주 부드러운 촉감이 외부와 대비를 이룹니다. 다면적인 MCM 로고 매트 블랙 메탈 잠금 장치가 아이템에 새로운 차원의 깊이감을 선사합니다.,,약 15 x 38 x 27 센티미터,스트랩 길이: 55cm,이탈리아,체인 스트랩 | 뒷면 외부 슬립 포켓 | MCM 로고 잠금 장치 | 전면 포켓 | 내부 지퍼 포켓 | 크러쉬드 이탈리안 가죽 | 매트 블랙 금속 장식 | 스웨이드 마감 마이크로파이버 안감,S | L,https://images.mcmworldwide.com/i/mcmworldwide/MWSCSLM02BK001_01?sw=600 | https://images.mcmworldwide.com/i/mcmworldwide/MWSCSLM02BK001_09?sw=600 | https://images.mcmworldwide.com/i/mcmworldwide/MWSCSLM02BK001_02?sw=600 | https://images.mcmworldwide.com/i/mcmworldwide/MWSCSLM02BK001_03?sw=600 | https://images.mcmworldwide.com/i/mcmworldwide/MWSCSLM02BK001_04?sw=600 | https://images.mcmworldwide.com/i/mcmworldwide/MWSCSLM02BK001_10?sw=600,https://kr.mcmworldwide.com/ko_KR/여성/핸드백/숄더백-크로스백/travia-크러쉬드-레더-퀼티드-숄더백/MWSCSLM02BK001.html,럭셔리
MFTGAMM01WT00L,디스코 시퀸 티셔츠,450000,White,WOMEN,CLOTHING,InStock,"시퀸 장식 ""MCM 디스코"" 로고 모티브를 더한 여성용 오가닉 코튼 저지 티셔츠",70년대 음악과 문화를 기념하는 티셔츠. 반짝이는 시퀸 자수가 더해진 감각적인 타이포그래피로 시즌 테마 ‘MCM Disco’를 표현했습니다. 환경 보호를 위해 화학물질 없이 재배한 오가닉 코튼 원사를 사용했습니다.,바디:100% 오가닉 면,,,대한민국,"스팽글 장식이 있는 “MCM Disco” 로고 | 리브 니트 트림 | 레귤러 핏 | 여성 모델의 키는 175cm/5'8"" 이며 사이즈 S를 착용하고 있습니다.",S | M | L,https://images.mcmworldwide.com/i/mcmworldwide/MFTGAMM01WT00L_01?sw=600 | https://images.mcmworldwide.com/i/mcmworldwide/MFTGAMM01WT00L_09?sw=600 | https://images.mcmworldwide.com/i/mcmworldwide/MFTGAMM01WT00L_04?sw=600 | https://images.mcmworldwide.com/i/mcmworldwide/MFTGAMM01WT00L_10?sw=600 | https://images.mcmworldwide.com/i/mcmworldwide/MFTGAMM01WT00L_11?sw=600 | https://images.mcmworldwide.com/i/mcmworldwide/MFTGAMM01WT00L_12?sw=600,https://kr.mcmworldwide.com/ko_KR/여성/의류/티셔츠-탑/디스코-시퀸-티셔츠-/MFTGAMM01WT00L.html,페미닌
MFTGSMM02BK00L,모노그램 프린트 티셔츠,450000,Black,MEN,CLOTHING,InStock,비세토스 모노그램 디지털 프린트가 더해진 오가닉 코튼 저지 여성 티셔츠,"지구 생태계 보호를 위해 화학물질 없이 재배된 오가닉 코튼 소재를 사용하여 제작된 티셔츠. 뮌헨 하우스의 시그니처 비세토스 모노그램이 더해졌으며, 블랙 컬러의 소매와 뒷면을 특징으로 하는 컬러 블록 디자인이 세련미를 더합니다.",100% 오가닉 코튼,약 35.4 x 35.4 x 0.0 인치,,대한민국,"앞면의 디지털 프린트된 비세토스 모노그램 | 리브 니트 트림 | 레귤러 핏 | Female model is 176cm / 5'8"" tall and wears size S.",S | M | L | X라지,https://images.mcmworldwide.com/i/mcmworldwide/MFTGSMM02BK00L_01?sw=600 | https://images.mcmworldwide.com/i/mcmworldwide/MFTGSMM02BK00L_09?sw=600 | https://images.mcmworldwide.com/i/mcmworldwide/MFTGSMM02BK00L_04?sw=600 | https://images.mcmworldwide.com/i/mcmworldwide/MFTGSMM02BK00L_10?sw=600 | https://images.mcmworldwide.com/i/mcmworldwide/MFTGSMM02BK00L_11?sw=600 | https://images.mcmworldwide.com/i/mcmworldwide/MFTGSMM02BK00L_12?sw=600,https://kr.mcmworldwide.com/ko_KR/남성/의류/티셔츠-셔츠/모노그램-프린트-티셔츠-/MFTGSMM02BK00L.html,캐주얼
MFTGSMM02CO00L,모노그램 프린트 티셔츠,450000,Cognac,MEN,CLOTHING,InStock,비세토스 모노그램 디지털 프린트가 더해진 오가닉 코튼 저지 여성 티셔츠,"지구 생태계 보호를 위해 화학물질 없이 재배된 오가닉 코튼 소재를 사용하여 제작된 티셔츠. 뮌헨 하우스의 시그니처 비세토스 모노그램이 더해졌으며, 화이트 컬러의 소매와 뒷면을 특징으로 하는 컬러 블록 디자인이 세련미를 더합니다.",100% 오가닉 코튼,약 35.4 x 35.4 x 0.0 인치,,대한민국,"앞면의 디지털 프린트된 비세토스 모노그램 | 리브 니트 트림 | 레귤러 핏 | Female model is 173cm / 5'7"" tall and wears size S.",S | M | L | X라지,https://images.mcmworldwide.com/i/mcmworldwide/MFTGSMM02CO00L_01?sw=600 | https://images.mcmworldwide.com/i/mcmworldwide/MFTGSMM02CO00L_09?sw=600 | https://images.mcmworldwide.com/i/mcmworldwide/MFTGSMM02CO00L_04?sw=600 | https://images.mcmworldwide.com/i/mcmworldwide/MFTGSMM02CO00L_10?sw=600 | https://images.mcmworldwide.com/i/mcmworldwide/MFTGSMM02CO00L_11?sw=600 | https://images.mcmworldwide.com/i/mcmworldwide/MFTGSMM02CO00L_12?sw=600 | https://images.mcmworldwide.com/i/mcmworldwide/MFTGSMM02CO00L_13?sw=600,https://kr.mcmworldwide.com/ko_KR/남성/의류/티셔츠-셔츠/모노그램-프린트-티셔츠-/MFTGSMM02CO00L.html,캐주얼
MHTGAMM12BK00L,MCM X ATEEZ with MINGI 코튼 로고 티셔츠,270000,Black,MEN,CLOTHING,OutOfStock,ATEEZ 민기의 시그니처 메시지 “FIX ON”을 감각적인 그래픽으로 재해석한 코튼 티셔츠,"민기의 시그니처 ‘FIX ON’ 디테일이 더해진 비세토스 모노그램이 티셔츠 뒷면을 장식하며, 전면에는 MCM 라우렐 엠블럼을 그래픽 아트워크로 재해석해 담아냈습니다. 감각적인 그래픽과 편안한 실루엣이 어우러져 컬렉션 특유의 자유로운 무드를 완성합니다.",바디: 코튼 100%,,,대한민국,앞면의 MCM 라우렐 로고 프린트 | 뒷면의 ‘FIX ON’ 비세토스 모노그램 프린트 | 리브 니트 트림 | 편안한 핏,M | L | X라지,https://images.mcmworldwide.com/i/mcmworldwide/MHTGAMM12BK00L_01?sw=600 | https://images.mcmworldwide.com/i/mcmworldwide/MHTGAMM12BK00L_04?sw=600,https://kr.mcmworldwide.com/ko_KR/남성/의류/티셔츠-셔츠/mcm-x-ateez-with-mingi-코튼-로고-티셔츠/MHTGAMM12BK00L.html,스트릿
MHTGAMM04BK0XL,디스코 패치 티셔츠,450000,Black,MEN,CLOTHING,InStock,MCM 디스코(MCM Disco)' 패치로 위트를 더한 유니섹스 오가닉 코튼 저지 티셔츠,"70년대의 음악과 문화를 기념하는 회고적인 컬렉션인 이번 시즌의 ""MCM 디스코(MCM Disco)"" 테마는 대담한 서체 패치를 통해 이 숏슬리브 티셔츠의 대미를 장식합니다. 오가닉 코튼 구성 성분은 환경 보호를 위해 화학 물질을 사용하지 않고 재배되었습니다.",바디:100% 오가닉 면,,,대한민국,"앞면에 “MCM Disco” 패치 | 리브 니트 트림 | 오버사이즈 핏 | 여성 모델의 키는 175cm/5'8"" 이며 사이즈 S를 착용하고 있습니다. | 남성 모델의 키는 186cm/6'1"" 이며 사이즈 M을 착용하고 있습니다.",S | M | L | X라지,https://images.mcmworldwide.com/i/mcmworldwide/MHTGAMM04BK0XL_01?sw=600 | https://images.mcmworldwide.com/i/mcmworldwide/MHTGAMM04BK0XL_04?sw=600,https://kr.mcmworldwide.com/ko_KR/남성/의류/티셔츠-셔츠/disco-패치-오가닉-코튼-티셔츠/MHTGAMM04BK0XL.html,스트릿
MHPGSMM01GK046,모노그램 프린트 가죽이 더해진 울 트윌 팬츠,990000,Beige,MEN,CLOTHING,OutOfStock,비세토스 모노그램 프린트 가죽 벨트가 더해진 남성 울 트윌 팬츠,"일본산 울 트윌 소재로 제작된 팬츠. 비대칭 랩 디자인이 돋보이며, 시그니처 비세토스 모노그램이 장식된 코냑 그레인 레더 벨트로 포인트를 더했습니다. 매치되는 울 트윌 재킷과 함께 스타일링하여 시즌 룩을 완성해보세요.",100% 울,,,대한민국,"비대칭 랩 디자인 | 비세토스 모노그램 프린트가 더해진 가죽 벨트 | 뒷면 웰트 포켓 | 레귤러 핏 | Male model is 188cm / 6'1"" tall and wears size 048.",46 IT | 48 IT | 50 IT,https://images.mcmworldwide.com/i/mcmworldwide/MHPGSMM01GK046_01?sw=600 | https://images.mcmworldwide.com/i/mcmworldwide/MHPGSMM01GK046_09?sw=600 | https://images.mcmworldwide.com/i/mcmworldwide/MHPGSMM01GK046_04?sw=600 | https://images.mcmworldwide.com/i/mcmworldwide/MHPGSMM01GK046_10?sw=600 | https://images.mcmworldwide.com/i/mcmworldwide/MHPGSMM01GK046_11?sw=600 | https://images.mcmworldwide.com/i/mcmworldwide/MHPGSMM01GK046_12?sw=600,https://kr.mcmworldwide.com/ko_KR/men/clothing/pants-shorts/모노그램-프린트-가죽이-더해진-울-트윌-팬츠/MHPGSMM01GK046.html,클래식
MHJGSMM02GK046,모노그램 프린트 가죽이 더해진 울 트윌 재킷,1490000,Beige,MEN,CLOTHING,OutOfStock,라우렐 자수와 비세토스 모노그램 프린트 레더 트림이 어우러진 남성 울 트윌 재킷,"일본산 프리미엄 울을 사용한 이 재킷은 시그니처 라우렐 로고 자수, 비세토스 모노그램 프린트 레더 디테일, 바이에른 다이아몬드에서 영감을 받은 포켓 등 하우스의 클래식 코드가 곳곳에 담겨 있습니다. 크롭 실루엣과 넓은 숄더 라인이 더해져 세련되면서도 자신감 있는 룩을 연출합니다.",바디: 100% 울 | 안감: 100% 비스코스,,,대한민국,"지퍼 클로저 | 가슴 부분의 라우렐 로고 자수 | 앞면 포켓 | 와이드 숄더 디자인 | 칼라: 비세토스 모노그램 프린트가 더해진 엠보싱 가죽 | 비세토스 모노그램 프린트가 더해진 가죽 탭이 있는 엘라스틱 밑단 | 크롭 기장 | Male model is 188cm / 6'1"" tall and wears size 048.",46 IT | 48 IT | 50 IT | 52 IT,https://images.mcmworldwide.com/i/mcmworldwide/MHJGSMM02GK046_01?sw=600 | https://images.mcmworldwide.com/i/mcmworldwide/MHJGSMM02GK046_09?sw=600 | https://images.mcmworldwide.com/i/mcmworldwide/MHJGSMM02GK046_04?sw=600 | https://images.mcmworldwide.com/i/mcmworldwide/MHJGSMM02GK046_10?sw=600 | https://images.mcmworldwide.com/i/mcmworldwide/MHJGSMM02GK046_11?sw=600 | https://images.mcmworldwide.com/i/mcmworldwide/MHJGSMM02GK046_12?sw=600 | https://images.mcmworldwide.com/i/mcmworldwide/MHJGSMM02GK046_13?sw=600,https://kr.mcmworldwide.com/ko_KR/남성/의류/재킷-코트/모노그램-프린트-가죽이-더해진-울-트윌-재킷/MHJGSMM02GK046.html,럭셔리
MHPGABC01BK00L,에센셜 로고 폰테 쇼츠,410000,Black,MEN,CLOTHING,OutOfStock,라우렐 자수와 자카드 로고 모티프가 돋보이는 남성용 폰테 쇼츠,톤온톤 라우렐 자수와 자카드 로고 웨이스트밴드가 더해진 폰테 쇼츠. 매칭 트랙 재킷과 함께 착용해 완성도 높은 애슬레틱 룩을 연출할 수 있습니다.,"폴리에스테르 51%, 코튼 43%, 스판덱스 6% | 포켓 라이닝: 코튼 100%",,,대한민국,"앞면 톤온톤 라우렐 로고 자수 | 로고 자카드 허리 밴드 | 사이드 포켓 | 뒷면 포켓 | 리브 니트 트림 | 레귤러 핏 | 남성 모델의 키는 181cm/5'9"" 이며 사이즈 M을 착용하고 있습니다.",S | M | L | X라지,https://images.mcmworldwide.com/i/mcmworldwide/MHPGABC01BK00L_01?sw=600 | https://images.mcmworldwide.com/i/mcmworldwide/MHPGABC01BK00L_09?sw=600 | https://images.mcmworldwide.com/i/mcmworldwide/MHPGABC01BK00L_04?sw=600 | https://images.mcmworldwide.com/i/mcmworldwide/MHPGABC01BK00L_10?sw=600 | https://images.mcmworldwide.com/i/mcmworldwide/MHPGABC01BK00L_11?sw=600 | https://images.mcmworldwide.com/i/mcmworldwide/MHPGABC01BK00L_12?sw=600,https://kr.mcmworldwide.com/ko_KR/men/clothing/pants-shorts/에센셜-로고-폰테-쇼츠/MHPGABC01BK00L.html,캐주얼
MFHGAMM02L8040,모노그램 플록 포켓 웨스턴 셔츠,690000,Blue,WOMEN,CLOTHING,InStock,웨스턴 스타일 어깨 패널과 비세토스 모노그램 프린트 포켓으로 포인트를 더한 여성용 긴팔 셔츠,"레이온과 폴리에스터 혼방 소재로 제작된 롱 슬리브 셔츠로, 바이에른 다이아몬드 실루엣에서 영감을 받은 기하학적 숄더 패널 디테일을 더해 웨스턴 무드를 표현했습니다. 델라 로비아 블루 컬러에 비세토스 모노그램 플록 프린트 포켓을 더해 하우스 헤리티지를 은은하게 담아냈습니다.","레이온 35%, 폴리에스테르 65%",,,대한민국,"웨스턴 스타일 어깨 패널 | 버튼 클로저와 버튼 커프스 | 비세토스 모노그램 플록 프린트가 더해진 가슴 포켓 | 레귤러 핏 | 여성 모델의 키는 175cm/5'8"" 이며 사이즈 40을 착용하고 있습니다.",40 IT | 42 IT | 44 IT,https://images.mcmworldwide.com/i/mcmworldwide/MFHGAMM02L8040_01?sw=600 | https://images.mcmworldwide.com/i/mcmworldwide/MFHGAMM02L8040_09?sw=600 | https://images.mcmworldwide.com/i/mcmworldwide/MFHGAMM02L8040_04?sw=600 | https://images.mcmworldwide.com/i/mcmworldwide/MFHGAMM02L8040_10?sw=600 | https://images.mcmworldwide.com/i/mcmworldwide/MFHGAMM02L8040_11?sw=600 | https://images.mcmworldwide.com/i/mcmworldwide/MFHGAMM02L8040_12?sw=600,https://kr.mcmworldwide.com/ko_KR/여성/의류/티셔츠-탑/모노그램-플록-포켓-웨스턴-셔츠/MFHGAMM02L8040.html,클래식
MFHGAMM01OQ040,실크 파자마 셔츠,1050000,Orange,WOMEN,CLOTHING,InStock,그래픽 프린트가 더해진 여성용 긴 소매 실크 파자마 셔츠,1970~80년대 뮌헨의 음악 문화에서 영감을 받은 멀티컬러 바이에른 다이아몬드 모티프와 시즌의 기하학 모노그램이 고급 실크 파자마 셔츠를 장식합니다. 매칭되는 파자마 팬츠와 함께 여유로운 셋업 스타일을 완성할 수 있습니다,"바디: 실크 94%, 폴리우레탄 6% | 트림:100% 폴리에스터",,,대한민국,"버튼 클로저 | 가슴 포켓 | 레귤러 핏 | 여성 모델의 키는 175cm/5'8"" 이며 사이즈 40을 착용하고 있습니다.",40 IT | 42 IT | 44 IT,https://images.mcmworldwide.com/i/mcmworldwide/MFHGAMM01OQ040_01?sw=600 | https://images.mcmworldwide.com/i/mcmworldwide/MFHGAMM01OQ040_09?sw=600 | https://images.mcmworldwide.com/i/mcmworldwide/MFHGAMM01OQ040_04?sw=600 | https://images.mcmworldwide.com/i/mcmworldwide/MFHGAMM01OQ040_10?sw=600 | https://images.mcmworldwide.com/i/mcmworldwide/MFHGAMM01OQ040_11?sw=600 | https://images.mcmworldwide.com/i/mcmworldwide/MFHGAMM01OQ040_12?sw=600,https://kr.mcmworldwide.com/ko_KR/여성/의류/티셔츠-탑/실크-파자마-셔츠/MFHGAMM01OQ040.html,캐주얼
MFKGAMM01LI00M,루렉스 데님 오버올 스커트,890000,Blue,WOMEN,CLOTHING,InStock,로고 각인 메탈 하드웨어와 실리콘 MCM 로고 플레이트로 감각을 더한 여성용 루렉스 데님 오버롤 스커트,"70년대 스타일을 현대적으로 재해석한 여성스러운 오버롤 스커트. 메탈릭 루렉스 섬유로 은은한 광택을 구현했으며, 로고 각인 메탈 버튼과 다이아몬드 스터드, 비세토스 모노그램 패치와 실리콘 로고 플레이트 패치가 하우스의 헤리티지를 담아냅니다.","바디: 66.2% 코튼, 22.8% 폴리에스테르, 11% 금속 코팅 섬유 | 포켓 라이닝: 코튼 100%",,,대한민국,"실리콘 MCM 로고 플레이트가 있는 가슴 포켓 | 앞면 및 후면 포켓 | 뒷면의 비세토스 모노그램 패치 | 로고가 각인된 버튼과 스터드 하드웨어 | 여성 모델의 키는 175cm/5'8"" 이며 사이즈 S를 착용하고 있습니다.",XS | S | M,https://images.mcmworldwide.com/i/mcmworldwide/MFKGAMM01LI00M_01?sw=600 | https://images.mcmworldwide.com/i/mcmworldwide/MFKGAMM01LI00M_09?sw=600 | https://images.mcmworldwide.com/i/mcmworldwide/MFKGAMM01LI00M_04?sw=600 | https://images.mcmworldwide.com/i/mcmworldwide/MFKGAMM01LI00M_10?sw=600 | https://images.mcmworldwide.com/i/mcmworldwide/MFKGAMM01LI00M_11?sw=600 | https://images.mcmworldwide.com/i/mcmworldwide/MFKGAMM01LI00M_12?sw=600,https://kr.mcmworldwide.com/ko_KR/여성/의류/스커트-팬츠/루렉스-데님-오버올-스커트/MFKGAMM01LI00M.html,캐주얼
MFPGAMM04LI038,루렉스 데님 플레어 팬츠,830000,Blue,WOMEN,CLOTHING,OutOfStock,로고 각인 메탈 하드웨어와 비세토스 모노그램 패치를 더한 여성용 슬림 핏 플레어 데님 팬츠,"70년대와 디스코 문화를 기념하는 플레어 데님 팬츠. 메탈릭 루렉스 섬유가 은은한 광택을 더하며, 로고 각인 메탈 버튼과 다이아몬드 스터드가 헤리티지 감성을 강조합니다. 비세토스 모노그램 패치와 실리콘 로고 플레이트 패치로 마무리했습니다.","바디: 66.2% 코튼, 22.8% 폴리에스테르, 11% 금속 코팅 섬유 | 포켓 라이닝: 코튼 100%",,,대한민국,"실리콘 로고 플레이트 패치가 있는 5포켓 스타일 | 뒷면의 비세토스 모노그램 패치 | 로고가 각인된 버튼과 스터드 하드웨어 | 슬림 핏 | 여성 모델의 키는 175cm/5'8"" 이며 사이즈 40을 착용하고 있습니다.",38 IT | 40 IT | 42 IT,https://images.mcmworldwide.com/i/mcmworldwide/MFPGAMM04LI038_01?sw=600 | https://images.mcmworldwide.com/i/mcmworldwide/MFPGAMM04LI038_09?sw=600 | https://images.mcmworldwide.com/i/mcmworldwide/MFPGAMM04LI038_04?sw=600 | https://images.mcmworldwide.com/i/mcmworldwide/MFPGAMM04LI038_10?sw=600 | https://images.mcmworldwide.com/i/mcmworldwide/MFPGAMM04LI038_11?sw=600,https://kr.mcmworldwide.com/ko_KR/여성/의류/스커트-팬츠/루렉스-데님-플레어-팬츠/MFPGAMM04LI038.html,캐주얼
MHHGAMM01LI046,루렉스 데님 모노그램 포켓 셔츠,830000,Blue,MEN,CLOTHING,InStock,비세토스 모노그램 자수 포켓과 메탈 하드웨어로 포인트를 준 유니섹스 오버사이즈 루렉스 데님 셔츠,"메탈릭 루렉스 섬유를 직조해 은은한 광택을 더한 오버사이즈 인디고 데님 셔츠. 가슴 포켓에는 시그니처 비세토스 모노그램 자수를 더했으며, 로고 각인 메탈 버튼과 다이아몬드 스터드와 긴 소매 실루엣이 조화를 이룹니다.","바디: 66.2% 코튼, 22.8% 폴리에스테르, 11% 금속 코팅 섬유",,,대한민국,"가슴 포켓에 비세토스 모노그램 자수 | 메탈 로고 버튼 잠금 장치 | 버튼 커프스 | 스터드 장식 칼라 | 오버사이즈 핏 | 여성 모델의 키는 175cm/5'8"" 이며 사이즈 44를 착용하고 있습니다. | 남성 모델의 키는 186cm/6'1"" 이며 사이즈 48을 착용하고 있습니다.",46 IT | 48 IT | 50 IT,https://images.mcmworldwide.com/i/mcmworldwide/MHHGAMM01LI046_01?sw=600 | https://images.mcmworldwide.com/i/mcmworldwide/MHHGAMM01LI046_04?sw=600,https://kr.mcmworldwide.com/ko_KR/남성/의류/티셔츠-셔츠/루렉스-데님-모노그램-포켓-셔츠/MHHGAMM01LI046.html,스트릿
MFHGAMM01PZ040,실크 파자마 셔츠,1050000,Pink,WOMEN,CLOTHING,InStock,래픽 프린트가 돋보이는 실크 롱 슬리브 파자마 셔츠,편안한 휴식의 순간을 한층 우아하게 완성하는 파자마 셔츠. 고급 실크 소재 위에 핑크 컬러의 비세토스 모노그램이 더해졌습니다.,"바디: 실크 94%, 폴리우레탄 6% | 트림:100% 폴리에스터",,,대한민국,"버튼 클로저 | 비세토스 모노그램 전면 프린트 | 가슴 포켓 | 레귤러 핏 | Female model is 170cm / 5'6"" tall and wears size 40.",40 IT | 42 IT | 44 IT,https://images.mcmworldwide.com/i/mcmworldwide/MFHGAMM01PZ040_01?sw=600 | https://images.mcmworldwide.com/i/mcmworldwide/MFHGAMM01PZ040_09?sw=600 | https://images.mcmworldwide.com/i/mcmworldwide/MFHGAMM01PZ040_04?sw=600 | https://images.mcmworldwide.com/i/mcmworldwide/MFHGAMM01PZ040_10?sw=600 | https://images.mcmworldwide.com/i/mcmworldwide/MFHGAMM01PZ040_11?sw=600 | https://images.mcmworldwide.com/i/mcmworldwide/MFHGAMM01PZ040_12?sw=600 | https://images.mcmworldwide.com/i/mcmworldwide/MFHGAMM01PZ040_13?sw=600,https://kr.mcmworldwide.com/ko_KR/여성/의류/티셔츠-탑/실크-파자마-셔츠/MFHGAMM01PZ040.html,캐주얼
MFPGAMM05OQ040,실크 파자마 팬츠,990000,Orange,WOMEN,CLOTHING,InStock,그래픽 프린트가 돋보이는 여성용 실크 파자마 팬츠,파인 실크로 직조된 파자마 팬츠. 뮌헨 바이에른 다이아몬드에서 영감을 받은 시즌 멀티컬러 기하학적 모노그램이 돋보입니다.,"바디: 실크 94%, 폴리우레탄 6% | 트림:100% 폴리에스터",,,대한민국,"드로우스트링 처리된 허리 | 시즈널 모노그램 프린트 | 레귤러 핏 | 여성 모델의 키는 175cm/5'8"" 이며 사이즈 40을 착용하고 있습니다.",40 IT | 42 IT,https://images.mcmworldwide.com/i/mcmworldwide/MFPGAMM05OQ040_01?sw=600 | https://images.mcmworldwide.com/i/mcmworldwide/MFPGAMM05OQ040_09?sw=600 | https://images.mcmworldwide.com/i/mcmworldwide/MFPGAMM05OQ040_04?sw=600 | https://images.mcmworldwide.com/i/mcmworldwide/MFPGAMM05OQ040_10?sw=600 | https://images.mcmworldwide.com/i/mcmworldwide/MFPGAMM05OQ040_11?sw=600 | https://images.mcmworldwide.com/i/mcmworldwide/MFPGAMM05OQ040_12?sw=600,https://kr.mcmworldwide.com/ko_KR/여성/의류/스커트-팬츠/실크-파자마-팬츠/MFPGAMM05OQ040.html,캐주얼
MHCGSMM02CO00L,모노그램 립스탑 나일론 푸퍼 재킷,1890000,Cognac,MEN,CLOTHING,OutOfStock,비세토스 모노그램 프린트가 더해진 유니섹스 후디 립스탑 나일론 푸퍼 재킷,"이탈리아산 립스탑 나일론으로 제작한 후드 재킷으로, 시그니처 비세토스 모노그램이 돋보입니다. 재생 폴리에스터 충전재를 사용한 패디드 실루엣으로 자연을 배려하면서도 뛰어난 보온성을 제공합니다.",바디: 100% 립스탁 나일론 | 트림: 100% 리사이클 폴리에스터,,,대한민국,"후디 디자인 | 비세토스 모노그램 전면 프린트 | 지퍼 클로저 | 앞면 지퍼 포켓 | 메탈 하드웨어 | 편안한 핏 | Female model is 176cm / 5'8"" tall and wears size M. | Male model is 183cm / 6'0"" tall and wears size M.",XS | S | M | L,https://images.mcmworldwide.com/i/mcmworldwide/MHCGSMM02CO00L_01?sw=600 | https://images.mcmworldwide.com/i/mcmworldwide/MHCGSMM02CO00L_09?sw=600 | https://images.mcmworldwide.com/i/mcmworldwide/MHCGSMM02CO00L_04?sw=600 | https://images.mcmworldwide.com/i/mcmworldwide/MHCGSMM02CO00L_10?sw=600 | https://images.mcmworldwide.com/i/mcmworldwide/MHCGSMM02CO00L_11?sw=600 | https://images.mcmworldwide.com/i/mcmworldwide/MHCGSMM02CO00L_12?sw=600,https://kr.mcmworldwide.com/ko_KR/남성/의류/재킷-코트/모노그램-립스탑-나일론-파카/MHCGSMM02CO00L.html,스트릿
MHHGAMM02OQ048,모노그램 패치 포켓 셔츠,830000,Orange,MEN,CLOTHING,OutOfStock,비세토스 모노그램 포켓과 로고 플레이트 패치가 더해진 남성용 오버사이즈 반소매 코튼 셔츠,"하우스의 시그니처 요소가 더해진 이 오버사이즈 셔츠는 가슴 포켓 디자인에 유명한 이니셜, 월계수, 다이아몬드 모티프를 자랑합니다. MCM의 전통적인 상징인 로고 황동 플레이트는 클래식한 모노그램 위에 패치 형태로 장식되어 있습니다.",코튼 100%,,,대한민국,"버튼 클로저 | 비세토스 모노그램 및 로고 플레이트 패치가 있는 가슴 포켓 | 오버사이즈 핏 | 여성 모델의 키는 175cm/5'8"" 이며 사이즈 46을 착용하고 있습니다. | 남성 모델의 키는 186cm/6'1"" 이며 사이즈 48을 착용하고 있습니다.",48 IT | 50 IT,https://images.mcmworldwide.com/i/mcmworldwide/MHHGAMM02OQ048_01?sw=600 | https://images.mcmworldwide.com/i/mcmworldwide/MHHGAMM02OQ048_09?sw=600 | https://images.mcmworldwide.com/i/mcmworldwide/MHHGAMM02OQ048_04?sw=600 | https://images.mcmworldwide.com/i/mcmworldwide/MHHGAMM02OQ048_10?sw=600 | https://images.mcmworldwide.com/i/mcmworldwide/MHHGAMM02OQ048_11?sw=600 | https://images.mcmworldwide.com/i/mcmworldwide/MHHGAMM02OQ048_12?sw=600 | https://images.mcmworldwide.com/i/mcmworldwide/MHHGAMM02OQ048_13?sw=600,https://kr.mcmworldwide.com/ko_KR/남성/의류/티셔츠-셔츠/모노그램-패치-포켓-셔츠/MHHGAMM02OQ048.html,스트릿
MHTGABC02BK00M,다이아몬드 패치 피케 폴로,410000,Black,MEN,CLOTHING,InStock,다이아몬드 페이크 레더 패치와 비세토스 모노그램 플래킷이 돋보이는 남성용 오가닉 코튼 피케 폴로 셔츠,"오가닉 코튼 피케 폴로 셔츠로, 로고 장식이 더해진 페이크 레더 바이에른 다이아몬드 패치로 가슴 부근에 포인트를 더하였습니다. 투 버튼 플래킷에는 시그니처 비세토스 모노그램이 은은하게 반영되어 클래식한 감성을 더합니다.",바디:100% 오가닉 면,,,대한민국,"바이에른 다이아몬드 패턴의 페이크 레더 로고 패치 | 비세토스 모노그램 모티프의 투버튼 플래킷 | 레귤러 핏 | 남성 모델의 키는 181cm/5'9"" 이며 사이즈 M을 착용하고 있습니다.",S | M | L | X라지,https://images.mcmworldwide.com/i/mcmworldwide/MHTGABC02BK00M_01?sw=600 | https://images.mcmworldwide.com/i/mcmworldwide/MHTGABC02BK00M_09?sw=600 | https://images.mcmworldwide.com/i/mcmworldwide/MHTGABC02BK00M_04?sw=600 | https://images.mcmworldwide.com/i/mcmworldwide/MHTGABC02BK00M_10?sw=600 | https://images.mcmworldwide.com/i/mcmworldwide/MHTGABC02BK00M_11?sw=600 | https://images.mcmworldwide.com/i/mcmworldwide/MHTGABC02BK00M_12?sw=600,https://kr.mcmworldwide.com/ko_KR/남성/의류/티셔츠-셔츠/다이아몬드-패치-피케-폴로/MHTGABC02BK00M.html,캐주얼
MHTEAMM07BD00L,모노그램 패치 포켓 티셔츠,330000,Black,MEN,CLOTHING,OutOfStock,모노그램 프린트 에코 나일론 포켓이 더해진 오버사이즈 오가닉 코튼 저지 유니섹스 티셔츠,"환경 보호를 위해 화학물질 없이 재배된 오가닉 코튼을 사용한 오버사이즈 티셔츠. 바이에른 다이아몬드에서 영감을 받아, 시그니처 비세토스 모노그램 프린트가 더해진 리사이클 나일론 포켓에 뮌헨을 상징하는 라우렐 로고 자수가 포인트로 더해졌습니다.",바디:100% 오가닉 면,약 35.4 x 35.4 x 0.0 인치,,대한민국,"리브 니트 넥라인 | 라우렐 자수와 비세토스 모노그램 프린트가 더해진 리사이클 나일론 포켓 | 오버사이즈 핏 | Female model is 176cm / 5'8"" tall and wears size M. | Male model is 183cm / 6'0"" tall and wears size M.",XS | S | M | L | X라지,https://images.mcmworldwide.com/i/mcmworldwide/MHTEAMM07BD00L_01?sw=600 | https://images.mcmworldwide.com/i/mcmworldwide/MHTEAMM07BD00L_09?sw=600 | https://images.mcmworldwide.com/i/mcmworldwide/MHTEAMM07BD00L_04?sw=600 | https://images.mcmworldwide.com/i/mcmworldwide/MHTEAMM07BD00L_10?sw=600 | https://images.mcmworldwide.com/i/mcmworldwide/MHTEAMM07BD00L_11?sw=600 | https://images.mcmworldwide.com/i/mcmworldwide/MHTEAMM07BD00L_12?sw=600 | https://images.mcmworldwide.com/i/mcmworldwide/MHTEAMM07BD00L_13?sw=600,https://kr.mcmworldwide.com/ko_KR/남성/의류/티셔츠-셔츠/모노그램-패치-포켓-티셔츠-/MHTEAMM07BD00L.html,스트릿
MHTGABC02WT00L,다이아몬드 패치 피케 폴로,410000,White,MEN,CLOTHING,InStock,다이아몬드 페이크 레더 패치와 비세토스 모노그램 플래킷이 돋보이는 남성용 오가닉 코튼 피케 폴로 셔츠,"오가닉 코튼 피케 폴로 셔츠로, 로고 장식이 더해진 페이크 레더 바이에른 다이아몬드 패치로 가슴 부근에 포인트를 더하였습니다. 투 버튼 플래킷에는 시그니처 비세토스 모노그램이 은은하게 반영되어 클래식한 감성을 더합니다.",바디:100% 오가닉 면,,,대한민국,"바이에른 다이아몬드 패턴의 페이크 레더 로고 패치 | 비세토스 모노그램 모티프의 투버튼 플래킷 | 레귤러 핏 | 남성 모델의 키는 181cm/5'9"" 이며 사이즈 M을 착용하고 있습니다.",S | M | L | X라지,https://images.mcmworldwide.com/i/mcmworldwide/MHTGABC02WT00L_01?sw=600 | https://images.mcmworldwide.com/i/mcmworldwide/MHTGABC02WT00L_09?sw=600 | https://images.mcmworldwide.com/i/mcmworldwide/MHTGABC02WT00L_04?sw=600 | https://images.mcmworldwide.com/i/mcmworldwide/MHTGABC02WT00L_10?sw=600 | https://images.mcmworldwide.com/i/mcmworldwide/MHTGABC02WT00L_11?sw=600 | https://images.mcmworldwide.com/i/mcmworldwide/MHTGABC02WT00L_12?sw=600,https://kr.mcmworldwide.com/ko_KR/남성/의류/티셔츠-셔츠/다이아몬드-패치-피케-폴로/MHTGABC02WT00L.html,캐주얼
MXZGSTA03BK001,Aren 맥시 모노그램 레더 랜야드 ID 월렛,370000,Black,MEN,WALLET,InStock,신분증을 넣을 수 있는 ID 슬롯과 엠보싱 처리된 비세토스 모노그램 모티프가 더해진 내추럴 풀그레인 랜야드 레더 월릿,"풀그레인 레더로 정교하게 조형된 미니 ID 월렛은 하우스의 탁월한 장인정신을 보여주는 시그니처 비세토스 모노그램으로 완성되었습니다. 가죽 랜야드 스트랩으로 자유로운 핸즈프리 사용이 가능하며, 로고 각인 스프링 클라스로 다른 액세서리와 손쉽게 연결할 수 있습니다.",바디: 천연 풀 그레인 레더,약 1 x 11 x 8 센티미터,,대한민국,탈부착 가능한 가죽 랜야드 스트랩 | 로고가 각인된 스프링 잠금장치 | 스냅 클로저 | 뒤쪽 ID 창 | 다크 메탈 하드웨어 | 패브릭 안감 | 스트랩 드롭: 50 cm,프리 사이즈,https://images.mcmworldwide.com/i/mcmworldwide/MXZGSTA03BK001_01?sw=600 | https://images.mcmworldwide.com/i/mcmworldwide/MXZGSTA03BK001_09?sw=600 | https://images.mcmworldwide.com/i/mcmworldwide/MXZGSTA03BK001_03?sw=600 | https://images.mcmworldwide.com/i/mcmworldwide/MXZGSTA03BK001_04?sw=600 | https://images.mcmworldwide.com/i/mcmworldwide/MXZGSTA03BK001_10?sw=600 | https://images.mcmworldwide.com/i/mcmworldwide/MXZGSTA03BK001_11?sw=600,https://kr.mcmworldwide.com/ko_KR/남성/지갑-레더소품/카드지갑-키홀더/aren-맥시-모노그램-레더-랜야드-id-월렛/MXZGSTA03BK001.html,스트릿
MHTEAMM07BW00L,모노그램 패치 포켓 티셔츠,330000,Black,MEN,CLOTHING,InStock,모노그램 프린트 리사이클 나일론 포켓이 돋보이는 유니섹스 오버사이즈 오가닉 코튼 저지 티셔츠,글로벌 생태계에 미치는 피해를 최소화하기 위한 노력으로 화학물질을 사용하지 않고 재배한 오가닉 코튼 소재로 제작된 유니섹스 오버사이즈 티셔츠. 뮌헨을 상징하는 바이에른 다이아몬드에서 영감을 받은 재생 나일론 포켓의 포켓 위에 라우렐 로고 자수와 시그니처 비세토스 모노그램 프린트가 더해졌습니다.,바디:100% 오가닉 면,,,대한민국,"리브 니트 넥라인 | 라우렐 자수와 비세토스 모노그램 프린트가 더해진 리사이클 나일론 포켓 | 오버사이즈 핏 | Female model is 170cm / 5'6"" tall and wears size M. | Male model is 181cm / 5'9"" tall and wears size M.",XS | S | M | L | X라지,https://images.mcmworldwide.com/i/mcmworldwide/MHTEAMM07BW00L_01?sw=600 | https://images.mcmworldwide.com/i/mcmworldwide/MHTEAMM07BW00L_09?sw=600 | https://images.mcmworldwide.com/i/mcmworldwide/MHTEAMM07BW00L_04?sw=600 | https://images.mcmworldwide.com/i/mcmworldwide/MHTEAMM07BW00L_10?sw=600 | https://images.mcmworldwide.com/i/mcmworldwide/MHTEAMM07BW00L_11?sw=600 | https://images.mcmworldwide.com/i/mcmworldwide/MHTEAMM07BW00L_12?sw=600 | https://images.mcmworldwide.com/i/mcmworldwide/MHTEAMM07BW00L_13?sw=600,https://kr.mcmworldwide.com/ko_KR/남성/의류/티셔츠-셔츠/모노그램-패치-포켓-티셔츠-/MHTEAMM07BW00L.html,스트릿
MXADATA08PZ001,Aren 비세토스 카드 케이스,290000,Pink,MEN,WALLET,InStock,천연 가죽 트리밍이 더해진 비세토스 모노그램 캔버스 카드 케이스,"하우스의 시그니처 레터링, 라우렐, 다이아몬드 모티프가 돋보이는 클래식한 카드 케이스입니다. 가로와 세로로 배치된 가죽 슬롯 디테일이 감각적인 포인트를 더하며, MCM의 장인정신을 담아냈습니다.",바디:비세토스 모노그램 캔버스 | 트림:천연 가죽,약 1 x 11 x 8 센티미터,,대한민국,카드 슬롯 | 중앙 지폐 포켓 | 패브릭 안감,미니,https://images.mcmworldwide.com/i/mcmworldwide/MXADATA08PZ001_01?sw=600 | https://images.mcmworldwide.com/i/mcmworldwide/MXADATA08PZ001_03?sw=600 | https://images.mcmworldwide.com/i/mcmworldwide/MXADATA08PZ001_04?sw=600,https://kr.mcmworldwide.com/ko_KR/남성/지갑-레더소품/카드지갑-키홀더/aren-비세토스-카드-케이스/MXADATA08PZ001.html,클래식
MYSFSTA02CO001,Aren 비세토스 3단 지갑,490000,Cognac,WOMEN,WALLET,InStock,천연 나파 가죽 트림이 돋보이는 비세토스 모노그램 3단 스냅 지갑,아이코닉한 MCM 로고 브라스 플레이트가 돋보이며 스냅 클로저로 잠그는 모노그램 지갑입니다. 세련된 액세서리를 펼치면 고급스러운 가죽 내부에 6개의 카드 슬롯과 지폐 슬리브 1개 및 지퍼 수납공간 1개가 있습니다.,바디: 비세토스 모노그램 캔버스 | 트림: 천연 나파 가죽,약 3 x 12 x 9 센티미터,,대한민국,스냅 클로저와 MCM 브라스 플레이트 장식 | 내부 카드 슬롯 6개 | 지폐 슬리브 | 지퍼 수납공간 | 24K 도금 브라스 금속 장식 | 패브릭 안감.,S,https://images.mcmworldwide.com/i/mcmworldwide/MYSFSTA02CO001_01?sw=600 | https://images.mcmworldwide.com/i/mcmworldwide/MYSFSTA02CO001_03?sw=600 | https://images.mcmworldwide.com/i/mcmworldwide/MYSFSTA02CO001_04?sw=600,https://kr.mcmworldwide.com/ko_KR/여성/지갑-레더소품/반지갑/aren-비세토스-3단-지갑/MYSFSTA02CO001.html,클래식
MHTGASE01BK00L,로고 플레이트 티셔츠,270000,Black,MEN,CLOTHING,InStock,로고 플레이트 패치가 돋보이는 유니섹스 오가닉 코튼 저지 티셔츠,하우스의 헤리티지 디테일인 아이코닉 MCM 브라스 플레이트를 골드톤 패치 형태로 가슴 부분에 포인트를 준 오가닉 코튼 티셔츠,100% 오가닉 코튼,,,대한민국,"가슴 부분 로고 플레이트 TPU 패치 | 레귤러 핏 | 여성 모델의 키는 176cm/5'8"" 이며 사이즈 M을 착용하고 있습니다.",XS | S | M | L | X라지,https://images.mcmworldwide.com/i/mcmworldwide/MHTGASE01BK00L_01?sw=600 | https://images.mcmworldwide.com/i/mcmworldwide/MHTGASE01BK00L_09?sw=600 | https://images.mcmworldwide.com/i/mcmworldwide/MHTGASE01BK00L_04?sw=600 | https://images.mcmworldwide.com/i/mcmworldwide/MHTGASE01BK00L_10?sw=600 | https://images.mcmworldwide.com/i/mcmworldwide/MHTGASE01BK00L_11?sw=600 | https://images.mcmworldwide.com/i/mcmworldwide/MHTGASE01BK00L_12?sw=600,https://kr.mcmworldwide.com/ko_KR/남성/의류/티셔츠-셔츠/로고-플레이트-티셔츠-/MHTGASE01BK00L.html,캐주얼
MXADATA08BK001,Aren 비세토스 카드 케이스,290000,Black,MEN,WALLET,InStock,나파 가죽 트림 디테일 비세토스 모노그램 카드 케이스,시그니처 MCM 레터와 월계수 및 다이아몬드가 프린트된 컴팩트한 비세토스 카드 케이스입니다. 천연 나파 가죽 트림이 돋보이는 액세서리로 세로 및 가로 구성의 슬롯이 있습니다.,바디: 비세토스 모노그램 캔버스 | 트림: 나파 가죽,약 1 x 11 x 8 센티미터,,대한민국,카드 슬롯 | 지폐 및 영수증용 중앙 포켓 | 패브릭 안감.,미니,https://images.mcmworldwide.com/i/mcmworldwide/MXADATA08BK001_01?sw=600 | https://images.mcmworldwide.com/i/mcmworldwide/MXADATA08BK001_03?sw=600 | https://images.mcmworldwide.com/i/mcmworldwide/MXADATA08BK001_04?sw=600,https://kr.mcmworldwide.com/ko_KR/남성/지갑-레더소품/카드지갑-키홀더/aren-비세토스-카드-케이스/MXADATA08BK001.html,클래식
MXAGATA044B001,Aren 비세토스 카드 지갑,290000,Brown,MEN,WALLET,InStock,가죽 트림이 더해진 비세토스 모노그램 캔버스 카드 지갑,"하우스의 시그니처 레터, 라우렐, 다이아몬드 모티프가 깊이 있는 시나몬 컬러로 표현된 클래식 카드 케이스. 정교하게 완성된 가죽 슬롯이 브랜드 장인정신의 우아한 품격을 전합니다.",바디:비세토스 모노그램 캔버스,약 1 x 11 x 8 센티미터,,대한민국,카드 슬롯 | 중앙 지폐 포켓 | 레더 트림 | 패브릭 안감,미니,https://images.mcmworldwide.com/i/mcmworldwide/MXAGATA044B001_01?sw=600 | https://images.mcmworldwide.com/i/mcmworldwide/MXAGATA044B001_03?sw=600 | https://images.mcmworldwide.com/i/mcmworldwide/MXAGATA044B001_04?sw=600,https://kr.mcmworldwide.com/ko_KR/남성/지갑-레더소품/카드지갑-키홀더/aren-비세토스-카드-지갑/MXAGATA044B001.html,클래식
MXSESTA01VC001,Aren 맥시 모노그램 레더 스냅 지갑,450000,Blue,MEN,WALLET,InStock,엠보싱 맥시 모노그램이 돋보이는 풀그레인 나파 가죽 바이폴드 스냅 지갑,"천연 풀 그레인 가죽 소재의 양면 스냅 지갑으로 시그니처 모노그램이 섬세하게 엠보싱 처리되어 있습니다. 내부는 지퍼 수납 공간과 지폐 슬리브, 여러 개의 카드 슬롯으로 구성되어 있습니다.",바디: 천연 풀 그레인 나파 가죽,약 2 x 9 x 12 센티미터,,대한민국,엠보스드 맥시 모노그램 | 지퍼 수납공간 | 스냅 클로저 | 지폐 슬리브 | 카드 슬롯 | 보조 슬리브 | 실버톤 코발트 금속 장식 | 패브릭 안감,미니,https://images.mcmworldwide.com/i/mcmworldwide/MXSESTA01VC001_01?sw=600 | https://images.mcmworldwide.com/i/mcmworldwide/MXSESTA01VC001_03?sw=600 | https://images.mcmworldwide.com/i/mcmworldwide/MXSESTA01VC001_04?sw=600,https://kr.mcmworldwide.com/ko_KR/남성/지갑-레더소품/반지갑-머니클립/aren-맥시-모노그램-레더-스냅-지갑/MXSESTA01VC001.html,클래식
MXZGSTA11BK001,Aren 비세토스 폰 파우치,650000,Black,MEN,WALLET,InStock,가죽 랜야드 스트랩과 천연 가죽 트림이 더해진 비세토스 모노그램 캔버스 폰 파우치,"시그니처 비세토스로 완성된 모노그램 폰 파우치. 앞면 플랩과 하우스 아이코닉 로고 브라스 플레이트가 세련된 포인트를 더하며, 뒷면 가죽 카드 슬롯과 신분증 수납 공간으로 실용성과 이동 중 편안함을 제공합니다.",바디:비세토스 모노그램 캔버스 | 트림:천연 가죽,약 4 x 12 x 19 센티미터,,대한민국,탈부착이 가능하며 길이 조절이 가능한 가죽 스트랩 | 아이폰 16 프로 맥스 수납 가능 | 로고 브라스 플레이트 | 뒷면 외부 카드 슬롯 | 스냅 클로저 | 실버톤 코발트 브라스 하드웨어 | 패브릭 안감 | 스트랩 드롭: 60cm,S,https://images.mcmworldwide.com/i/mcmworldwide/MXZGSTA11BK001_01?sw=600 | https://images.mcmworldwide.com/i/mcmworldwide/MXZGSTA11BK001_09?sw=600 | https://images.mcmworldwide.com/i/mcmworldwide/MXZGSTA11BK001_03?sw=600 | https://images.mcmworldwide.com/i/mcmworldwide/MXZGSTA11BK001_04?sw=600 | https://images.mcmworldwide.com/i/mcmworldwide/MXZGSTA11BK001_05?sw=600 | https://images.mcmworldwide.com/i/mcmworldwide/MXZGSTA11BK001_10?sw=600 | https://images.mcmworldwide.com/i/mcmworldwide/MXZGSTA11BK001_11?sw=600,https://kr.mcmworldwide.com/ko_KR/남성/지갑-레더소품/카드지갑-키홀더/aren-비세토스-폰-파우치/MXZGSTA11BK001.html,스트릿
MYLFATA01PZ001,Aren 비세토스 크로스바디 월렛,830000,Pink,WOMEN,WALLET,InStock,브라스 로고 플레이트 클로저와 천연 가죽 트리밍이 돋보이는 크로스바디 월렛,"클래식한 우아함에 브랜드 헤리티지를 상징하는 디테일이 더해졌습니다. 바우하우스의 기능주의 철학을 반영한 디자인으로, 18K 금 도금 로고 브라스 플레이트가 스냅 잠금장치 역할을 하며 뮌헨하우스의 상징을 잘 담고 있습니다.",바디: 비세토스 모노그램 캔버스 | 트림: 천연 나파 가죽,약 4 x 20 x 11 센티미터,,대한민국,탈부착 가능한 가죽 스트랩 | 뒷면 외부 포켓 | 로고 브라스 플레이트 스냅 클로저 | 내부 카드 슬로과 지퍼 수납공간 | 18K 금 도금 메탈 하드웨어 | 패브릭 라이닝 | 핸들 길이: 55cm,L,https://images.mcmworldwide.com/i/mcmworldwide/MYLFATA01PZ001_01?sw=600 | https://images.mcmworldwide.com/i/mcmworldwide/MYLFATA01PZ001_09?sw=600 | https://images.mcmworldwide.com/i/mcmworldwide/MYLFATA01PZ001_03?sw=600 | https://images.mcmworldwide.com/i/mcmworldwide/MYLFATA01PZ001_04?sw=600,https://kr.mcmworldwide.com/ko_KR/여성/지갑-레더소품/체인-지갑/aren-비세토스-크로스바디-월렛/MYLFATA01PZ001.html,럭셔리
MXZGATA04BK001,Aren 엠보스드 모노그램 레더 크로스바디 지갑,990000,Black,MEN,WALLET,InStock,엠보싱 비세토스 모노그램과 가죽 스트랩이 더해진 풀그레인 레더 폰 월렛,"시간이 지나도 변하지 않는 감성을 담은 Aren 지갑. 블랙 나파 가죽에 시그니처 비세토스 모노그램을 엠보싱으로 더했으며, 가죽 스트랩을 통해 핸즈프리 스타일을 완성합니다.",바디: 풀 그레인 나파 레더,약 4 x 21 x 11 센티미터,,대한민국,iPhone 17 Pro Max 수납 가능 | 가죽 스트랩 | 엠보스드 비세토스 모노그램 | 마그네틱 스냅 클로저 | 내부 카드 슬롯 | 지퍼 수납 공간 | 다크 메탈 하드웨어 | 코튼 트윌 안감 | 스트랩 드롭: 55 cm,프리 사이즈,https://images.mcmworldwide.com/i/mcmworldwide/MXZGATA04BK001_01?sw=600 | https://images.mcmworldwide.com/i/mcmworldwide/MXZGATA04BK001_09?sw=600 | https://images.mcmworldwide.com/i/mcmworldwide/MXZGATA04BK001_02?sw=600 | https://images.mcmworldwide.com/i/mcmworldwide/MXZGATA04BK001_03?sw=600 | https://images.mcmworldwide.com/i/mcmworldwide/MXZGATA04BK001_04?sw=600 | https://images.mcmworldwide.com/i/mcmworldwide/MXZGATA04BK001_05?sw=600 | https://images.mcmworldwide.com/i/mcmworldwide/MXZGATA04BK001_10?sw=600,https://kr.mcmworldwide.com/ko_KR/남성/지갑-레더소품/카드지갑-키홀더/aren-엠보스드-모노그램-레더-크로스바디-지갑/MXZGATA04BK001.html,페미닌
MYAGSTA01BK001,Aren 비세토스 카드 파우치,470000,Black,WOMEN,WALLET,InStock,"키링, 후크 클라스프, 천연 가죽 트림이 더해진 비세토스 모노그램 캔버스 카드 파우치","시그니처 비세토스 캔버스와 레더 디테일이 돋보이는 우아한 카드 파우치로, 세련된 디자인에 키링과 후크 클라스프가 더해져 가방이나 백팩에 손쉽게 부착할 수 있습니다.",바디:비세토스 모노그램 캔버스 | 트림:천연 가죽,약 3 x 12 x 9 센티미터,,대한민국,후크 잠금 장지 | 키링 | 지퍼 클로저 | 내부 포켓 및 카드 슬롯 | 실버톤 코발트 브라스 하드웨어 | 패브릭 안감,미니 | S,https://images.mcmworldwide.com/i/mcmworldwide/MYAGSTA01BK001_01?sw=600 | https://images.mcmworldwide.com/i/mcmworldwide/MYAGSTA01BK001_03?sw=600 | https://images.mcmworldwide.com/i/mcmworldwide/MYAGSTA01BK001_04?sw=600 | https://images.mcmworldwide.com/i/mcmworldwide/MYAGSTA01BK001_05?sw=600,https://kr.mcmworldwide.com/ko_KR/여성/지갑-레더소품/카드지갑-레더소품/aren-비세토스-카드-파우치/MYAGSTA01BK001.html,스트릿
MYLFATA04CO001,Aren 비세토스 콘티넨털 지갑,690000,Cognac,WOMEN,WALLET,InStock,천연 가죽 트림이 더해진 비세토스 모노그램 캔버스 삼단 지갑,"시그니처 비세토스 캔버스로 제작되어 뮌헨 하우스의 클래식 모노그램 프린트가 돋보이는 라지 사이즈의 컨티넨탈 지갑. 3단 구조의 이 액세서리는 넉넉한 카드 슬롯과 지퍼 포켓, 수납공간을 갖추고 있으며 내부는 부드러운 가죽을 사용하였습니다.",바디:비세토스 모노그램 캔버스 | 트림:천연 가죽,약 2 x 19 x 10 센티미터,,대한민국,스냅 클로저 | 카드 슬롯 | 지폐 수납칸 | 지퍼 수납 공간 | 24K 골드 도금 메탈 하드웨어 | 패브릭 안감(카드 슬롯),L,https://images.mcmworldwide.com/i/mcmworldwide/MYLFATA04CO001_01?sw=600 | https://images.mcmworldwide.com/i/mcmworldwide/MYLFATA04CO001_03?sw=600 | https://images.mcmworldwide.com/i/mcmworldwide/MYLFATA04CO001_04?sw=600,https://kr.mcmworldwide.com/ko_KR/여성/지갑-레더소품/모두보기/aren-비세토스-콘티넨털-지갑/MYLFATA04CO001.html,클래식
MYLGSTA01BK001,Aren 엠보스드 모노그램 레더 체인 월렛,990000,Black,WOMEN,WALLET,InStock,엠보싱 처리된 비세토스 모노그램 모티프가 돋보이는 내추럴 풀그레인 레더 월릿,"하우스의 헤리티지 코드를 담아 완성된 풀그레인 레더 월렛은 상징적인 브라스 플레이트 클로저로 아이코닉함을 더하고, 시그니처 비세토스 모노그램으로 세련된 디테일을 완성했습니다. 함께 제공되는 스트랩으로 클러치처럼 들거나 우아한 숄더 백으로 연출할 수 있습니다.",바디: 천연 풀 그레인 레더,약 3 x 20 x 11 센티미터,,대한민국,탈부착 가능한 스트랩 | 엠보싱 처리된 비세토스 모노그램 모티프 | 브라스 플레이트 스냅 잠금장치 | 카드 슬롯 | 내부 지퍼 포켓 | 실버톤 코발트 브라스 하드웨어 | 패브릭 안감 | 스트랩 드롭: 55 cm,미니 | L,https://images.mcmworldwide.com/i/mcmworldwide/MYLGSTA01BK001_01?sw=600 | https://images.mcmworldwide.com/i/mcmworldwide/MYLGSTA01BK001_09?sw=600 | https://images.mcmworldwide.com/i/mcmworldwide/MYLGSTA01BK001_03?sw=600 | https://images.mcmworldwide.com/i/mcmworldwide/MYLGSTA01BK001_04?sw=600 | https://images.mcmworldwide.com/i/mcmworldwide/MYLGSTA01BK001_05?sw=600 | https://images.mcmworldwide.com/i/mcmworldwide/MYLGSTA01BK001_10?sw=600 | https://images.mcmworldwide.com/i/mcmworldwide/MYLGSTA01BK001_11?sw=600,https://kr.mcmworldwide.com/ko_KR/여성/지갑-레더소품/체인-지갑/aren-엠보스드-모노그램-레더-체인-월렛/MYLGSTA01BK001.html,럭셔리
MXZGATA01CO001,비세토스 랜야드 ID 카드 지갑,290000,Cognac,MEN,WALLET,InStock,"나파 가죽 트림과 가죽 스트랩, ID 창이 더해진 비세토스 모노그램 캔버스 카드 홀더",하우스의 클래식 코드가 반영된 비세토스 캔버스와 가죽으로 구성된 ID 카드 케이스. 가죽 스트랩이 함께 구성되어 핸즈프리 스타일링이 가능합니다.,바디:비세토스 모노그램 캔버스 | 트림: 나파 가죽,약 1 x 7 x 12 센티미터,,대한민국,탈부착이 가능한 가죽 스트랩 | 카드 슬롯 | ID 창 | 24K 골드 도금 브라스 하드웨어 | 패브릭 안감 | 스트랩 드롭:46cm,프리 사이즈,https://images.mcmworldwide.com/i/mcmworldwide/MXZGATA01CO001_01?sw=600 | https://images.mcmworldwide.com/i/mcmworldwide/MXZGATA01CO001_03?sw=600 | https://images.mcmworldwide.com/i/mcmworldwide/MXZGATA01CO001_04?sw=600 | https://images.mcmworldwide.com/i/mcmworldwide/MXZGATA01CO001_05?sw=600 | https://images.mcmworldwide.com/i/mcmworldwide/MXZGATA01CO001_06?sw=600,https://kr.mcmworldwide.com/ko_KR/남성/지갑-레더소품/카드지갑-키홀더/비세토스-랜야드-id-카드-지갑/MXZGATA01CO001.html,캐주얼
MYSGSTA01BK001,Aren 비세토스 브라스 플레이트 지갑,490000,Black,WOMEN,WALLET,InStock,로고가 더해진 브라스 플레이트 장식과 천연 가죽 트림이 더해진 비세토스 모노그램 캔버스 지갑,"뮌헨 하우스의 여행용 트렁크에서 영감을 얻은 아이코닉 로고 브래스 플레이트가 특징인 지갑으로, 내부는 나파 가죽으로 마감되어 카드 슬롯과 지폐 수납 공간을 갖추고 있습니다. 지퍼 클로저를 사용하여 완성도를 높이며 소중한 소지품을 안전하게 보관할 수 있습니다.",바디:비세토스 모노그램 캔버스 | 트림:천연 가죽,약 4 x 12 x 9 센티미터,,대한민국,뒷면 외부 슬립 포켓 | 지퍼 수납 공간 | 로고가 더해진 브라스 플레이트 장식의 스냅 클로저 | 지폐 수납 공간 | 내부 카드 슬롯 | 실버톤 코발트 브라스 하드웨어 | 패브릭 안감(카드 슬롯),미니 | S | M,https://images.mcmworldwide.com/i/mcmworldwide/MYSGSTA01BK001_01?sw=600 | https://images.mcmworldwide.com/i/mcmworldwide/MYSGSTA01BK001_03?sw=600 | https://images.mcmworldwide.com/i/mcmworldwide/MYSGSTA01BK001_04?sw=600,https://kr.mcmworldwide.com/ko_KR/여성/지갑-레더소품/반지갑/aren-비세토스-브라스-플레이트-지갑/MYSGSTA01BK001.html,캐주얼
MXKCSVI01BK001,비세토스 오리지널 키 파우치,350000,Black,MEN,WALLET,InStock,시그니처 비세토스와 나파 가죽 및 카라비너 연결 고리가 돋보이는 지퍼 파우치,비세토스와 나파 가죽으로 제작되었으며 클래식 수공예와 현실 세계의 기능성의 균형을 맞춘 컴팩트한 지퍼 파우치입니다. 로고 인그레이브드 카라비너 연결 고리를 통해 모험을 즐기며 경계를 확장하는 하우스의 기능적인 특성을 보여줍니다.,,약 1 x 14 x 8 센티미터,,대한민국,로고 인그레이브드 카라비너 연결 고리 | 지퍼 클로저 | 내부 카드 슬롯 | 비세토스 모노그램 코티드 캔버스 | 나파 가죽 트림 | 실버 톤 코발트 메탈 하드웨어. | 패브릭 안감.,미니,https://images.mcmworldwide.com/i/mcmworldwide/MXKCSVI01BK001_01?sw=600 | https://images.mcmworldwide.com/i/mcmworldwide/MXKCSVI01BK001_09?sw=600 | https://images.mcmworldwide.com/i/mcmworldwide/MXKCSVI01BK001_03?sw=600 | https://images.mcmworldwide.com/i/mcmworldwide/MXKCSVI01BK001_04?sw=600 | https://images.mcmworldwide.com/i/mcmworldwide/MXKCSVI01BK001_10?sw=600,https://kr.mcmworldwide.com/ko_KR/남성/지갑-레더소품/카드지갑-키홀더/비세토스-오리지널-키-파우치/MXKCSVI01BK001.html,캐주얼
MXZGATA01PZ001,Lanyard ID Card Holder in Visetos,290000,Pink,WOMEN,WALLET,InStock,"Visetos monogram canvas card holder with ID window, nappa leather trim, and leather strap","Replete with the classic codes of the House, this ID card case in Visetos canvas and leather is accompanied by a leather strap — converting the accessory into a hands-free statement piece.",Body: Visetos monogram canvas | Trim: Nappa leather,약 1 x 7 x 12 센티미터,,대한민국,Removable leather strap | Card slots | ID window | 16k gold-plated metal hardware | Fabric lining | Strap drop: 46 cm,프리 사이즈,https://images.mcmworldwide.com/i/mcmworldwide/MXZGATA01PZ001_01?sw=600 | https://images.mcmworldwide.com/i/mcmworldwide/MXZGATA01PZ001_03?sw=600 | https://images.mcmworldwide.com/i/mcmworldwide/MXZGATA01PZ001_04?sw=600 | https://images.mcmworldwide.com/i/mcmworldwide/MXZGATA01PZ001_05?sw=600 | https://images.mcmworldwide.com/i/mcmworldwide/MXZGATA01PZ001_06?sw=600,https://kr.mcmworldwide.com/ko_KR/여성/지갑-레더소품/카드지갑-레더소품/lanyard-id-card-holder-in-visetos/MXZGATA01PZ001.html,캐주얼
MXSFATA02BK001,비세토스 카드 지갑,410000,Black,MEN,WALLET,InStock,스냅 여밈과 천연 가죽 트림이 더해진 비세토스 모노그램 캔버스 반지갑,"비세토스 모노그램 캔버스로 제작된 이 스냅 지갑의 내부는 천연 가죽을 사용하였으며 여러 개의 카드 슬롯과 수납 공간을 갖추고 있어 현금과 신분증을 편리하게 보관, 정리할 수 있습니다. 슬림한 지퍼 포켓은 동전과 작은 소지품을 안전하게 보관해 줍니다.",바디:비세토스 모노그램 캔버스 | 트림:천연 가죽,약 2 x 12 x 10 센티미터,,대한민국,스냅 클로저 | 내부 카드 슬롯 | 지폐 수납 공간 | 내부 포켓 | 실버톤 코발트 메탈 하드웨어 | 패브릭 안감,프리 사이즈 | 미니,https://images.mcmworldwide.com/i/mcmworldwide/MXSFATA02BK001_01?sw=600 | https://images.mcmworldwide.com/i/mcmworldwide/MXSFATA02BK001_03?sw=600 | https://images.mcmworldwide.com/i/mcmworldwide/MXSFATA02BK001_04?sw=600,https://kr.mcmworldwide.com/ko_KR/남성/지갑-레더소품/반지갑-머니클립/비세토스-카드-지갑/MXSFATA02BK001.html,캐주얼
MYSGAAF01BK001,Pina 스터드 장식 카프스킨 지갑,590000,Black,WOMEN,WALLET,InStock,메탈 스터드 장식과 나파 가죽 트림이 돋보이는 그레인 가죽 월렛,"하우스의 시그니처 코드를 담은 스몰사이즈 Pina(피나) 카프스킨 지갑. 골드 톤 메탈 스터드와 아이코닉한 로고 브라스 플레이트가 고급스러운 분위기를 더하며, 부드러운 나파 가죽을 사용한내부에는 다양한 카드 슬롯과 지퍼 포켓, 소지품 수납공간으로 구성되어 있습니다.",바디:100% 카프스킨 | 트림: 나파 가죽,약 3 x 11 x 8 센티미터,,대한민국,"금속 로고 스터드 장식 | 로고 브라스 플레이트 | 스냅 클로저 | 내부 수납공간, 카드 슬롯 및 지퍼 포켓 및 체인 스트랩 | 24K 골드 도금 브라스 하드웨어 | 패브릭 안감",S,https://images.mcmworldwide.com/i/mcmworldwide/MYSGAAF01BK001_01?sw=600 | https://images.mcmworldwide.com/i/mcmworldwide/MYSGAAF01BK001_03?sw=600 | https://images.mcmworldwide.com/i/mcmworldwide/MYSGAAF01BK001_04?sw=600,https://kr.mcmworldwide.com/ko_KR/여성/지갑-레더소품/반지갑/pina-스터드-장식-카프스킨-지갑/MYSGAAF01BK001.html,스트릿
MYAFSXT01PZ001,패트리샤 비세토스 지퍼 카드 케이스,430000,Pink,WOMEN,WALLET,InStock,천연 나파 가죽 트림과 라우렐 잠금 수납공간이 돋보이는 비세토스 모노그램 지퍼 카드 케이스,시그니처 라우렐 잠금 장치로 앞면 포켓을 고정할 수 있는 모노그램 지갑으로 메인 지퍼 수납공간과 뒷면 카드 슬롯이 특징입니다. 도금 로고 인그레이빙 연결 고리를 통해 클래식 액세서리를 좋아하는 백이나 백팩에 부착하여 우아한 참으로 연출할 수 있습니다.,바디: 비세토스 모노그램 캔버스 | 트림: 천연 나파 가죽,약 2 x 12 x 9 센티미터,,대한민국,앞면 수납공간과 라우렐 잠금 스냅 클로저 | 로고가 새겨진 연결 고리 잠금장치 | 지퍼 어라운드 클로저. | 뒷면 외부 카드 슬롯 | 18K 금 도금 메탈 하드웨어 | 패브릭 안감.,미니,https://images.mcmworldwide.com/i/mcmworldwide/MYAFSXT01PZ001_01?sw=600 | https://images.mcmworldwide.com/i/mcmworldwide/MYAFSXT01PZ001_03?sw=600 | https://images.mcmworldwide.com/i/mcmworldwide/MYAFSXT01PZ001_04?sw=600,https://kr.mcmworldwide.com/ko_KR/여성/지갑-레더소품/카드지갑-레더소품/패트리샤-비세토스-지퍼-카드-케이스/MYAFSXT01PZ001.html,클래식
MXSFATA04BK001,비세토스 반지갑,410000,Black,MEN,WALLET,InStock,MCM의 헤리티지를 담은 모노그램 반지갑,"시그니처 비세토스 캔버스로 선보이는 이 클래식 액세서리는 부드러운 가죽 내부와 다수의 카드 슬롯, 현금과 영수증을 수납할 수 있는 실용적인 공간을 갖추고 있습니다.",바디:비세토스 모노그램 캔버스 | 트림:천연 가죽,약 2 x 11 x 9 센티미터,,대한민국,내부 카드 슬롯 | 지폐 수납 공간 | 내부 포켓 | 패브릭 안감,S,https://images.mcmworldwide.com/i/mcmworldwide/MXSFATA04BK001_01?sw=600 | https://images.mcmworldwide.com/i/mcmworldwide/MXSFATA04BK001_03?sw=600 | https://images.mcmworldwide.com/i/mcmworldwide/MXSFATA04BK001_04?sw=600,https://kr.mcmworldwide.com/ko_KR/남성/지갑-레더소품/반지갑-머니클립/비세토스-반지갑/MXSFATA04BK001.html,캐주얼
MXAAAVI03CO001,비세토스 오리지널 N/S 카드 케이스,290000,Cognac,MEN,WALLET,InStock,열광적인 MCM 고객을 위해 제작된 비세토스 오리지널 라인은 영원한 아름다움을 선사하는 모든 제품에서 대표적인 모노그램 코팅 캔버스를 자랑스럽게 선보입니다.,이제 세로 버전으로 이용할 수 있습니다. 비세토스로 제작한 이 버티컬 케이스는 지폐와 영수증을 보관할 수 있는 여러 개의 카드 슬롯과 포켓이 특징입니다.,,약 1 x 8 x 11 센티미터,,대한민국,지폐 및 영수증용 중앙 포켓 | 양면 포켓,미니,https://images.mcmworldwide.com/i/mcmworldwide/MXAAAVI03CO001_01?sw=600 | https://images.mcmworldwide.com/i/mcmworldwide/MXAAAVI03CO001_03?sw=600 | https://images.mcmworldwide.com/i/mcmworldwide/MXAAAVI03CO001_04?sw=600,https://kr.mcmworldwide.com/ko_KR/남성/지갑-레더소품/카드지갑-키홀더/비세토스-오리지널-n/s-카드-케이스/MXAAAVI03CO001.html,미니멀
MYSESXT01CO001,Tracy 비세토스 3단 지갑,570000,Cognac,WOMEN,WALLET,InStock,비세토스 모노그램 캔버스와 나파 가죽 소재의 지갑,시그니처 아이콘과 하우스의 명망 높은 수공예를 보여주는 컴팩트한 3단 지갑입니다. 천연 나파 가죽 소재의 내부에는 카드와 동전 및 현금을 위한 수납공간이 갖춰져 있으며 도금 라우렐 잠금 스냅 클로저로 안전하게 여밀 수 있습니다.,바디: 비세토스 모노그램 캔버스 | 트림: 나파 가죽,약 3 x 12 x 10 센티미터,,대한민국,로렐 락 스냅 클로저. | 중앙 지퍼 포켓 | 지폐 슬리브 | 내부 카드 슬롯 | 내부 옆면 슬리브 | 24K 도금 메탈 금속 장식 | 패브릭 안감.,S,https://images.mcmworldwide.com/i/mcmworldwide/MYSESXT01CO001_01?sw=600 | https://images.mcmworldwide.com/i/mcmworldwide/MYSESXT01CO001_03?sw=600 | https://images.mcmworldwide.com/i/mcmworldwide/MYSESXT01CO001_04?sw=600,https://kr.mcmworldwide.com/ko_KR/여성/지갑-레더소품/반지갑/tracy-비세토스-3단-지갑/MYSESXT01CO001.html,클래식
MYLESXT02CO001,Tracy 비세토스 체인 지갑,830000,Cognac,WOMEN,WALLET,InStock,라우렐 잠금 장치와 천연 나파 가죽 트림이 돋보이는 비세토스 체인 지갑,클래식 코냑 비세토스로 제작되었으며 시그니처 라우렐 잠금 장치가 돋보이는 라지 체인 지갑입니다. 천연 나파 가죽 소재의 내부 디바이더에 중앙 지퍼 포켓과 여러 개의 카드 슬롯 및 지폐 슬리브가 있습니다. 클러치로 휴대하거나 체인 스트랩을 부착하여 핸즈프리로 세련되게 착용할 수 있습니다.,바디: 비세토스 모노그램 캔버스 | 트림: 나파 가죽,약 3 x 19 x 10 센티미터,,대한민국,탈부착 가능한 체인 스트랩 | 라우렐 잠금 장치. | 분할된 내부 구조. | 중앙 지퍼 포켓 | 카드 슬롯 | 24K 도금 메탈 금속 장식 | 패브릭 안감. | 스트랩 드롭: 60cm.,L,https://images.mcmworldwide.com/i/mcmworldwide/MYLESXT02CO001_01?sw=600 | https://images.mcmworldwide.com/i/mcmworldwide/MYLESXT02CO001_09?sw=600 | https://images.mcmworldwide.com/i/mcmworldwide/MYLESXT02CO001_03?sw=600 | https://images.mcmworldwide.com/i/mcmworldwide/MYLESXT02CO001_04?sw=600 | https://images.mcmworldwide.com/i/mcmworldwide/MYLESXT02CO001_10?sw=600 | https://images.mcmworldwide.com/i/mcmworldwide/MYLESXT02CO001_11?sw=600,https://kr.mcmworldwide.com/ko_KR/여성/지갑-레더소품/체인-지갑/tracy-비세토스-체인-지갑/MYLESXT02CO001.html,럭셔리
MESGSAS01BK040,Diamante 퀼팅 레더 로우탑 스니커즈,630000,Black,WOMEN,SHOES,InStock,"디아망떼 솔, 비세토스 모노그램 프린트, 천연 가죽 트림이 더해진 퀼티드 레더 로우탑 스니커즈","전통 러닝화를 현대적으로 재해석한 로우탑 스니커즈로, 레트로 감성의 퀼티드 레더 어퍼와 시그니처 비세토스 모노그램 프린트가 특징입니다. 블랙앤 화이트 컬러에 혁신적인 디아망떼 러버 아웃솔과 듀얼 밀도 미드솔, 뮌헨 바이에른 다이아몬드에서 착안한 3D 패턴이 어우러져 편안한 착화감과 세련된 스타일을 동시에 선사합니다.",어퍼:비세토스 모노그램 프린트가 더해진 퀼팅 레더 | 트림:천연 가죽,,,인도네시아,디아망뜨 러버 솔 | 라우렐 로고 모티브가 더해진 텅 | 코튼 슈레이스 | 로고가 프린트된 풋베드 | MCM 로고 모티프가 더해진 가죽 힐 탭 | 메쉬 라이닝,36 IT / 여성 | 37 IT / 여성 | 38 IT / 여성 | 39 IT / 여성 | 40 IT / 여성 | 41 IT / 남성 | 42 IT / 남성 | 43 IT / 남성,https://images.mcmworldwide.com/i/mcmworldwide/MESGSAS01BK040_01?sw=600 | https://images.mcmworldwide.com/i/mcmworldwide/MESGSAS01BK040_02?sw=600 | https://images.mcmworldwide.com/i/mcmworldwide/MESGSAS01BK040_04?sw=600 | https://images.mcmworldwide.com/i/mcmworldwide/MESGSAS01BK040_05?sw=600 | https://images.mcmworldwide.com/i/mcmworldwide/MESGSAS01BK040_06?sw=600,https://kr.mcmworldwide.com/ko_KR/여성/슈즈/스니커즈/diamante-퀼팅-레더-로우탑-스니커즈/MESGSAS01BK040.html,캐주얼
MYAESXT02CO001,Tracy 비세토스 체인 카드 지갑,550000,Cognac,WOMEN,WALLET,OutOfStock,가벼운 체인 스트랩이 포함된 우아한 모노그램 카드 지갑입니다.,"이 쁘띠 체인 지갑은 언제 어디서나 MCM의 시대를 초월한 디자인과 수공예를 표현합니다. 시그니처 라우렐 잠금 장치 스냅 클로저로 천연 나파 가죽 소재의 내부를 안전하게 잠글 수 있으며 카드, 동전 및 기타 필수 아이템을 멋지게 수납할 수 있습니다.",바디: 비세토스 모노그램 캔버스 | 트림: 천연 나파 가죽,약 3 x 12 x 10 센티미터,,대한민국,탈부착 가능한 체인 스트랩 | 로렐 락 스냅 클로저. | 내부 지퍼 포켓 및 카드 수납공간 | 24K 도금 메탈 금속 장식 | 패브릭 안감. | 스트랩 드롭: 60cm.,미니,https://images.mcmworldwide.com/i/mcmworldwide/MYAESXT02CO001_01?sw=600 | https://images.mcmworldwide.com/i/mcmworldwide/MYAESXT02CO001_03?sw=600 | https://images.mcmworldwide.com/i/mcmworldwide/MYAESXT02CO001_04?sw=600,https://kr.mcmworldwide.com/ko_KR/여성/지갑-레더소품/카드지갑-레더소품/tracy-비세토스-체인-카드-지갑/MYAESXT02CO001.html,럭셔리
MYLDSXT01I8001,Tracy 비세토스 체인 지갑,830000,Beige,WOMEN,WALLET,InStock,비세토스 모노그램 캔버스와 나파 가죽 소재의 라지 체인 지갑,모던한 감각과 클래식한 감성을 결합한 라지 Tracy 체인 지갑으로 헤리티지 수공예로 뒷받침되는 현대적인 실루엣이 특징입니다. 부드러운 나파 가죽이 우아한 형태를 감싸며 비세토스 모노그램 캔버스 바디의 시대를 초월한 아이콘을 강조합니다. 24K 도금 라우렐 잠금 장치로 여미는 넉넉한 내부에는 여러 개의 카드 슬롯과 가장 귀중한 소지품을 위한 지퍼 수납공간이 있습니다.,,약 3 x 19 x 10 센티미터,,대한민국,"탈부착 가능한 체인 스트랩 | 레더 풀탭이 있는 라우렐 잠금 장치 | 내부 지퍼 포켓, 슬립 포켓, 카드 슬롯 | 비세토스 모노그램 캔버스 | 나파 가죽 트림 | 24K 도금 메탈 금속 장식 | 패브릭 안감 (카드 슬롯 포함). | 스트랩 드롭: 60cm.",M | L,https://images.mcmworldwide.com/i/mcmworldwide/MYLDSXT01I8001_01?sw=600 | https://images.mcmworldwide.com/i/mcmworldwide/MYLDSXT01I8001_09?sw=600 | https://images.mcmworldwide.com/i/mcmworldwide/MYLDSXT01I8001_03?sw=600 | https://images.mcmworldwide.com/i/mcmworldwide/MYLDSXT01I8001_04?sw=600 | https://images.mcmworldwide.com/i/mcmworldwide/MYLDSXT01I8001_10?sw=600,https://kr.mcmworldwide.com/ko_KR/여성/지갑-레더소품/체인-지갑/tracy-비세토스-체인-지갑/MYLDSXT01I8001.html,럭셔리
MESGAAP01MT036,Federlite 립스탑 나일론 스니커즈,670000,Multi,WOMEN,SHOES,InStock,MCM 로고 모티프 및 가죽 트림이 더해진 퀼팅 립스탑 나일론 로우탑 스니커즈,"립스탑 나일론 소재로 제작된 로우탑 스니커즈. 퀼팅 처리된 어퍼에는MCM 클래식 로고의 라우렐과 바이에른 다이아몬드 스티치를 더해 멀티컬러 디자인을 완성하였습니다. 특별히 개발된 Federlite(페더라이트) 솔을 적용하였으며, 나파 가죽과 스웨이드 디테일은 브랜드의 뛰어난 가죽 정신을 보여줍니다.","어퍼: 퀼팅 립스탑 나일론 | 트림: 나파 레더, 스웨이드 레더, 네오플렌",,,대한민국,Federlite(페더라이트) 러버 아웃솔 | 라우렐 로고 프린트가 더해진 풋베드 | MCM 로고 모티프 어퍼와 텅 | 멀티컬러 슈레이스 | 메쉬가 결합된 레더 라이닝,36 IT / 여성 | 37 IT / 여성 | 38 IT / 여성 | 41 IT / 남성 | 42 IT / 남성 | 43 IT / 남성,https://images.mcmworldwide.com/i/mcmworldwide/MESGAAP01MT036_01?sw=600 | https://images.mcmworldwide.com/i/mcmworldwide/MESGAAP01MT036_02?sw=600 | https://images.mcmworldwide.com/i/mcmworldwide/MESGAAP01MT036_04?sw=600 | https://images.mcmworldwide.com/i/mcmworldwide/MESGAAP01MT036_05?sw=600 | https://images.mcmworldwide.com/i/mcmworldwide/MESGAAP01MT036_06?sw=600,https://kr.mcmworldwide.com/ko_KR/여성/슈즈/스니커즈/federlite-립스탑-나일론-스니커즈/MESGAAP01MT036.html,스트릿
MEXFSMM02CO036,비세토스 샌들,770000,Cognac,MEN,SHOES,OutOfStock,이탈리아산 송아지 가죽 트림과 바이에른 다이아몬드 메탈 버클 금속 장식이 달린 비세토스 모노그램 캔버스 샌들,시그니처 비세토스 캔버스로 제작한 샌들로 뮌헨의 바이에른 다이아몬드에서 영감을 받은 골드톤 메탈 버클 금속 장식으로 고정할 수 있습니다. 부드러운 이탈리아산 송아지 가죽 프레임의 이 신발은 로고 엠보스드 가죽 풋베드로 완성하여 고급스러운 편안함을 선사합니다.,바디: 비세토스 모노그램 캔버스 | 트림: 송아지 가죽 100% | 안감: 송아지 가죽 100%,,,이탈리아,엠보스드 라우렐 로고 모티프 가죽 풋베드 | EVA 밑창 | 골드 톤 다이아몬드 메탈 버클 금속 장식,36 IT / 여성 | 37 IT / 여성 | 38 IT / 여성 | 39 IT / 여성 | 40 IT / 남성 | 41 IT / 남성 | 42 IT / 남성 | 43 IT / 남성,https://images.mcmworldwide.com/i/mcmworldwide/MEXFSMM02CO036_01?sw=600 | https://images.mcmworldwide.com/i/mcmworldwide/MEXFSMM02CO036_02?sw=600 | https://images.mcmworldwide.com/i/mcmworldwide/MEXFSMM02CO036_04?sw=600 | https://images.mcmworldwide.com/i/mcmworldwide/MEXFSMM02CO036_05?sw=600 | https://images.mcmworldwide.com/i/mcmworldwide/MEXFSMM02CO036_06?sw=600,https://kr.mcmworldwide.com/ko_KR/남성/슈즈/샌들-슬라이드/비세토스-샌들/MEXFSMM02CO036.html,캐주얼
MESFAMM01CO036,누벅 모노그램 프린트 가죽 엥클 부츠,1150000,Cognac,MEN,SHOES,OutOfStock,비세토스 모노그램 프린트 가죽 트림이 돋보이는 이탈리아산 누벅 가죽 앵클 부츠,"군용 전투화 실루엣에 장인정신을 더한 이 부츠는 이탈리아산 누벅 가죽으로 제작되어, 부드러우면서도 견고한 품질을 자랑합니다. 시그니처 비세토스 모노그램이 더해진 그레인 가죽 디테일은 뮌헨 하우스의 클래식한 장인정신을 한층 더 돋보이게 합니다.",어퍼: 이탈리아산 누벅 | 트림: 비세토스 모노그램 프린트가 더해진 그레인 레더,,,이탈리아,비세토스 모노그램 프린트 패딩 가죽 칼라 | 텅 부분의 로고 엠보싱 가죽 패치 | 러버 솔 | 브라스 메탈 아일렛 | 가죽 안감,36 IT / 여성 | 37 IT / 여성 | 38 IT / 여성 | 41 IT / 남성 | 42 IT / 남성,https://images.mcmworldwide.com/i/mcmworldwide/MESFAMM01CO036_01?sw=600 | https://images.mcmworldwide.com/i/mcmworldwide/MESFAMM01CO036_02?sw=600 | https://images.mcmworldwide.com/i/mcmworldwide/MESFAMM01CO036_04?sw=600 | https://images.mcmworldwide.com/i/mcmworldwide/MESFAMM01CO036_05?sw=600 | https://images.mcmworldwide.com/i/mcmworldwide/MESFAMM01CO036_06?sw=600,https://kr.mcmworldwide.com/ko_KR/남성/슈즈/로퍼-부츠/누벅-모노그램-프린트-가죽-엥클-부츠/MESFAMM01CO036.html,캐주얼
MESGSMM04PZ036,모노그램 프린트 러버 슬라이드,350000,Pink,WOMEN,SHOES,InStock,비세토스 모노그램 프린트가 더해진 특수 제작된 러버 슬라이드,클래식 슬라이드 디자인을 현대적으로 진화시킨 모델. 최신 러버 인젝션 기술을 적용해 탁월한 쿠셔닝과 편안함을 제공합니다. 시그니처 비세토스 모노그램이 프린트된 EVA 어퍼는 발을 부드럽게 감싸는 핏으로 설계되었습니다.,,,,대한민국,비세토스 모노그램 프린트가 더해진 어퍼 | 라우렐 로고 모티프가 새겨진 풋베드 | 아웃솔 바닥 면의 바이에른 다이아몬드 패턴 | EVA 러버 솔,36 IT / 여성 | 37 IT / 여성 | 38 IT / 여성 | 39 IT / 여성 | 40 IT / 여성 | 41 IT / 남성 | 42 IT / 남성 | 43 IT / 남성,https://images.mcmworldwide.com/i/mcmworldwide/MESGSMM04PZ036_01?sw=600 | https://images.mcmworldwide.com/i/mcmworldwide/MESGSMM04PZ036_02?sw=600 | https://images.mcmworldwide.com/i/mcmworldwide/MESGSMM04PZ036_04?sw=600 | https://images.mcmworldwide.com/i/mcmworldwide/MESGSMM04PZ036_05?sw=600 | https://images.mcmworldwide.com/i/mcmworldwide/MESGSMM04PZ036_06?sw=600,https://kr.mcmworldwide.com/ko_KR/여성/슈즈/샌들-슬라이드/모노그램-프린트-러버-슬라이드/MESGSMM04PZ036.html,스트릿
MEXGAMM051B041,MCM X We The Best 아르데코 슬라이드,530000,Blue,WOMEN,SHOES,InStock,클래식한 슬라이드를 예술적으로 재해석한 디자인.,DJ Khaled의 고향인 마이애미의 감성을 담은 세라믹 블루 톤이 돋보이는 협업 슬라이드입니다. 가벼운 EVA 어퍼 위에는 아르데코 양식의 기하학적 미학을 예술적으로 녹여낸 야자수 모티프를 새겨 감각적인 비주얼을 완성했습니다. 여기에 미세한 그레인 텍스처를 더한 고무 풋베드가 발을 편안하게 감싸주어 고급스러운 착화감을 선사합니다.,,,,대한민국,라우렐 로고가 각인된 텍스처드 풋베드 | 아르데코 야자수 아트워크 EVA 어퍼 | “MCM” 로고 모티프 엠보싱 러버 솔,41 IT / 남성 | 42 IT / 남성 | 43 IT / 남성,https://images.mcmworldwide.com/i/mcmworldwide/MEXGAMM051B041_01?sw=600 | https://images.mcmworldwide.com/i/mcmworldwide/MEXGAMM051B041_02?sw=600 | https://images.mcmworldwide.com/i/mcmworldwide/MEXGAMM051B041_04?sw=600 | https://images.mcmworldwide.com/i/mcmworldwide/MEXGAMM051B041_05?sw=600 | https://images.mcmworldwide.com/i/mcmworldwide/MEXGAMM051B041_06?sw=600,https://kr.mcmworldwide.com/ko_KR/여성/슈즈/샌들-슬라이드/mcm-x-we-the-best-아르데코-슬라이드/MEXGAMM051B041.html,스트릿
MHJGSBC01GK00L,에센셜 로고 폰테 트랙 재킷,730000,Beige,MEN,CLOTHING,OutOfStock,"라우렐 자수와 대비되는 스트라이프, MCM 로고 모티프가 어우러진 오버사이즈 유니섹스 폰테 트랙 재킷","애슬레틱 스타일을 새롭게 재해석한 폰테 트랙 재킷. 가슴 부분에는 톤온톤 라우렐 자수가 더해져있으며, 소매 끝단에는 MCM 로고 모티프를 더하였습니다. 하이 칼라와 입체감 있는 골지 니트 트리밍, 대비되는 컬러의 스트라이프 디테일은 오버사이즈 실루엣을 한층 더 풍성하게 완성합니다. 같은 디자인의 트랙 팬츠와 함께 스타일을 완성해보세요.","폴리에스테르 51%, 코튼 43%, 스판덱스 6%",약 3.1 x 47.2 x 0.0 인치,,대한민국,"라우렐 로고 자수 | 지퍼 클로저 | 칼라와 헴라인에 대비되는 스트라이프 디테일 | MCM 로고 모티프가 더해진 소매 | 리브 니트 트림 | 오버사이즈 핏 | Female model is 176cm / 5'8"" tall and wears size M. | Male model is 188cm / 6'1"" tall and wears size M.",S | M | L | X라지,https://images.mcmworldwide.com/i/mcmworldwide/MHJGSBC01GK00L_01?sw=600 | https://images.mcmworldwide.com/i/mcmworldwide/MHJGSBC01GK00L_09?sw=600 | https://images.mcmworldwide.com/i/mcmworldwide/MHJGSBC01GK00L_04?sw=600 | https://images.mcmworldwide.com/i/mcmworldwide/MHJGSBC01GK00L_10?sw=600 | https://images.mcmworldwide.com/i/mcmworldwide/MHJGSBC01GK00L_11?sw=600 | https://images.mcmworldwide.com/i/mcmworldwide/MHJGSBC01GK00L_12?sw=600 | https://images.mcmworldwide.com/i/mcmworldwide/MHJGSBC01GK00L_13?sw=600,https://kr.mcmworldwide.com/ko_KR/about-us/에센셜-로고-폰테-트랙-재킷/MHJGSBC01GK00L.html,스트릿
MXZGATA20CO001,모노그램 프린트 레더 2D Ella 비세토스 보스턴 참,290000,Cognac,MEN,ACCESSORY,InStock,"비스토스 모노그램 프린트가 돋보이는 나파 레더 참으로, 키 링과 레더 스트랩이 함께 구성되었습니다.","뮌헨의 황금기에서 영감을 받아 탄생한 Ella 보스턴 백은, 헤리티지 디자인의 우아함을 고스란히 담아낸 2D 레더 참으로 새롭게 선보입니다. 레더 스트랩과 키 링 클라스프를 더해 다채로운 스타일링이 가능합니다.",바디:나파 레더,,,대한민국,가죽 스트랩 | 키 링 클라스프 | 비세토스 모노그램 프린트 | 로고 브라스 플레이트 | 엠보싱 처리된 MCM 로고 모티프가 돋보이는 뒷면 | 24K 골드 도금 브라스 하드웨어 | 스트랩 드롭: 19cm,프리 사이즈,https://images.mcmworldwide.com/i/mcmworldwide/MXZGATA20CO001_01?sw=600 | https://images.mcmworldwide.com/i/mcmworldwide/MXZGATA20CO001_04?sw=600,https://kr.mcmworldwide.com/ko_KR/남성/패션소품/모두보기/모노그램-프린트-레더-2d-ella-비세토스-보스턴-참/MXZGATA20CO001.html,페미닌
MHJGSBC01BK00L,에센셜 로고 폰테 트랙 자켓,730000,Black,MEN,CLOTHING,OutOfStock,"라우렐 자수와 대비되는 스트라이프, MCM 로고 모티프가 어우러진 오버사이즈 유니섹스 폰테 트랙 재킷","애슬레틱 스타일을 새롭게 재해석한 폰테 트랙 재킷. 가슴 부분에는 톤온톤 라우렐 자수가 더해져있으며, 소매 끝단에는 MCM 로고 모티프를 더하였습니다. 하이 칼라와 입체감 있는 골지 니트 트리밍, 대비되는 컬러의 스트라이프 디테일은 오버사이즈 실루엣을 한층 더 풍성하게 완성합니다. 같은 디자인의 트랙 팬츠와 함께 스타일을 완성해보세요.","폴리에스테르 51%, 코튼 43%, 스판덱스 6%",,,대한민국,"라우렐 로고 자수 | 지퍼 클로저 | 칼라와 헴라인에 대비되는 스트라이프 디테일 | 로고가 더해진 자카드 커프스 | 리브 니트 트림 | 오버사이즈 핏 | Female model is 170cm / 5'6"" tall and wears size M. | Male model is 181cm / 5'9"" tall and wears size M.",S | M | L | X라지,https://images.mcmworldwide.com/i/mcmworldwide/MHJGSBC01BK00L_01?sw=600 | https://images.mcmworldwide.com/i/mcmworldwide/MHJGSBC01BK00L_09?sw=600 | https://images.mcmworldwide.com/i/mcmworldwide/MHJGSBC01BK00L_04?sw=600 | https://images.mcmworldwide.com/i/mcmworldwide/MHJGSBC01BK00L_10?sw=600 | https://images.mcmworldwide.com/i/mcmworldwide/MHJGSBC01BK00L_11?sw=600 | https://images.mcmworldwide.com/i/mcmworldwide/MHJGSBC01BK00L_12?sw=600 | https://images.mcmworldwide.com/i/mcmworldwide/MHJGSBC01BK00L_13?sw=600,https://kr.mcmworldwide.com/ko_KR/about-us/에센셜-로고-폰테-트랙-자켓/MHJGSBC01BK00L.html,스트릿
MMKGATA02BK001,Aren 노바 모노그램 ECONYL® 백팩,1450000,Black,MEN,BAG,InStock,브라스 로고 플레이트와 비세토스 모노그램 모티프가 더해진 ECONYL® 재생 나일론 백팩,"휴대성의 새로운 가능성을 제시하는 Aren(아렌) 노바 백팩은 ECONYL® 소재로 제작되어 디자인, 기술, 그리고 여행을 결합한 항공과 비행에서 영감을 받은 미래적인 미학을 선보입니다. 하우스의 헤리티지를 바탕으로, 아이코닉한 로고 브라스 플레이트와 시그니처 비세토스 모노그램이 실루엣을 은은하게 완성합니다.",바디:ECONYL® 재생 나일론,약 9 x 31 x 43 센티미터,스트랩 길이: 77cm - 92 cm. 핸들 드롭: 6cm,대한민국,길이 조절이 가능한 숄더 스트랩 | 비세토스 모노그램 모티프 | 로고 브라스 플레이트 | 지퍼 클로저 | Interior zip pocket | 나일론 트림 | Dark silver-tone cobalt metal hardware | 패브릭 안감,M,https://images.mcmworldwide.com/i/mcmworldwide/MMKGATA02BK001_01?sw=600 | https://images.mcmworldwide.com/i/mcmworldwide/MMKGATA02BK001_09?sw=600 | https://images.mcmworldwide.com/i/mcmworldwide/MMKGATA02BK001_02?sw=600 | https://images.mcmworldwide.com/i/mcmworldwide/MMKGATA02BK001_03?sw=600 | https://images.mcmworldwide.com/i/mcmworldwide/MMKGATA02BK001_04?sw=600 | https://images.mcmworldwide.com/i/mcmworldwide/MMKGATA02BK001_05?sw=600 | https://images.mcmworldwide.com/i/mcmworldwide/MMKGATA02BK001_10?sw=600,https://kr.mcmworldwide.com/ko_KR/남성/가방/백팩/aren-노바-모노그램-econyl®-백팩/MMKGATA02BK001.html,캐주얼
MMTGATA01BK001,Aren 노바 모노그램 ECONYL® 토트,1350000,Black,MEN,BAG,InStock,브라스 로고 플레이트와 비세토스 모노그램 모티프가 더해진 ECONYL® 재생 나일론 토트백,뮌헨 하우스가 제안하는 디자인의 새로운 혁신. ECONYL®로 제작된 Aren(아렌) 노바 토트는 절제된 모노크롬 컬러가 돋보이는 아방가르드 실루엣으로 선보입니다. 브랜드의 헤리티지를 이어가면서도 미래지향적인 감각을 담은 이 백은 시그니처 로고 플레이트와 톤온톤으로 표현한 클래식 비세토스 모노그램으로 완성하였습니다.,바디:ECONYL® 재생 나일론,약 10 x 46 x 34 센티미터,"핸들 스트랩 길이: 19cm -32cm, 핸들 드롭: 27cm",대한민국,길이 조절이 가능한 핸들 스트랩 | 비세토스 모노그램 모티프 | 로고 브라스 플레이트 | 지퍼 클로저 | Interior zip pocket | 나일론 트림 | Dark silver-tone cobalt metal hardware | 패브릭 안감,X라지,https://images.mcmworldwide.com/i/mcmworldwide/MMTGATA01BK001_01?sw=600 | https://images.mcmworldwide.com/i/mcmworldwide/MMTGATA01BK001_09?sw=600 | https://images.mcmworldwide.com/i/mcmworldwide/MMTGATA01BK001_02?sw=600 | https://images.mcmworldwide.com/i/mcmworldwide/MMTGATA01BK001_03?sw=600 | https://images.mcmworldwide.com/i/mcmworldwide/MMTGATA01BK001_04?sw=600 | https://images.mcmworldwide.com/i/mcmworldwide/MMTGATA01BK001_05?sw=600 | https://images.mcmworldwide.com/i/mcmworldwide/MMTGATA01BK001_06?sw=600 | https://images.mcmworldwide.com/i/mcmworldwide/MMTGATA01BK001_10?sw=600 | https://images.mcmworldwide.com/i/mcmworldwide/MMTGATA01BK001_11?sw=600,https://kr.mcmworldwide.com/ko_KR/남성/가방/토트백/aren-노바-모노그램-econyl®-토트/MMTGATA01BK001.html,캐주얼
MMTGATA03BK001,Aren 노바 나일론 토트,990000,Black,MEN,BAG,InStock,브라스 로고 플레이트와 D링 디테일이 더해진 나일론 토트백,"미니멀리즘을 통해 클래식한 디자인을 새롭게 재해석한 Aren 노바 토트. 모노크롬 나일론 소재를 사용해 미래지향적인 미학을 구현했으며, 시그니처 로고 브라스 플레이트에 하우스의 헤리티지를 담아 실루엣을 완성하였습니다.",바디: 100% 나일론,약 12 x 32 x 39 센티미터,핸들 드롭: 21cm,대한민국,핸들 스트랩 | 로고 브라스 플레이트 | D링 참 장식 디테일 | Dark silver-tone cobalt metal hardware,S–M,https://images.mcmworldwide.com/i/mcmworldwide/MMTGATA03BK001_01?sw=600 | https://images.mcmworldwide.com/i/mcmworldwide/MMTGATA03BK001_09?sw=600 | https://images.mcmworldwide.com/i/mcmworldwide/MMTGATA03BK001_02?sw=600 | https://images.mcmworldwide.com/i/mcmworldwide/MMTGATA03BK001_03?sw=600 | https://images.mcmworldwide.com/i/mcmworldwide/MMTGATA03BK001_04?sw=600 | https://images.mcmworldwide.com/i/mcmworldwide/MMTGATA03BK001_05?sw=600 | https://images.mcmworldwide.com/i/mcmworldwide/MMTGATA03BK001_06?sw=600 | https://images.mcmworldwide.com/i/mcmworldwide/MMTGATA03BK001_10?sw=600 | https://images.mcmworldwide.com/i/mcmworldwide/MMTGATA03BK001_11?sw=600,https://kr.mcmworldwide.com/ko_KR/남성/가방/토트백/aren-econyl®-노바-토트/MMTGATA03BK001.html,캐주얼
MMVGATT06BK001,Aren 노바 모노그램 ECONYL® 위켄더,1850000,Black,WOMEN,BAG,InStock,"브라스 로고 플레이트, 비세토스 모노그램 모티프와 탈부착 가능한 스트랩이 더해진 ECONYL® 재생 나일론 위켄더백","여행의 새로운 기준을 제시하는 노바 에디션 Ottomar 위켄더 백. 혁신적인 장인정신으로 완성한 미래지향적인 디자인이 돋보이며, ECONYL® 재생 나일론으로 제작한 디자인에 아이코닉한 로고 브라스 플레이트와 톤온톤 시그니처 비세토스 모노그램을 더해 완성도를 높였습니다.",바디:ECONYL® 재생 나일론,약 20 x 53 x 30 센티미터,"스트랩 길이: 89cm -132cm, 핸들 드롭: 29cm",대한민국,탈부착이 가능하며 길이 조절이 가능한 스트랩 | 탑핸들 | 비세토스 모노그램 모티프 | 로고 브라스 플레이트 | Zip closure | Interior zip pocket | 나일론 트림 | Dark silver-tone cobalt metal hardware | 패브릭 안감,55cm / 22인치,https://images.mcmworldwide.com/i/mcmworldwide/MMVGATT06BK001_01?sw=600 | https://images.mcmworldwide.com/i/mcmworldwide/MMVGATT06BK001_09?sw=600 | https://images.mcmworldwide.com/i/mcmworldwide/MMVGATT06BK001_02?sw=600 | https://images.mcmworldwide.com/i/mcmworldwide/MMVGATT06BK001_03?sw=600 | https://images.mcmworldwide.com/i/mcmworldwide/MMVGATT06BK001_04?sw=600 | https://images.mcmworldwide.com/i/mcmworldwide/MMVGATT06BK001_05?sw=600 | https://images.mcmworldwide.com/i/mcmworldwide/MMVGATT06BK001_06?sw=600 | https://images.mcmworldwide.com/i/mcmworldwide/MMVGATT06BK001_11?sw=600 | https://images.mcmworldwide.com/i/mcmworldwide/MMVGATT06BK001_12?sw=600 | https://images.mcmworldwide.com/i/mcmworldwide/MMVGATT06BK001_14?sw=600,https://kr.mcmworldwide.com/ko_KR/트래블/러기지-백/aren-노바-모노그램-econyl®-위켄더/MMVGATT06BK001.html,캐주얼
MXZGATA111I001,Aren 페이크 퍼 비세토스 Mars Dog 참,410000,Blue,MEN,ACCESSORY,InStock,비세토스 모노그램 캔버스 트리밍을 더한 인조 퍼 마스도그 참. 로고 각인 키링과 가죽 스트랩 구성,"붉은 행성에서 온 강아지이지만, Visetos 캔버스로 완성된 Mars Dog는 아이러니하게도 풍성한 블루 컬러의 페이크 퍼로 감싸여 있습니다. 브랜드의 유쾌한 상상력과 자유로운 무드를 담아낸 이 소프트한 매력의 오브제는 가죽 스트랩과 키링 클라스프 디테일을 더해, 손에 가볍게 들거나 감각적인 핸즈프리 스타일로 세련되게 연출할 수 있습니다.",바디:비세토스 모노그램 캔버스 | 트림: 페이크 퍼,약 9 x 17 x 13 센티미터,,대한민국,가죽 스트랩 | 로고 각인 키링 잠금 장치 | 24K 골드 도금 브라스 하드웨어 | 스트랩 드롭: 19cm,프리 사이즈,https://images.mcmworldwide.com/i/mcmworldwide/MXZGATA111I001_01?sw=600 | https://images.mcmworldwide.com/i/mcmworldwide/MXZGATA111I001_04?sw=600,https://kr.mcmworldwide.com/ko_KR/남성/패션소품/모두보기/aren-페이크-퍼-비세토스-mars-dog-참/MXZGATA111I001.html,스트릿
MMLGATA02BK001,Aren 엠보스드 모노그램 레더 슬링백,1550000,Black,MEN,BAG,InStock,엠보싱 비세토스 모노그램 모티프가 돋보이는 레더 슬링백,"하우스의 장인정신이 깃든 나파 가죽 소재의 Aren 스몰 슬링백. 클래식 비세토스 모노그램을 엠보싱으로 표현했으며, 싱글 스트랩 디자인으로 자유로운 움직임을 고려한 세련된 실루엣을 완성했습니다.",바디:나파 레더,약 9 x 21 x 37 센티미터,스트랩 길이: 66.5cm - 116cm,이탈리아,길이 조절이 가능한 패브릭 웨빙 스트랩 | 엠보스드 비세토스 모노그램 | 앞면 지퍼 포켓 | 양방향 지퍼 클로저 | 내부 포켓 | 다크 실버톤 코발트 메탈 하드웨어 | 코튼 트윌 안감,S,https://images.mcmworldwide.com/i/mcmworldwide/MMLGATA02BK001_01?sw=600 | https://images.mcmworldwide.com/i/mcmworldwide/MMLGATA02BK001_02?sw=600 | https://images.mcmworldwide.com/i/mcmworldwide/MMLGATA02BK001_03?sw=600 | https://images.mcmworldwide.com/i/mcmworldwide/MMLGATA02BK001_04?sw=600 | https://images.mcmworldwide.com/i/mcmworldwide/MMLGATA02BK001_05?sw=600 | https://images.mcmworldwide.com/i/mcmworldwide/MMLGATA02BK001_10?sw=600 | https://images.mcmworldwide.com/i/mcmworldwide/MMLGATA02BK001_11?sw=600,https://kr.mcmworldwide.com/ko_KR/남성/가방/백팩/aren-엠보스드-모노그램-레더-슬링백/MMLGATA02BK001.html,캐주얼
MMLGATA04CO001,Aren 비세토스 슬링백,1150000,Cognac,MEN,BAG,InStock,나파 가죽 트림이 더해진 비세토스 모노그램 캔버스 슬링백,"모빌리티에 초점을 맞춘 세련된 디자인의 x-mini Aren 슬링백. 뮌헨 하우스의 클래식 코드가 더해진 간결한 실루엣과 시그니처 브라스 플레이트가 특징입니다. 가죽 디테일과 싱글 웨빙 스트랩이 자유로운 움직임을 선사하며, 컴팩트한 디자인을 완성합니다.",바디:비세토스 모노그램 캔버스 | 트림: 나파 가죽,약 7 x 17 x 26 센티미터,스트랩 길이: 63cm - 110cm,대한민국,길이 조절이 가능한 패브릭 웨빙 스트랩 | 앞면 지퍼 포켓 | 외부 포켓 | 양방향 지퍼 클로저 | 24K 골드 도금 브라스 하드웨어 | 코튼 트윌 안감,엑스트라 미니 | S,https://images.mcmworldwide.com/i/mcmworldwide/MMLGATA04CO001_01?sw=600 | https://images.mcmworldwide.com/i/mcmworldwide/MMLGATA04CO001_09?sw=600 | https://images.mcmworldwide.com/i/mcmworldwide/MMLGATA04CO001_02?sw=600 | https://images.mcmworldwide.com/i/mcmworldwide/MMLGATA04CO001_03?sw=600 | https://images.mcmworldwide.com/i/mcmworldwide/MMLGATA04CO001_04?sw=600 | https://images.mcmworldwide.com/i/mcmworldwide/MMLGATA04CO001_05?sw=600 | https://images.mcmworldwide.com/i/mcmworldwide/MMLGATA04CO001_10?sw=600,https://kr.mcmworldwide.com/ko_KR/남성/가방/백팩/aren-비세토스-슬링백/MMLGATA04CO001.html,캐주얼
MMKGATA01BK001,Aren 다이아몬드 퀼팅 레더 백팩,2690000,Black,MEN,BAG,InStock,다이아몬드 모티프 퀼딩 나파가죽 백팩,백팩을 한층 세련된 실루엣으로 완성한 최신 Aren 백팩은 최고급 나파 가죽에 적용된 바이에른 다이아몬드 퀼팅 패턴을 통해 하우스의 뛰어난 장인정신을 보여줍니다.,바디:나파 레더,약 20 x 29 x 45 센티미터,,이탈리아,길이 조절이 가능한 숄더 스트랩 | 가죽 탑 핸들 | 다이아몬드 퀼팅 모티프 | 로고 브라스 플레이트 | 양방향 지퍼 클로저 | 13인치 노트북 수납이 가능한 내부 슬리브 및 포켓 | 무광 블랙 메탈 하드웨어 | 리사이클 코튼 라이닝,M,https://images.mcmworldwide.com/i/mcmworldwide/MMKGATA01BK001_01?sw=600 | https://images.mcmworldwide.com/i/mcmworldwide/MMKGATA01BK001_09?sw=600 | https://images.mcmworldwide.com/i/mcmworldwide/MMKGATA01BK001_02?sw=600 | https://images.mcmworldwide.com/i/mcmworldwide/MMKGATA01BK001_03?sw=600 | https://images.mcmworldwide.com/i/mcmworldwide/MMKGATA01BK001_04?sw=600 | https://images.mcmworldwide.com/i/mcmworldwide/MMKGATA01BK001_06?sw=600 | https://images.mcmworldwide.com/i/mcmworldwide/MMKGATA01BK001_10?sw=600,https://kr.mcmworldwide.com/ko_KR/남성/가방/백팩/aren-다이아몬드-퀼팅-레더-백팩/MMKGATA01BK001.html,클래식
MMKGATA03MT001,Aren 노바 나일론 백팩,1450000,Multi,MEN,BAG,InStock,브라스 로고 플레이트가 더해진 멀티컬러 나일론 백팩,"휴대성의 경계를 확장하는 Aren(아렌) 노바 백팩은 디자인, 기술, 그리고 여행을 결합해 항공과 비행에서 영감을 받은 미래적인 미학을 구현했습니다. 하우스의 헤리티지에 기반한 멀티컬러 실루엣을 시그니처 로고 브라스 플레이트로 완성하였습니다.",바디: 폴리에스터 100% | 트림: 나일론 100%,약 9 x 31 x 43 센티미터,스트랩 길이: 77cm - 92 cm. 핸들 드롭: 6cm,대한민국,길이 조절이 가능한 숄더 스트랩 | 로고 브라스 플레이트 | 지퍼 클로저 | 내부 지퍼 포켓 | Dark silver-tone cobalt metal hardware | 패브릭 안감,M,https://images.mcmworldwide.com/i/mcmworldwide/MMKGATA03MT001_01?sw=600 | https://images.mcmworldwide.com/i/mcmworldwide/MMKGATA03MT001_09?sw=600 | https://images.mcmworldwide.com/i/mcmworldwide/MMKGATA03MT001_02?sw=600 | https://images.mcmworldwide.com/i/mcmworldwide/MMKGATA03MT001_03?sw=600 | https://images.mcmworldwide.com/i/mcmworldwide/MMKGATA03MT001_04?sw=600 | https://images.mcmworldwide.com/i/mcmworldwide/MMKGATA03MT001_05?sw=600 | https://images.mcmworldwide.com/i/mcmworldwide/MMKGATA03MT001_10?sw=600 | https://images.mcmworldwide.com/i/mcmworldwide/MMKGATA03MT001_11?sw=600 | https://images.mcmworldwide.com/i/mcmworldwide/MMKGATA03MT001_12?sw=600,https://kr.mcmworldwide.com/ko_KR/남성/가방/백팩/aren-노바-나일론-백팩/MMKGATA03MT001.html,스트릿
MMRFSTA05CO001,Aren 비세토스 크로스바디,850000,Cognac,MEN,BAG,InStock,천연 나파 가죽 트림이 돋보이는 비세토스 모노그램 캔버스 소재의 크로스바디 백,"뮌헨 하우스에서 이 새로운 크로스바디 백의 유연한 구조를 통해 더욱 부드러운 면을 선보입니다. 외부 수납공간에 필수 아이템을 빠르게 넣고 꺼낼 수 있으며, 고급스러운 코튼 트윌 소재의 내부에는 귀중품을 안전하게 보관할 수 있습니다.",바디: 비세토스 모노그램 캔버스 | 트림: 천연 나파 가죽,약 7 x 20 x 16 센티미터,스트랩 길이: 86cm~136cm,대한민국,탈착 및 조절 가능한 헤링본 웨빙 스트랩 | 전면 지퍼 수납공간 | 뒷면 외부 포켓 | 지퍼 클로저. | 내부 포켓. | 24K 도금 브라스 금속 장식 | 코튼 트윌 안감.,S,https://images.mcmworldwide.com/i/mcmworldwide/MMRFSTA05CO001_01?sw=600 | https://images.mcmworldwide.com/i/mcmworldwide/MMRFSTA05CO001_09?sw=600 | https://images.mcmworldwide.com/i/mcmworldwide/MMRFSTA05CO001_02?sw=600 | https://images.mcmworldwide.com/i/mcmworldwide/MMRFSTA05CO001_03?sw=600 | https://images.mcmworldwide.com/i/mcmworldwide/MMRFSTA05CO001_04?sw=600 | https://images.mcmworldwide.com/i/mcmworldwide/MMRFSTA05CO001_10?sw=600,https://kr.mcmworldwide.com/ko_KR/남성/가방/크로스백/aren-비세토스-크로스바디/MMRFSTA05CO001.html,캐주얼
MXADATA04BK001,Aren 맥시 모노그램 레더 카드 반지갑,430000,Black,MEN,WALLET,InStock,엠보스드 맥시 모노그램이 돋보이는 천연 나파 가죽 소재의 카드 케이스,시그니처 레터와 라우렐 및 다이아몬드를 더욱 강조한 맥시 모노그램을 엠보싱 디테일로 선보이는 풀 그레인 나파 가죽 카드 지갑입니다. 여러 개의 내부 수납공간에 카드와 신분증을 깔끔하게 정리할 수 있습니다.,,약 1 x 8 x 11 센티미터,,대한민국,엠보스드 맥시 비세토스 모노그램 | 후면 외부 슬립 포켓. | 내부 카드 슬롯과 슬립 포켓 | 풀 그레인 천연 나파 가죽 | 패브릭 안감.,프리 사이즈,https://images.mcmworldwide.com/i/mcmworldwide/MXADATA04BK001_01?sw=600 | https://images.mcmworldwide.com/i/mcmworldwide/MXADATA04BK001_03?sw=600 | https://images.mcmworldwide.com/i/mcmworldwide/MXADATA04BK001_04?sw=600,https://kr.mcmworldwide.com/ko_KR/남성/지갑-레더소품/카드지갑-키홀더/aren-맥시-모노그램-레더-카드-반지갑/MXADATA04BK001.html,미니멀
MMRGATA05BK001,Aren 다이아몬드 퀼팅 레더 크로스바디,1550000,Black,MEN,BAG,InStock,다이아몬드 퀼팅과 로고 브라스 플레이트로 클래식함을 더한 나파 가죽 크로스바디 백,"MCM의 정교한 가죽 장인정신이 돋보이는 Aren(아렌) 크로스바디 백. 바이에른 다이아몬드에서 영감을 받은 기하학적 퀼팅이 고급 나파 가죽 바디를 장식하며, 하우스의 아이코닉한 로고 브라스 플레이트로 세련된 포인트를 더하였습니다.",바디:나파 레더,약 15 x 21 x 10 센티미터,,이탈리아,탈부착이 가능하며 길이 조절이 가능한 헤링본 웨빙 스트랩 | 다이아몬드 퀼팅 모티프 | 로고 브라스 플레이트 | 바닥 부분의 “MCM” 로고 스티칭 | 양방향 지퍼 클로저 | 알루미늄 하드웨어 | 리사이클 코튼 라이닝,S,https://images.mcmworldwide.com/i/mcmworldwide/MMRGATA05BK001_01?sw=600 | https://images.mcmworldwide.com/i/mcmworldwide/MMRGATA05BK001_09?sw=600 | https://images.mcmworldwide.com/i/mcmworldwide/MMRGATA05BK001_02?sw=600 | https://images.mcmworldwide.com/i/mcmworldwide/MMRGATA05BK001_03?sw=600 | https://images.mcmworldwide.com/i/mcmworldwide/MMRGATA05BK001_04?sw=600 | https://images.mcmworldwide.com/i/mcmworldwide/MMRGATA05BK001_05?sw=600 | https://images.mcmworldwide.com/i/mcmworldwide/MMRGATA05BK001_06?sw=600 | https://images.mcmworldwide.com/i/mcmworldwide/MMRGATA05BK001_10?sw=600,https://kr.mcmworldwide.com/ko_KR/남성/가방/크로스백/aren-다이아몬드-퀼팅-레더-크로스바디/MMRGATA05BK001.html,클래식
MXADATA08CO001,Aren 비세토스 카드 케이스,290000,Cognac,MEN,WALLET,InStock,나파 가죽 트림 디테일 비세토스 모노그램 카드 케이스,시그니처 MCM 레터와 월계수 및 다이아몬드가 프린트된 컴팩트한 비세토스 카드 케이스입니다. 천연 나파 가죽 트림이 돋보이는 액세서리로 세로 및 가로 구성의 슬롯이 있습니다.,바디: 비세토스 모노그램 캔버스 | 트림: 나파 가죽,약 1 x 11 x 8 센티미터,,대한민국,카드 슬롯 | 지폐 및 영수증용 중앙 포켓 | 패브릭 안감.,미니,https://images.mcmworldwide.com/i/mcmworldwide/MXADATA08CO001_01?sw=600 | https://images.mcmworldwide.com/i/mcmworldwide/MXADATA08CO001_03?sw=600 | https://images.mcmworldwide.com/i/mcmworldwide/MXADATA08CO001_04?sw=600,https://kr.mcmworldwide.com/ko_KR/남성/지갑-레더소품/카드지갑-키홀더/aren-비세토스-카드-케이스/MXADATA08CO001.html,미니멀
MXADATA08I8001,Aren 비세토스 카드 케이스,290000,Beige,MEN,WALLET,InStock,나파 가죽 트림 디테일 비세토스 모노그램 카드 케이스,시그니처 비세토스 모노그램으로 앞뒷면을 장식한 클래식 카드 케이스입니다. 나파 가죽 트림이 돋보이는 컴팩트한 액세서리로 세로 및 가로 구성의 슬롯이 있습니다.,바디: 비세토스 모노그램 캔버스 | 트림: 나파 가죽,약 1 x 11 x 8 센티미터,,대한민국,카드 슬롯 | 지폐 및 영수증용 중앙 포켓 | 패브릭 안감.,미니,https://images.mcmworldwide.com/i/mcmworldwide/MXADATA08I8001_01?sw=600 | https://images.mcmworldwide.com/i/mcmworldwide/MXADATA08I8001_03?sw=600 | https://images.mcmworldwide.com/i/mcmworldwide/MXADATA08I8001_04?sw=600,https://kr.mcmworldwide.com/ko_KR/남성/지갑-레더소품/카드지갑-키홀더/aren-비세토스-카드-케이스/MXADATA08I8001.html,미니멀
MMTGATA02MT001,Aren 노바 나일론 토트,1350000,Multi,MEN,BAG,InStock,브라스 로고 플레이트와 핸들스트랩이 더해진 멀티컬러 나일론 토트백,MCM이 제안하는 디자인의 새로운 혁신. Aren(아렌) 노바 토트는 강렬한 멀티컬러 감각이 돋보이는 아방가르드 실루엣으로 선보입니다. 브랜드의 헤리티지를 이어가면서도 미래지향적인 감각을 담은 이 백은 뮌헨 하우스의 시그니처 로고 플레이트로 완성하였습니다.,바디: 폴리에스터 100% | 트림: 나일론 100%,약 10 x 46 x 34 센티미터,"핸들 스트랩 길이: 19cm -32cm, 핸들 드롭: 27cm",대한민국,길이 조절이 가능한 핸들 스트랩 | 로고 브라스 플레이트 | 지퍼 클로저 | 내부 지퍼 포켓 | Dark silver-tone cobalt metal hardware | 패브릭 안감,X라지,https://images.mcmworldwide.com/i/mcmworldwide/MMTGATA02MT001_01?sw=600 | https://images.mcmworldwide.com/i/mcmworldwide/MMTGATA02MT001_09?sw=600 | https://images.mcmworldwide.com/i/mcmworldwide/MMTGATA02MT001_02?sw=600 | https://images.mcmworldwide.com/i/mcmworldwide/MMTGATA02MT001_03?sw=600 | https://images.mcmworldwide.com/i/mcmworldwide/MMTGATA02MT001_04?sw=600 | https://images.mcmworldwide.com/i/mcmworldwide/MMTGATA02MT001_05?sw=600 | https://images.mcmworldwide.com/i/mcmworldwide/MMTGATA02MT001_06?sw=600 | https://images.mcmworldwide.com/i/mcmworldwide/MMTGATA02MT001_10?sw=600 | https://images.mcmworldwide.com/i/mcmworldwide/MMTGATA02MT001_11?sw=600,https://kr.mcmworldwide.com/ko_KR/남성/가방/토트백/aren-노바-나일론-토트/MMTGATA02MT001.html,스트릿
MXSFATA01K8001,Aren 비세토스 카드 케이스가 더해진 반지갑,490000,Green,MEN,WALLET,InStock,천연 가죽 트림과 탈착가능한 카드 케이스가 더해진 비세토스 모노그램 캔버스 반지갑,"카키 모스 컬러 버전으로 출시된 반지갑입니다. 시그니처 모노그램이 돋보이며, 부드러운 가죽 내부에는 여러 개의 카드 슬롯과 지폐 수납 공간이 마련되어 있습니다. 탈착식 카드 케이스가 포함되어 미니멀한 스타일로도 활용할 수 있습니다.",바디:비세토스 모노그램 캔버스 | 트림: 천연 나파 가죽,약 3 x 12 x 9 센티미터,,대한민국,지폐 수납 공간 | 내부 포켓 | 내부 카드 슬롯 | 탈착 가능한 카드 케이스 | 패브릭 안감,S,https://images.mcmworldwide.com/i/mcmworldwide/MXSFATA01K8001_01?sw=600 | https://images.mcmworldwide.com/i/mcmworldwide/MXSFATA01K8001_03?sw=600 | https://images.mcmworldwide.com/i/mcmworldwide/MXSFATA01K8001_04?sw=600,https://kr.mcmworldwide.com/ko_KR/남성/지갑-레더소품/반지갑-머니클립/aren-비세토스-카드-케이스가-더해진-반지갑/MXSFATA01K8001.html,미니멀
MXAFATA02K8001,Aren 비세토스 카드 지갑,290000,Green,MEN,WALLET,OutOfStock,천연가죽 트림이 더해진 비세토스 모노그램 캔버스 카드 지갑,"4개의 카드 슬롯과 중앙 지폐 수납 공간을 갖춘 카드 지갑입니다. 천연 가죽 마감으로 완성되었으며, 뛰어난 장인정신이 돋보이는 모노그램 액세서리입니다.",바디:비세토스 모노그램 캔버스 | 트림:천연 가죽,약 1 x 10 x 8 센티미터,,대한민국,4개의 카드 슬롯 | 중앙 지폐 포켓 | 패브릭 안감,미니,https://images.mcmworldwide.com/i/mcmworldwide/MXAFATA02K8001_01?sw=600 | https://images.mcmworldwide.com/i/mcmworldwide/MXAFATA02K8001_03?sw=600 | https://images.mcmworldwide.com/i/mcmworldwide/MXAFATA02K8001_04?sw=600,https://kr.mcmworldwide.com/ko_KR/남성/지갑-레더소품/카드지갑-키홀더/aren-비세토스-카드-지갑/MXAFATA02K8001.html,미니멀
MXCESTA01BK001,Aren 맥시 모노그램 레더 머니 클립 카드 케이스,330000,Black,MEN,WALLET,InStock,카드 슬롯과 로고 인그레이빙 머니 클립이 있는 천연 나파 가죽 소재의 액세서리,클래식 MCM 모노그램을 고급스럽게 재해석하여 새겨 넣은 천연 나파 가죽 소재의 컴팩트한 액세서리입니다. 이 로고 인그레이빙 머니 클립에는 슬롯 2개와 중앙 수납공간 1개가 갖춰져 있습니다.,,약 1 x 7 x 11 센티미터,,대한민국,엠보스드 맥시 모노그램 | 카드 슬롯 2개 | 중앙 포켓 | 천연 나파 가죽 | 다크 실버톤 메탈 머니 클립,미니,https://images.mcmworldwide.com/i/mcmworldwide/MXCESTA01BK001_01?sw=600 | https://images.mcmworldwide.com/i/mcmworldwide/MXCESTA01BK001_03?sw=600 | https://images.mcmworldwide.com/i/mcmworldwide/MXCESTA01BK001_04?sw=600,https://kr.mcmworldwide.com/ko_KR/남성/지갑-레더소품/반지갑-머니클립/aren-맥시-모노그램-레더-머니-클립-카드-케이스/MXCESTA01BK001.html,미니멀
MXZGATA094B001,Aren 비세토스 레빗 참,390000,Brown,MEN,ACCESSORY,InStock,가죽 트림과 페이크 퍼 테일 디테일이 돋보이는 비세토스 모노그램 캔버스 래빗 참,"하우스의 위트 있는 감성을 담은 Rabbit 참은 일상에 유쾌한 세련미를 더하는 사랑스러운 동반자입니다. 시나몬 비세토스 캔버스와 가죽으로 제작되었으며, 페이크 퍼 테일과 24K 골드 도금 하드웨어로 마무리되었습니다.",바디:비세토스 모노그램 캔버스,약 7 x 6 x 13 센티미터,,대한민국,페이크 퍼 꼬리 | 레더 트림 | 24K 골드 도금 브라스 스프링 클라스프와 키링,프리 사이즈,https://images.mcmworldwide.com/i/mcmworldwide/MXZGATA094B001_01?sw=600 | https://images.mcmworldwide.com/i/mcmworldwide/MXZGATA094B001_04?sw=600,https://kr.mcmworldwide.com/ko_KR/남성/패션소품/모두보기/aren-비세토스-레빗-참/MXZGATA094B001.html,스트릿
MXZGSTA01CO001,Aren 비세토스 핸드폰 랜야드,890000,Cognac,MEN,WALLET,InStock,가죽 랜야드 스트랩과 천연 가죽 트림이 더해진 비세토스 모노그램 캔버스 핸드폰 월렛,"장인정신이 깃든 모바일 액세서리, 아렌 핸드폰 랜야드는 시그니처 비세토스 캔버스와 천연 나파 가죽의 조합으로 완성되었습니다. 뮌헨 하우스의 아이코닉 브라스 플레이트로 품격을 더하였으며, 부드러운 레더 스트랩을 활용해 세련된 핸즈프리 스타일링이 가능합니다.",바디:비세토스 모노그램 캔버스 | 트림:천연 가죽,약 4 x 20 x 11 센티미터,,대한민국,아이폰 16 프로 맥스 수납 가능 | 가죽 스트랩 | 로고 브라스 플레이트 | 마그네틱 스냅 클로저 | 내부 카드 슬롯 | 지퍼 수납 공간 | 24K 골드 도금 브라스 하드웨어 | 코튼 트윌 안감 | 스트랩 드롭: 55 cm,S | M,https://images.mcmworldwide.com/i/mcmworldwide/MXZGSTA01CO001_01?sw=600 | https://images.mcmworldwide.com/i/mcmworldwide/MXZGSTA01CO001_09?sw=600 | https://images.mcmworldwide.com/i/mcmworldwide/MXZGSTA01CO001_02?sw=600 | https://images.mcmworldwide.com/i/mcmworldwide/MXZGSTA01CO001_03?sw=600 | https://images.mcmworldwide.com/i/mcmworldwide/MXZGSTA01CO001_04?sw=600 | https://images.mcmworldwide.com/i/mcmworldwide/MXZGSTA01CO001_05?sw=600 | https://images.mcmworldwide.com/i/mcmworldwide/MXZGSTA01CO001_10?sw=600 | https://images.mcmworldwide.com/i/mcmworldwide/MXZGSTA01CO001_11?sw=600,https://kr.mcmworldwide.com/ko_KR/남성/지갑-레더소품/카드지갑-키홀더/aren-비세토스-핸드폰-랜야드/MXZGSTA01CO001.html,캐주얼
MYLFATA01CO001,Aren 비세토스 크로스바디 월렛,830000,Cognac,WOMEN,WALLET,InStock,"브라스 로고 플레이트 클로저와 내추럴 가죽 트리밍, 탈부착 가능한 가죽 스트랩이 더해진 비세토스 모노그램 캔버스 크로스바디 월렛.","클래식한 우아함에 브랜드 헤리티지를 더한 아이템.기능적 디자인이라는 바우하우스 철학을 반영해, 뮌헨 하우스의 시그니처 브라스 로고 플레이트를 스냅 클로저로 사용하여 모노그램 월렛에 고급스러운 포인트를 더했습니다.",바디: 비세토스 모노그램 캔버스 | 트림: 천연 가죽,약 4 x 20 x 11 센티미터,스트랩 길이: 55cm,대한민국,탈착 가능한 가죽 스트랩 | 뒷면 외부 포켓 | 내부 카드 슬롯과 지퍼 수납공간 | Interior card slots and zip compartment | 24k 금도금 브라스 하드웨어 | 패브릭 라이닝,L,https://images.mcmworldwide.com/i/mcmworldwide/MYLFATA01CO001_01?sw=600 | https://images.mcmworldwide.com/i/mcmworldwide/MYLFATA01CO001_09?sw=600 | https://images.mcmworldwide.com/i/mcmworldwide/MYLFATA01CO001_03?sw=600 | https://images.mcmworldwide.com/i/mcmworldwide/MYLFATA01CO001_04?sw=600,https://kr.mcmworldwide.com/ko_KR/여성/지갑-레더소품/체인-지갑/aren-비세토스-크로스바디-월렛/MYLFATA01CO001.html,클래식
MYSGATA024B001,Aren 비세토스 브라스 플레이트 지갑,490000,Brown,WOMEN,WALLET,InStock,로고 브라스 플레이트 장식과 가죽 트림이 더해진 비세토스 모노그램 캔버스 지갑,"뮌헨 하우스의 여행 트렁크에서 영감을 받은 헤리티지 디테일인 아이코닉 로고 브라스 플레이트가 특징입니다. 나파 레더 내부에는 카드 슬롯과 지폐 슬리브가 구성되어 있으며, 시나몬 비세토스의 지퍼 수납 공간이 더해져 소중한 아이템을 한층 정제된 방식으로 보호합니다.",바디:비세토스 모노그램 캔버스,약 3 x 11 x 9 센티미터,,대한민국,뒷면 외부 슬립 포켓 | 지퍼 수납 공간 | 로고가 더해진 브라스 플레이트 장식의 스냅 클로저 | 지폐 수납 공간 | Interior card slots | 레더 트림 | 24K 골드 도금 브라스 하드웨어 | 패브릭 안감(카드 슬롯),미니 | S | M,https://images.mcmworldwide.com/i/mcmworldwide/MYSGATA024B001_01?sw=600 | https://images.mcmworldwide.com/i/mcmworldwide/MYSGATA024B001_03?sw=600 | https://images.mcmworldwide.com/i/mcmworldwide/MYSGATA024B001_04?sw=600,https://kr.mcmworldwide.com/ko_KR/여성/지갑-레더소품/반지갑/aren-비세토스-브라스-플레이트-지갑/MYSGATA024B001.html,클래식
MYSGSTA01CO001,Aren 비세토스 브라스 플레이트 지갑,490000,Cognac,WOMEN,WALLET,InStock,로고가 더해진 브라스 플레이트 장식과 천연 가죽 트림이 더해진 비세토스 모노그램 캔버스 지갑,"뮌헨 하우스의 여행용 트렁크에서 영감을 얻은 아이코닉 로고 브래스 플레이트가 특징인 지갑으로, 내부는 나파 가죽으로 마감되어 카드 슬롯과 지폐 수납 공간을 갖추고 있습니다. 지퍼 클로저를 사용하여 완성도를 높이며 소중한 소지품을 안전하게 보관할 수 있습니다.",바디:비세토스 모노그램 캔버스 | 트림:천연 가죽,약 4 x 12 x 9 센티미터,,대한민국,뒷면 외부 슬립 포켓 | 지퍼 수납 공간 | 로고가 더해진 브라스 플레이트 장식의 스냅 클로저 | 지폐 수납 공간 | 내부 카드 슬롯 | 24K 골드 도금 브라스 하드웨어 | 패브릭 안감(카드 슬롯),미니 | S | M,https://images.mcmworldwide.com/i/mcmworldwide/MYSGSTA01CO001_01?sw=600 | https://images.mcmworldwide.com/i/mcmworldwide/MYSGSTA01CO001_03?sw=600 | https://images.mcmworldwide.com/i/mcmworldwide/MYSGSTA01CO001_04?sw=600,https://kr.mcmworldwide.com/ko_KR/여성/지갑-레더소품/모두보기/aren-비세토스-브라스-플레이트-지갑/MYSGSTA01CO001.html,클래식
MYAGSTA01CO001,Aren 비세토스 카드 파우치,470000,Cognac,WOMEN,WALLET,InStock,"키링, 후크 클라스프, 천연 가죽 트림이 더해진 비세토스 모노그램 캔버스 카드 파우치","시그니처 비세토스 캔버스와 레더 디테일이 돋보이는 우아한 카드 파우치로, 세련된 디자인에 키링과 후크 클라스프가 더해져 가방이나 백팩에 손쉽게 부착할 수 있습니다.",바디:비세토스 모노그램 캔버스 | 트림:천연 가죽,약 3 x 12 x 9 센티미터,,대한민국,후크 잠금 장지 | 키링 | 지퍼 클로저 | 내부 포켓 및 카드 슬롯 | 24K 골드 도금 브라스 하드웨어 | 패브릭 안감,미니 | S,https://images.mcmworldwide.com/i/mcmworldwide/MYAGSTA01CO001_01?sw=600 | https://images.mcmworldwide.com/i/mcmworldwide/MYAGSTA01CO001_03?sw=600 | https://images.mcmworldwide.com/i/mcmworldwide/MYAGSTA01CO001_04?sw=600 | https://images.mcmworldwide.com/i/mcmworldwide/MYAGSTA01CO001_05?sw=600,https://kr.mcmworldwide.com/ko_KR/여성/지갑-레더소품/카드지갑-레더소품/aren-비세토스-카드-파우치/MYAGSTA01CO001.html,캐주얼
MXZGATA12PZ001,Aren Crossbody Wallet in Visetos,890000,Pink,MEN,ACCESSORY,InStock,Visetos monogram canvas phone wallet with leather lanyard strap and leather trim,"A mobile accessory with an artisanal foundation, the Aren lanyard wallet is sculpted from a signature duet of Visetos canvas and nappa leather. Enriched by the iconic brass plate of the Munich House, the accessory is finished with a supple leather strap for hands-free sophistication.",Body: Visetos monogram canvas,약 4 x 20 x 11 센티미터,,대한민국,Fits iPhone 17 Pro Max | Leather strap | Logo brass plate | Magnetic snap closure | Interior card slots | Zip compartment | Leather trim | 16k gold-plated metal hardware | Cotton twill lining | Strap drop: 55 cm,S | M,https://images.mcmworldwide.com/i/mcmworldwide/MXZGATA12PZ001_01?sw=600 | https://images.mcmworldwide.com/i/mcmworldwide/MXZGATA12PZ001_09?sw=600 | https://images.mcmworldwide.com/i/mcmworldwide/MXZGATA12PZ001_02?sw=600 | https://images.mcmworldwide.com/i/mcmworldwide/MXZGATA12PZ001_03?sw=600 | https://images.mcmworldwide.com/i/mcmworldwide/MXZGATA12PZ001_04?sw=600 | https://images.mcmworldwide.com/i/mcmworldwide/MXZGATA12PZ001_05?sw=600 | https://images.mcmworldwide.com/i/mcmworldwide/MXZGATA12PZ001_10?sw=600,https://kr.mcmworldwide.com/ko_KR/신상품/autumn-winter/aren-crossbody-wallet-in-visetos/MXZGATA12PZ001.html,캐주얼
MESGSAS01CO036,Diamante 퀼팅 모노그램 레더 로우탑 스니커즈,630000,Cognac,WOMEN,SHOES,OutOfStock,"디아망떼 솔, 비세토스 모노그램 프린트, 천연 가죽 트림이 더해진 퀼티드 레더 로우탑 스니커즈","전통 러닝화를 현대적으로 재해석한 로우탑 스니커즈로, 레트로 감성의 퀼티드 레더 어퍼와 시그니처 비세토스 모노그램 프린트가 특징입니다. 코냑 컬러에 혁신적인 디아망떼 러버 아웃솔과 듀얼 밀도 미드솔, 뮌헨 바이에른 다이아몬드에서 착안한 3D 패턴이 어우러져 편안한 착화감과 세련된 스타일을 동시에 선사합니다.",어퍼:비세토스 모노그램 프린트가 더해진 퀼팅 레더 | 트림:천연 가죽,,,인도네시아,디아망뜨 러버 솔 | 라우렐 로고 모티브가 더해진 텅 | 코튼 슈레이스 | 로고가 프린트된 풋베드 | MCM 로고 모티프가 더해진 가죽 힐 탭 | 메쉬 라이닝,36 IT / 여성 | 37 IT / 여성 | 38 IT / 여성 | 39 IT / 여성 | 40 IT / 여성 | 41 IT / 남성 | 42 IT / 남성 | 43 IT / 남성,https://images.mcmworldwide.com/i/mcmworldwide/MESGSAS01CO036_01?sw=600 | https://images.mcmworldwide.com/i/mcmworldwide/MESGSAS01CO036_02?sw=600 | https://images.mcmworldwide.com/i/mcmworldwide/MESGSAS01CO036_04?sw=600 | https://images.mcmworldwide.com/i/mcmworldwide/MESGSAS01CO036_05?sw=600 | https://images.mcmworldwide.com/i/mcmworldwide/MESGSAS01CO036_06?sw=600,https://kr.mcmworldwide.com/ko_KR/여성/슈즈/스니커즈/diamante-퀼팅-모노그램-레더-로우탑-스니커즈/MESGSAS01CO036.html,스트릿
MYSGSTA01PZ001,Aren 비세토스 브라스 플레이트 지갑,490000,Pink,WOMEN,WALLET,InStock,로고가 더해진 브라스 플레이트 장식과 천연 가죽 트림이 더해진 비세토스 모노그램 캔버스 지갑,"뮌헨 하우스의 여행용 트렁크에서 영감을 얻은 아이코닉 로고 브래스 플레이트가 특징인 지갑으로, 내부는 나파 가죽으로 마감되어 카드 슬롯과 지폐 수납 공간을 갖추고 있습니다. 지퍼 클로저를 사용하여 완성도를 높이며 소중한 소지품을 안전하게 보관할 수 있습니다.",바디:비세토스 모노그램 캔버스 | 트림:천연 가죽,약 4 x 12 x 9 센티미터,,대한민국,뒷면 외부 슬립 포켓 | 지퍼 수납 공간 | 로고가 더해진 브라스 플레이트 장식의 스냅 클로저 | 지폐 수납 공간 | 내부 카드 슬롯 | 16K 골드 도금 메탈 하드웨어 | 패브릭 안감(카드 슬롯),미니 | S | M,https://images.mcmworldwide.com/i/mcmworldwide/MYSGSTA01PZ001_01?sw=600 | https://images.mcmworldwide.com/i/mcmworldwide/MYSGSTA01PZ001_03?sw=600 | https://images.mcmworldwide.com/i/mcmworldwide/MYSGSTA01PZ001_04?sw=600,https://kr.mcmworldwide.com/ko_KR/여성/지갑-레더소품/반지갑/aren-비세토스-브라스-플레이트-지갑/MYSGSTA01PZ001.html,클래식
MEFGAMM03Q7001,Disco 모노그램 스카프,330000,Pink,MEN,ACCESSORY,InStock,MCM 디스코 모노그램 아트워크와 정교한 핸드 스티치로 완성한 코튼 실크 스카프,뮌헨 하우스가 탄생한 디스코 시대의 에너지를 담아낸 핸드메이드 스카프. 시즌 멀티컬러 다이아몬드 모노그램과 감각적인 ‘MCM DISCO’ 로고가 조화를 이룹니다.,"면 80% , 실크 20%",약 65 x 65 x 0 센티미터,,이탈리아,정교한 핸드 스티치로 완성 | “MCM Disco” 아트워크 | 다이아몬드 모노그램 모티브,프리 사이즈,https://images.mcmworldwide.com/i/mcmworldwide/MEFGAMM03Q7001_01?sw=600 | https://images.mcmworldwide.com/i/mcmworldwide/MEFGAMM03Q7001_09?sw=600 | https://images.mcmworldwide.com/i/mcmworldwide/MEFGAMM03Q7001_02?sw=600 | https://images.mcmworldwide.com/i/mcmworldwide/MEFGAMM03Q7001_03?sw=600 | https://images.mcmworldwide.com/i/mcmworldwide/MEFGAMM03Q7001_10?sw=600,https://kr.mcmworldwide.com/ko_KR/남성/패션소품/스카프-머플러/disco-모노그램-스카프/MEFGAMM03Q7001.html,스트릿
MECGAMM01BK001,Disco 로고 자수 코튼 트윌 캡,370000,Black,MEN,ACCESSORY,InStock,"""MCM Disco"" 자수 패치가 더해진 코튼 트윌 캡","디스코 황금기에 탄생한 뮌헨 하우스의 헤리티지를 담은 코튼 트윌 캡. 패치 자수로 표현한 ‘MCM Disco’ 로고가 1970년대의 역동적인 분위기를 전하며, 클래식 코냑 컬러 챙이 디자인을 완성합니다.",바디: 코튼 100%,,,이탈리아,“MCM Disco” 패치 자수 | 뒷면의 조절 가능한 스트랩 | 코냑 컬러 테두리,프리 사이즈,https://images.mcmworldwide.com/i/mcmworldwide/MECGAMM01BK001_01?sw=600 | https://images.mcmworldwide.com/i/mcmworldwide/MECGAMM01BK001_09?sw=600 | https://images.mcmworldwide.com/i/mcmworldwide/MECGAMM01BK001_04?sw=600 | https://images.mcmworldwide.com/i/mcmworldwide/MECGAMM01BK001_05?sw=600 | https://images.mcmworldwide.com/i/mcmworldwide/MECGAMM01BK001_10?sw=600 | https://images.mcmworldwide.com/i/mcmworldwide/MECGAMM01BK001_11?sw=600,https://kr.mcmworldwide.com/ko_KR/남성/패션소품/모자/disco-로고-자수-코튼-트윌-캡/MECGAMM01BK001.html,캐주얼
MYZGATA05CO001,Aren 비세토스 트라이엥글 크로스바디,790000,Cognac,WOMEN,BAG,InStock,나파 가죽 트림과 가죽 크로스바디 스트랩을 더한 비세토스 모노그램 캔버스 트라이앵글 백,뮌헨의 헤리티지를 담아낸 미니 Aren(아렌) 트라이앵글 파우치는 바이에른 다이아몬드에서 영감을 받은 독창적인 디자인으로 완성되었습니다. 비세토스 캔버스로 제작된 기하학적 실루엣의 백으로 클래식 코냑 컬러의 시그니처 모노그램으로 완성되었습니다. 함께 제공되는 가죽 스트랩을 연결하거나 뒷면의 가죽 루프를 활용해 크로스바디 백 또는 벨트 백으로 연출할 수 있습니다.,Body: Visetos monogram canvas | Trim: Nappa leather,약 6 x 24 x 19 센티미터,"104 cm to 128 cm strap length, Strap drop: 55 cm",대한민국,"Detachable, adjustable crossbody leather strap | Logo brass plate | Zip closure | Interior card slots | Rear leather belt loops | 24k gold-plated brass hardware | Microfiber lining with suede finish",미니,https://images.mcmworldwide.com/i/mcmworldwide/MYZGATA05CO001_01?sw=600 | https://images.mcmworldwide.com/i/mcmworldwide/MYZGATA05CO001_09?sw=600 | https://images.mcmworldwide.com/i/mcmworldwide/MYZGATA05CO001_02?sw=600 | https://images.mcmworldwide.com/i/mcmworldwide/MYZGATA05CO001_03?sw=600 | https://images.mcmworldwide.com/i/mcmworldwide/MYZGATA05CO001_04?sw=600 | https://images.mcmworldwide.com/i/mcmworldwide/MYZGATA05CO001_05?sw=600 | https://images.mcmworldwide.com/i/mcmworldwide/MYZGATA05CO001_06?sw=600 | https://images.mcmworldwide.com/i/mcmworldwide/MYZGATA05CO001_10?sw=600 | https://images.mcmworldwide.com/i/mcmworldwide/MYZGATA05CO001_11?sw=600,https://kr.mcmworldwide.com/ko_KR/여성/핸드백/클러치-파우치/aren-비세토스-트라이엥글-크로스바디/MYZGATA05CO001.html,클래식
MESFSAJ01CO036,비세토스 네오 터레인 로 스니커즈,630000,Cognac,MEN,SHOES,InStock,이탈리아산 카프레더 트리밍이 돋보이는 비세토스 모노그램 캔버스 로우탑 스니커즈,"현대적인 감각으로 재해석한 시그니처 로우탑 스니커즈. 비세토스 캔버스 어퍼가 돋보이는 네오터레인 로우탑 스니커즈는 유행을 타지 않는 멋을 선사합니다. 뮌헨의 상징적인 바이에른 다이아몬드 실루엣의 가죽 힐 패치와 로고가 더해진 텅 라벨, 골드 톤의 메탈 아일렛 디테일은 기하학적 디자인에 영감을 불어넣었습니다. 메시 소재와 송아지 가죽 라이닝을 사용한 오솔라이트® 인솔을 사용하여 더욱 편안한 착화감을 선사합니다.",바디: 비세토스 모노그램 캔버스 | 트림: 이탈리안 카프스킨 가죽,,,이탈리아,패딩 처리된 텅의 라우렐 로고 라벨 | 힐의 가죽 다이아몬드 패치 | MCM 로고 모티프가 새겨진 고무 아웃솔. | OrthoLite® 메모리 폼 인솔 탈착 가능. | 뒤꿈치 부분의 가죽 다이아몬드 패치 | MCM 로고 모티브의 러 아웃솔 | 탈착가능한 OrthoLite® 메모리 폼 인솔 | 골드 톤 다이아몬드 메탈 아일릿. | 메시가 혼합된 송아지 가죽 안감.,35 IT / 여성 | 36 IT / 여성 | 37 IT / 여성 | 38 IT / 여성 | 39 IT / 여성 | 40 IT / 남성 | 40 IT / 여성 | 41 IT / 남성 | 41 IT / 여성 | 42 IT / 남성 | 43 IT / 남성,https://images.mcmworldwide.com/i/mcmworldwide/MESFSAJ01CO036_01?sw=600 | https://images.mcmworldwide.com/i/mcmworldwide/MESFSAJ01CO036_02?sw=600 | https://images.mcmworldwide.com/i/mcmworldwide/MESFSAJ01CO036_04?sw=600 | https://images.mcmworldwide.com/i/mcmworldwide/MESFSAJ01CO036_05?sw=600 | https://images.mcmworldwide.com/i/mcmworldwide/MESFSAJ01CO036_06?sw=600,https://kr.mcmworldwide.com/ko_KR/남성/슈즈/스니커즈/비세토스-네오-터레인-로-스니커즈/MESFSAJ01CO036.html,캐주얼
MESFAAP01C9036,Federlite 라우렐 스웨이드 로우탑 스니커즈,770000,Brown,WOMEN,SHOES,InStock,엠보싱된 라우렐 로고 모티프가 특징인 스웨이드 가죽 로우탑 스니커즈,"프리미엄 이탈리안 스웨이드로 완성된 Federlite 로우탑 스니커즈는, 정교한 엠보싱 기법으로 구현한 입체적인 라우렐 엠블럼이 컨템포러리 디자인에 세련된 포인트를 더합니다.경량 다이컷 EVA 미드솔과 탈착 가능한 OrthoLite® 인솔이 만들어내는 탁월한 쿠셔닝으로, 하루 종일 부드럽고 안정적인 착화감을 경험해보세요.",어퍼:100% 스웨이드 레더,,,대한민국,"엠보싱 처리된 라우렐 로고 모티프 | 탈착 가능한 OrthoLite® 메모리폼 인솔 | 로고 프린트가 더해진 패딩 텅, 힐탭과 풋베드 | 러버 아웃솔 | 골드톤 바바리안 다이아몬드 메탈 아일렛 | 메쉬 라이닝",36 IT / 여성 | 37 IT / 여성 | 38 IT / 여성 | 39 IT / 여성 | 41 IT / 남성 | 42 IT / 남성 | 43 IT / 남성,https://images.mcmworldwide.com/i/mcmworldwide/MESFAAP01C9036_01?sw=600 | https://images.mcmworldwide.com/i/mcmworldwide/MESFAAP01C9036_02?sw=600 | https://images.mcmworldwide.com/i/mcmworldwide/MESFAAP01C9036_04?sw=600 | https://images.mcmworldwide.com/i/mcmworldwide/MESFAAP01C9036_05?sw=600 | https://images.mcmworldwide.com/i/mcmworldwide/MESFAAP01C9036_06?sw=600,https://kr.mcmworldwide.com/ko_KR/여성/슈즈/스니커즈/federlite--라우렐-스웨이드-로우탑-스니커즈/MESFAAP01C9036.html,클래식
MESGSAP02BK036,Federlite 퀼팅 가죽 로우탑 슬립온 스니커즈,730000,Black,WOMEN,SHOES,InStock,MCM 로고 모티프와 라우렐 퀼팅이 더해진 풀그레인 레더 슬립온 스니커즈,"한국 문화를 재해석하여 장인정신으로 구현한 슬립온 스니커즈는 풀그레인 레더로 정교하게 제작되었습니다. 태권도 도복에서 영감을 받아 대비되는 컬러를 사용했으며, 신발 앞부분의 라우렐 퀼팅과 같은 섬세한 디테일을 통해 하우스의 헤리티지를 곳곳에서 느낄 수 있습니다.",어퍼: 천연 풀 그레인 가죽,,,대한민국,풋베드의 로고 프린트 | 텅과 힐 탭의 MCM 로고 모티프 | 어퍼의 엠보싱 처리된 로고가 더해진 바바리안 다이아몬드 패치 | 토박스의 라우렐 퀼팅 디테일 | Federlite EVA 러버 아웃솔 | 다이아몬드 메탈 아이렛 | 페이크 가죽 트림이 더해진 메쉬 안감,36 IT / 여성 | 37 IT / 여성 | 38 IT / 여성 | 39 IT / 여성,https://images.mcmworldwide.com/i/mcmworldwide/MESGSAP02BK036_01?sw=600 | https://images.mcmworldwide.com/i/mcmworldwide/MESGSAP02BK036_02?sw=600 | https://images.mcmworldwide.com/i/mcmworldwide/MESGSAP02BK036_04?sw=600 | https://images.mcmworldwide.com/i/mcmworldwide/MESGSAP02BK036_05?sw=600 | https://images.mcmworldwide.com/i/mcmworldwide/MESGSAP02BK036_06?sw=600,https://kr.mcmworldwide.com/ko_KR/여성/슈즈/스니커즈/federlite-퀼팅-가죽-로우탑-슬립온-스니커즈/MESGSAP02BK036.html,캐주얼
MESEAAJ02WG036,네오 터레인 모노그램 레더 로우탑 스니커즈,770000,White,MEN,SHOES,InStock,이탈리안 송아지 가죽과 엠보스드 비세토스 모노그램으로 제작한 로우탑 스니커즈,클래식 비세토스 모노그램이 새겨진 이탈리안 송아지 가죽 어퍼로 완전한 수공예를 표현한 네오 터레인 로 스니커즈입니다. 바이에른 다이아몬드를 참고한 우븐 텅 라벨과 가죽 힐 패치 장식이 돋보입니다. 메시를 덧댄 송아지 가죽 안감과 OrthoLite® 인솔로 더욱 편안한 착용감을 선사합니다.,어퍼: 송아지 가죽 100% | 트림: 송아지 가죽 100%,,,이탈리아,엠보스드 비세토스 모노그램 | 패딩 처리된 텅의 라우렐 로고 라벨 | 힐의 가죽 다이아몬드 패치 | 러버 아웃솔과 MCM 로고 모티프 | 탈부착 가능한 OrthoLite® 메모리 폼 인솔 | 골드톤 다이아몬드 메탈 아일렛 | 메시를 덧댄 가죽 안감,36 IT / 여성 | 37 IT / 여성 | 38 IT / 여성 | 39 IT / 여성 | 40 IT / 남성 | 41 IT / 남성 | 42 IT / 남성 | 43 IT / 남성,https://images.mcmworldwide.com/i/mcmworldwide/MESEAAJ02WG036_01?sw=600 | https://images.mcmworldwide.com/i/mcmworldwide/MESEAAJ02WG036_02?sw=600 | https://images.mcmworldwide.com/i/mcmworldwide/MESEAAJ02WG036_04?sw=600 | https://images.mcmworldwide.com/i/mcmworldwide/MESEAAJ02WG036_05?sw=600 | https://images.mcmworldwide.com/i/mcmworldwide/MESEAAJ02WG036_06?sw=600,https://kr.mcmworldwide.com/ko_KR/남성/슈즈/스니커즈/네오-터레인-모노그램-레더-로우탑-스니커즈/MESEAAJ02WG036.html,미니멀
MESESAH02CO036,Skywander 비세토스 로우탑 스니커즈,890000,Cognac,MEN,SHOES,InStock,송아지 가죽 트림과 라우렐에서 영감을 받은 러버 아웃솔이 있는 이탈리아산 비세토스 로우 탑 스니커즈,러닝화에서 영감을 받아 시그니처 비세토스 모노그램 캔버스와 이탈리아산 송아지 가죽으로 제작한 새로운 스카이완더입니다. 입체적인 라우렐 패턴 아웃솔에 예술적으로 표현한 헤리티지를 선보이고 뒷면에는 리본 모티프를 더해 강조했습니다. 어퍼와 텅의 바이에른 다이아몬드 로고와 송아지 가죽 힐 카운터의 엠보스드 ‘MCM’ 레터가 돋보입니다.,어퍼: 비세토스 모노그램 캔버스 | 트림: 이탈리안 송아지 가죽,,,이탈리아,어퍼의 로고 다이아몬드 러버 패치 | 패딩 처리된 텅의 MCM 로고 라벨 | 힐의 라우렐 리본 모티프 | 로고 엠보스드 송아지 가죽 힐 탭 | 러버 아웃솔과 3D 라우렐 모티프 | 도금 바이에른 다이아몬드 메탈 아일렛 | 메시를 덧댄 스웨이드 안감,36 IT / 여성 | 37 IT / 여성 | 38 IT / 여성 | 40 IT / 남성 | 42 IT / 남성 | 43 IT / 남성,https://images.mcmworldwide.com/i/mcmworldwide/MESESAH02CO036_01?sw=600 | https://images.mcmworldwide.com/i/mcmworldwide/MESESAH02CO036_02?sw=600 | https://images.mcmworldwide.com/i/mcmworldwide/MESESAH02CO036_04?sw=600 | https://images.mcmworldwide.com/i/mcmworldwide/MESESAH02CO036_05?sw=600 | https://images.mcmworldwide.com/i/mcmworldwide/MESESAH02CO036_06?sw=600,https://kr.mcmworldwide.com/ko_KR/남성/슈즈/스니커즈/비세토스-스카이완더-로-스니커즈/MESESAH02CO036.html,캐주얼
MESESAJ03CO039,Neo Terrain 비세토스 로우탑 스니커즈,770000,Cognac,MEN,SHOES,InStock,이탈리아산 송아지 가죽 트림과 비세토스 모노그램 캔버스로 제작한 로우탑 스니커즈,시그니처 MCM 로우탑 실루엣을 리믹스한 네오 터레인 로 스니커즈입니다. 비세토스 모노그램 캔버스 소재의 어퍼를 장식한 송아지 가죽 오버레이 라인으로 건축적인 특성을 표현했습니다. 바이에른 다이아몬드를 참고한 가죽 힐 패치와 우븐 텅 라벨 장식이 특징입니다. 송아지 가죽에 메쉬 디테일을 더해 한층 편안한 착용감을 선사합니다.,바디: 비세토스 모노그램 캔버스 | 트림: 이탈리안 송아지 가죽,,,이탈리아,패딩 처리된 텅 부분의 로렐 로고 라벨 | 힐의 가죽 다이아몬드 패치 | MCM 로고 모티프가 새겨진 고무 아웃솔. | 메시가 혼합된 송아지 가죽 안감.,35 IT / 여성 | 36 IT / 여성 | 37 IT / 여성 | 38 IT / 여성 | 39 IT / 여성 | 40 IT / 남성 | 40 IT / 여성 | 41 IT / 남성 | 41 IT / 여성 | 42 IT / 남성 | 43 IT / 남성,https://images.mcmworldwide.com/i/mcmworldwide/MESESAJ03CO039_01?sw=600 | https://images.mcmworldwide.com/i/mcmworldwide/MESESAJ03CO039_02?sw=600 | https://images.mcmworldwide.com/i/mcmworldwide/MESESAJ03CO039_04?sw=600 | https://images.mcmworldwide.com/i/mcmworldwide/MESESAJ03CO039_05?sw=600 | https://images.mcmworldwide.com/i/mcmworldwide/MESESAJ03CO039_06?sw=600,https://kr.mcmworldwide.com/ko_KR/남성/슈즈/스니커즈/비세토스-네오-터레인-로-스니커즈/MESESAJ03CO039.html,스트릿
MEXEAAJ01VC041,Neo Terrain 모노그램 레더 스니커즈,770000,Blue,MEN,SHOES,InStock,엠보싱 비세토스 모노그램이 돋보이는 카프스킨 레더 로우탑 스니커즈,"정교한 장인정신이 돋보이는 Neo Terrain 로우탑 스니커즈. 카프스킨 어퍼에 클래식 비세토스 모노그램을 엠보싱으로 표현했으며, 바이에른 다이아몬드에서 영감을 받은 텅 라벨과 가죽 힐 패치가 장식이 돋보입니다.. 메쉬를 더한 카프 스킨 안감과 OrthoLite® 인솔로 더욱 편안한 착용감을 선사합니다.",바디:100% 카프스킨,,,이탈리아,엠보스드 비세토스 모노그램 | 패딩 처리된 텅 부분의 라우렐 로고 라벨 | 힐 부분의 가죽 다이아몬드 패치 | MCM 로고 모티프가 새겨진 러버 아웃솔 | 탈착 가능한 OrthoLite® 메모리폼 인솔 | 브라스 다이아몬드 아일렛 | 메쉬가 결합된 레더 라이닝,41 IT / 남성 | 42 IT / 남성 | 43 IT / 남성 | 44 IT / 남성,https://images.mcmworldwide.com/i/mcmworldwide/MEXEAAJ01VC041_01?sw=600 | https://images.mcmworldwide.com/i/mcmworldwide/MEXEAAJ01VC041_02?sw=600 | https://images.mcmworldwide.com/i/mcmworldwide/MEXEAAJ01VC041_04?sw=600 | https://images.mcmworldwide.com/i/mcmworldwide/MEXEAAJ01VC041_05?sw=600 | https://images.mcmworldwide.com/i/mcmworldwide/MEXEAAJ01VC041_06?sw=600,https://kr.mcmworldwide.com/ko_KR/gifts-gifts-for-her/neo-terrain-모노그램-레더-스니커즈/MEXEAAJ01VC041.html,캐주얼
MEXEAAJ01BK040,모노그램 레더 네오 터레인 로 스니커즈,770000,Black,MEN,SHOES,InStock,이탈리안 송아지 가죽과 엠보스드 비세토스 모노그램으로 제작한 로우탑 스니커즈,클래식 비세토스 모노그램이 새겨진 이탈리안 송아지 가죽 어퍼로 완전한 수공예를 표현한 네오 터레인 로 스니커즈입니다. 바이에른 다이아몬드를 참고한 우븐 텅 라벨과 가죽 힐 패치 장식이 돋보입니다. 메시를 덧댄 송아지 가죽 안감과 OrthoLite® 인솔로 더욱 편안한 착용감을 선사합니다.,어퍼: 송아지 가죽 100% | 트림: 송아지 가죽 100%,,,이탈리아,엠보싱 비세토스 모노그램. | 패딩 처리된 텅의 라우렐 로고 라벨 | 힐의 가죽 다이아몬드 패치 | MCM 로고 모티프가 새겨진 고무 아웃솔. | OrthoLite® 메모리 폼 인솔 탈착 가능. | 골드 톤 다이아몬드 메탈 아일릿. | 메시를 덧댄 가죽 안감,36 IT / 여성 | 37 IT / 여성 | 38 IT / 여성 | 39 IT / 여성 | 40 IT / 남성 | 41 IT / 남성 | 42 IT / 남성 | 43 IT / 남성,https://images.mcmworldwide.com/i/mcmworldwide/MEXEAAJ01BK040_01?sw=600 | https://images.mcmworldwide.com/i/mcmworldwide/MEXEAAJ01BK040_02?sw=600 | https://images.mcmworldwide.com/i/mcmworldwide/MEXEAAJ01BK040_03?sw=600 | https://images.mcmworldwide.com/i/mcmworldwide/MEXEAAJ01BK040_04?sw=600 | https://images.mcmworldwide.com/i/mcmworldwide/MEXEAAJ01BK040_05?sw=600,https://kr.mcmworldwide.com/ko_KR/남성/슈즈/스니커즈/모노그램-레더-네오-터레인-로-스니커즈/MEXEAAJ01BK040.html,클래식
MEXESMM01CO037,모노그램 프린트 양가죽 크로스 샌들,830000,Cognac,MEN,SHOES,InStock,비세토스 모노그램 프린트와 라우렐 로고 금속 장식이 돋보이는 유니섹스 양가죽 슬라이드,"가죽 수공예와 MCM의 디자인 언어를 함께 엮어낸 슬라이드입니다. 모노그램 프린트가 돋보이는 이탈리아산 양가죽 어퍼와 24K 도금 브라스 라우렐 로고 모티프, 가죽 풋베드의 라우렐 엠블럼 등의 헤리티지 코드로 장식했습니다.",어퍼: 양가죽 100%,,,이탈리아,크로스 레더 어퍼의 비세토스 모노그램 프린트 | 풋베드의 로고 모티프 | EVA 밑창 | 24K 도금 브라스 라우렐 로고 금속 장식 | 양가죽 안감,37 IT / 여성 | 38 IT / 여성 | 40 IT / 남성 | 41 IT / 남성 | 42 IT / 남성,https://images.mcmworldwide.com/i/mcmworldwide/MEXESMM01CO037_01?sw=600 | https://images.mcmworldwide.com/i/mcmworldwide/MEXESMM01CO037_02?sw=600 | https://images.mcmworldwide.com/i/mcmworldwide/MEXESMM01CO037_04?sw=600 | https://images.mcmworldwide.com/i/mcmworldwide/MEXESMM01CO037_05?sw=600 | https://images.mcmworldwide.com/i/mcmworldwide/MEXESMM01CO037_06?sw=600,https://kr.mcmworldwide.com/ko_KR/남성/슈즈/샌들-슬라이드/모노그램-프린트-양가죽-크로스-샌들/MEXESMM01CO037.html,캐주얼
MEXESAJ03BW042,Neo Terrain 비세토스 로우탑 스니커즈,770000,White,MEN,SHOES,OutOfStock,이탈리아산 송아지 가죽 트림과 비세토스 모노그램 캔버스로 제작한 로우탑 스니커즈,시그니처 MCM 로우탑 실루엣을 리믹스한 네오 터레인 로 스니커즈입니다. 비세토스 모노그램 캔버스 소재의 어퍼를 장식한 송아지 가죽 오버레이 라인으로 건축적인 특성을 표현했습니다. 바이에른 다이아몬드를 참고한 가죽 힐 패치와 우븐 텅 라벨 장식이 특징입니다. 송아지 가죽에 메쉬 디테일을 더해 한층 편안한 착용감을 선사합니다.,바디: 비세토스 모노그램 캔버스 | 트림: 이탈리안 송아지 가죽,,,이탈리아,패딩 처리된 텅 부분의 로렐 로고 라벨 | 힐의 가죽 다이아몬드 패치 | MCM 로고 모티프가 새겨진 고무 아웃솔. | 메시가 혼합된 송아지 가죽 안감.,35 IT / 여성 | 36 IT / 여성 | 37 IT / 여성 | 38 IT / 여성 | 39 IT / 여성 | 40 IT / 남성 | 40 IT / 여성 | 41 IT / 남성 | 41 IT / 여성 | 42 IT / 남성 | 43 IT / 남성,https://images.mcmworldwide.com/i/mcmworldwide/MEXESAJ03BW042_01?sw=600 | https://images.mcmworldwide.com/i/mcmworldwide/MEXESAJ03BW042_02?sw=600 | https://images.mcmworldwide.com/i/mcmworldwide/MEXESAJ03BW042_04?sw=600 | https://images.mcmworldwide.com/i/mcmworldwide/MEXESAJ03BW042_06?sw=600,https://kr.mcmworldwide.com/ko_KR/남성/슈즈/스니커즈/비세토스-네오-터레인-로-스니커즈/MEXESAJ03BW042.html,캐주얼
MHAGSBC01BK00L,에센셜 로고 폰테 후디,590000,Black,MEN,CLOTHING,OutOfStock,로고 엠보싱 패치와 비세토스 모노그램 프린트 안감이 더해진 후드가 있는 유니섹스 오버사이즈 폰테 후드 스웨트셔츠,"뮌헨 하우스의 시그니처 심볼리즘이 돋보이는 오버사이즈 폰테 스웨트셔츠. 가슴 부분에는 로고가 각인된 바바리안 다이아몬드 패치가, 후드에는 비세토스 모노그램 프린트 안감이 포인트로 더해졌습니다. 입체감 있는 골지 니트 트리밍 마감은 부드러운 실루엣을 한층 강조합니다.","폴리에스테르 51%, 코튼 43%, 스판덱스 6%",약 35.4 x 35.4 x 0.0 인치,,대한민국,"메탈 팁이 달린 조절 가능한 드로스트링 후드 | 가슴 부분에 로고가 엠보싱된 인조 가죽 패치 | 앞면의 캥거루 포켓 | 골지 니트 소매 및 밑단 | 비세토스 모노그램 프린트 안감이 더해진 후드 | 오버사이즈 핏 | Female model is 176cm / 5'8"" tall and wears size M. | Male model is 183cm / 6'0"" tall and wears size M.",S | M | L | X라지,https://images.mcmworldwide.com/i/mcmworldwide/MHAGSBC01BK00L_01?sw=600 | https://images.mcmworldwide.com/i/mcmworldwide/MHAGSBC01BK00L_09?sw=600 | https://images.mcmworldwide.com/i/mcmworldwide/MHAGSBC01BK00L_04?sw=600 | https://images.mcmworldwide.com/i/mcmworldwide/MHAGSBC01BK00L_10?sw=600 | https://images.mcmworldwide.com/i/mcmworldwide/MHAGSBC01BK00L_11?sw=600 | https://images.mcmworldwide.com/i/mcmworldwide/MHAGSBC01BK00L_12?sw=600 | https://images.mcmworldwide.com/i/mcmworldwide/MHAGSBC01BK00L_13?sw=600,https://kr.mcmworldwide.com/ko_KR/hidden-categories---do-not-delete/cn/wechatfeed/에센셜-로고-폰테-후디/MHAGSBC01BK00L.html,스트릿
MXBEAUM01CO001,M-Art 비세토스 리버서블 벨트 1.5”,470000,Cognac,MEN,ACCESSORY,InStock,비세토스와 나파 가죽 소재의 24K 도금 MCM 브라스 버클 리버서블 벨트,"클래식 ‘MCM’ 레터가 도금 브라스 버클의 입체적이고 우아한 모티프에 담긴 리버서블 벨트입니다. 앞면의 비세토스 캔버스 소재에 시그니처 모노그램을 담아냈으며, 나파 가죽 소재로 제작된 반대쪽 면은 미니멀한 룩에 이상적입니다.",앞면: 비세토스 모노그램 캔버스 | 뒷면: 천연 나파 가죽,약 0 x 130 x 40 센티미터,,대한민국,리버서블 디자인 | 벨트를 잘라 원하는 사이즈로 조절 가능한 길이 | 24K 도금 브라스 MCM 버클,길이 조절 가능 | 잘라서 사이즈 조절,https://images.mcmworldwide.com/i/mcmworldwide/MXBEAUM01CO001_01?sw=600 | https://images.mcmworldwide.com/i/mcmworldwide/MXBEAUM01CO001_02?sw=600 | https://images.mcmworldwide.com/i/mcmworldwide/MXBEAUM01CO001_03?sw=600,https://kr.mcmworldwide.com/ko_KR/hidden-categories---do-not-delete/sizable-belts-for-how-to-video/m-art-비세토스-리버서블-벨트-1.5”/MXBEAUM01CO001.html,클래식
MHAGSBC01GK00L,에센셜 로고 폰테 후디,590000,Beige,MEN,CLOTHING,InStock,로고 엠보싱 패치와 비세토스 모노그램 프린트 안감이 더해진 후드가 있는 유니섹스 오버사이즈 폰테 후드 스웨트셔츠,"뮌헨 하우스의 시그니처 심볼리즘이 돋보이는 오버사이즈 폰테 스웨트셔츠. 가슴 부분에는 로고가 각인된 바바리안 다이아몬드 패치가, 후드에는 비세토스 모노그램 프린트 안감이 포인트로 더해졌습니다. 입체감 있는 골지 니트 트리밍 마감은 부드러운 실루엣을 한층 강조합니다.","폴리에스테르 51%, 코튼 43%, 스판덱스 6%",약 35.4 x 35.4 x 0.0 인치,,대한민국,"메탈 팁이 달린 조절 가능한 드로스트링 후드 | 가슴 부분에 로고가 엠보싱된 인조 가죽 패치 | 앞면의 캥거루 포켓 | 골지 니트 소매 및 밑단 | 비세토스 모노그램 프린트 안감이 더해진 후드 | 오버사이즈 핏 | Female model is 176cm / 5'8"" tall and wears size M. | Male model is 188cm / 6'1"" tall and wears size M.",S | M | L | X라지,https://images.mcmworldwide.com/i/mcmworldwide/MHAGSBC01GK00L_01?sw=600 | https://images.mcmworldwide.com/i/mcmworldwide/MHAGSBC01GK00L_09?sw=600 | https://images.mcmworldwide.com/i/mcmworldwide/MHAGSBC01GK00L_04?sw=600 | https://images.mcmworldwide.com/i/mcmworldwide/MHAGSBC01GK00L_10?sw=600 | https://images.mcmworldwide.com/i/mcmworldwide/MHAGSBC01GK00L_11?sw=600 | https://images.mcmworldwide.com/i/mcmworldwide/MHAGSBC01GK00L_12?sw=600 | https://images.mcmworldwide.com/i/mcmworldwide/MHAGSBC01GK00L_13?sw=600,https://kr.mcmworldwide.com/ko_KR/hidden-categories---do-not-delete/cn/wechatfeed/에센셜-로고-폰테-후디/MHAGSBC01GK00L.html,스트릿
MEFGAMM09BK001,M50 로고 실크 스카프,490000,Black,WOMEN,ACCESSORY,InStock,50주년 로고 아트워크가 더해진 실크 스카프,"뮌헨 하우스의 50주년을 기념하여 제작된 부드러운 실크 스카프입니다. 브랜드의 상징인 로렐(Laurel) 엠블럼을 감각적으로 재해석하고, 설립 연도인 '1976'를 더해 특별함을 더했습니다.",실크 100%,약 90 x 90 x 0 센티미터,,이탈리아,MCM 1976' 라우렐 로고 모티프,프리 사이즈,https://images.mcmworldwide.com/i/mcmworldwide/MEFGAMM09BK001_01?sw=600 | https://images.mcmworldwide.com/i/mcmworldwide/MEFGAMM09BK001_09?sw=600 | https://images.mcmworldwide.com/i/mcmworldwide/MEFGAMM09BK001_02?sw=600 | https://images.mcmworldwide.com/i/mcmworldwide/MEFGAMM09BK001_03?sw=600 | https://images.mcmworldwide.com/i/mcmworldwide/MEFGAMM09BK001_10?sw=600 | https://images.mcmworldwide.com/i/mcmworldwide/MEFGAMM09BK001_11?sw=600 | https://images.mcmworldwide.com/i/mcmworldwide/MEFGAMM09BK001_12?sw=600,https://kr.mcmworldwide.com/ko_KR/여성/패션소품/쁘띠-스카프-스카프/m50-로고-실크-스카프/MEFGAMM09BK001.html,클래식
MXZGATA17BK001,가죽 테슬 참,270000,Black,MEN,ACCESSORY,InStock,"가죽 태슬 장식, 키링 잠금장치, 가죽 스트랩이 더해진 가죽 다이아몬드 로고 참",스윙 시대의 위엄을 되살린 이 다차원적인 액세서리는 바이에른 다이아몬드에서 영감을 받은 가죽 로고 참과 더불어 부드러운 가죽 태슬이 특징입니다. 가죽 스트랩과 키링 클라스프가 더해져 두 가지 방식으로 사용할 수 있습니다.,바디:나파 레더,약 2 x 7 x 14 센티미터,,대한민국,가죽 스트랩 | 로고가 각인된 키링 스프링 클라스프와 메탈 참 | 가죽 태슬 장식 | 바이에른 다이아몬드 로고 참 | 실버톤 코발트 메탈 하드웨어 | 스트랩 드롭: 19cm,프리 사이즈,https://images.mcmworldwide.com/i/mcmworldwide/MXZGATA17BK001_01?sw=600 | https://images.mcmworldwide.com/i/mcmworldwide/MXZGATA17BK001_04?sw=600,https://kr.mcmworldwide.com/ko_KR/남성/패션소품/모두보기/leather-tassel-charm/MXZGATA17BK001.html,페미닌
MEFGAMM13BK001,M50 로고 쁘띠 실크 스카프,195000,Black,WOMEN,ACCESSORY,InStock,50주년 기념 그래픽 아트워크가 더해진 리버서블 실크 스카프,"고급 실크 소재의 양면 스카프. 앞면에는 50주년 기념하는 시그니처 라우렐 문양을, 뒷면에는 뮌헨 하우스를 상징하는 클래식한 레터링을 담아냈습니다. 스카프로 활용하거나 사랑스러운 리본으로 묶어 연출할 수 있으며, 가방 핸들에 감아 트래블 룩을 완성해 보세요.",앞면: 라우렐 로고 아트워크 | 뒷면:모티프 | 실크 100%,약 8 x 120 x 0 센티미터,,이탈리아,양면 디자인,프리 사이즈,https://images.mcmworldwide.com/i/mcmworldwide/MEFGAMM13BK001_01?sw=600 | https://images.mcmworldwide.com/i/mcmworldwide/MEFGAMM13BK001_09?sw=600 | https://images.mcmworldwide.com/i/mcmworldwide/MEFGAMM13BK001_02?sw=600 | https://images.mcmworldwide.com/i/mcmworldwide/MEFGAMM13BK001_03?sw=600 | https://images.mcmworldwide.com/i/mcmworldwide/MEFGAMM13BK001_10?sw=600 | https://images.mcmworldwide.com/i/mcmworldwide/MEFGAMM13BK001_11?sw=600,https://kr.mcmworldwide.com/ko_KR/여성/패션소품/쁘띠-스카프-스카프/m50-로고-쁘띠-실크-스카프/MEFGAMM13BK001.html,클래식
MXZGATA161I001,비세토스 레더 믹스 M50 로고 참,230000,Blue,MEN,ACCESSORY,InStock,"50주년 기념 로고 모티프를 담은 양면 가죽 참으로, 비세토스 캔버스 트리밍과 키링, 가죽 스트랩을 더해 완성되었습니다.","1976년 뮌헨에서 탄생한 하우스의 50주년을 기념하여 선보이는 생동감 넘치는 컬러의 레더 로고 참입니다. 뒷면에는 브랜드의 상징적인 비세토스 모노그램 캔버스를 더해 반전 매력을 선사하며, 가죽 스트랩과 키링 클로저가 있어 핸드백 장식이나 키링 등 다양한 방식으로 연출할 수 있습니다.",앞면: 나파 가죽 | 뒷면: 비세토스 모노그램 캔버스,약 0 x 7 x 7 센티미터,,대한민국,가죽 스트랩 | 50 주년 MCM 로고 모티프 | 키 링 클라스프 | 로고가 각인된 다이아몬드 패턴 가죽 | 실버톤 코발트 메탈 하드웨어 | 스트랩 드롭: 19 cm,프리 사이즈,https://images.mcmworldwide.com/i/mcmworldwide/MXZGATA161I001_01?sw=600 | https://images.mcmworldwide.com/i/mcmworldwide/MXZGATA161I001_04?sw=600,https://kr.mcmworldwide.com/ko_KR/남성/패션소품/모두보기/비세토스-레더-믹스-m50-로고-참/MXZGATA161I001.html,페미닌
MEFGAMM08PZ001,캐릭터 디스코 스카프,430000,Pink,WOMEN,ACCESSORY,InStock,“MCM Disco” 모노그램 모티프와 캐릭터 아트워크가 돋보이는 손 바느질로 마감한 오가닉 실크 스카프,"하우스의 개성 넘치는 캐릭터들이 담긴 오가닉 실크 스카프로, MCM이 탄생한 디스코 시대를 기념하는 화려한 갈라 무드를 표현했습니다. MCM 래빗과 마스 도그를 비롯한 클래식하면서도 새로운 캐릭터들이 유쾌한 분위기를 더하며 부드러운 실크에 위트 있는 감성을 불어넣습니다.",100% 오가닉 실크,약 90 x 90 x 0 센티미터,,이탈리아,정교한 핸드 스티치로 완성 | “MCM Disco” 로고 모티프 | 캐릭터 아트워크,프리 사이즈,https://images.mcmworldwide.com/i/mcmworldwide/MEFGAMM08PZ001_01?sw=600 | https://images.mcmworldwide.com/i/mcmworldwide/MEFGAMM08PZ001_09?sw=600 | https://images.mcmworldwide.com/i/mcmworldwide/MEFGAMM08PZ001_02?sw=600 | https://images.mcmworldwide.com/i/mcmworldwide/MEFGAMM08PZ001_03?sw=600 | https://images.mcmworldwide.com/i/mcmworldwide/MEFGAMM08PZ001_10?sw=600,https://kr.mcmworldwide.com/ko_KR/여성/패션소품/쁘띠-스카프-스카프/mcm-x-butterbear-티셔츠/MEFGAMM08PZ001.html,캐주얼
MEFGAMM06OQ001,추상적인 모노그램 스카프,650000,Orange,WOMEN,ACCESSORY,InStock,대조적인 모노그램 모티프가 돋보이는 양면 오가닉 실크 스카프,하우스의 클래식 코드를 재해석한 이번 시즌의 추상적인 기하학 아트워크가 고급 오가닉 실크 스카프 위에 생동감 있는 컬러로 시그니처 비세토스 모노그램을 돋보이게 합니다. 양면으로 착용 가능한 리버서블 디자인에 서로 다른 컬러웨이를 적용해 다양한 스타일링이 가능합니다.,100% 오가닉 실크,약 90 x 90 x 0 센티미터,,이탈리아,양면 디자인 | 비세토스 모노그램 프린트가 더해진 시즈널 아트워크 | 대조적인 양면 색상,프리 사이즈,https://images.mcmworldwide.com/i/mcmworldwide/MEFGAMM06OQ001_01?sw=600 | https://images.mcmworldwide.com/i/mcmworldwide/MEFGAMM06OQ001_09?sw=600 | https://images.mcmworldwide.com/i/mcmworldwide/MEFGAMM06OQ001_02?sw=600 | https://images.mcmworldwide.com/i/mcmworldwide/MEFGAMM06OQ001_03?sw=600 | https://images.mcmworldwide.com/i/mcmworldwide/MEFGAMM06OQ001_04?sw=600 | https://images.mcmworldwide.com/i/mcmworldwide/MEFGAMM06OQ001_10?sw=600,https://kr.mcmworldwide.com/ko_KR/여성/패션소품/쁘띠-스카프-스카프/mcm-x-butterbear-티셔츠/MEFGAMM06OQ001.html,클래식
MESGAMM09NG036,MCM X We The Best 울트라스웨이드 슬라이드,530000,Grey,WOMEN,SHOES,InStock,MCM 시그니처 슬라이드를 고급스럽게 완성한 익스클루시브 에디션.,"뮌헨 하우스의 장인 정신과 엄선된 소재를 통해 캐주얼한 신발 아이템을 한 단계 업그레이드한 협업 슬라이드. 부드러운 촉감의 일본산 울트라스웨이드 어퍼는 미니멀한 디자인이 돋보이며, 로고가 장식된 풋베드는 은은한 그레인 처리로 탁월한 편안함을 선사합니다.",어퍼: 폴리에스테르 100%(울트라스웨이드),,,대한민국,라우렐 로고가 각인된 텍스처드 풋베드 | “MCM” 로고 모티프 엠보싱 러버 솔,36 IT / 여성 | 37 IT / 여성 | 38 IT / 여성 | 41 IT / 남성 | 42 IT / 남성 | 43 IT / 남성,https://images.mcmworldwide.com/i/mcmworldwide/MESGAMM09NG036_01?sw=600 | https://images.mcmworldwide.com/i/mcmworldwide/MESGAMM09NG036_02?sw=600 | https://images.mcmworldwide.com/i/mcmworldwide/MESGAMM09NG036_04?sw=600 | https://images.mcmworldwide.com/i/mcmworldwide/MESGAMM09NG036_05?sw=600 | https://images.mcmworldwide.com/i/mcmworldwide/MESGAMM09NG036_06?sw=600,https://kr.mcmworldwide.com/ko_KR/여성/슈즈/샌들-슬라이드/mcm-x-we-the-best-울트라스웨이드-슬라이드/MESGAMM09NG036.html,스트릿
MMVGATT08CO001,MCM X We The Best Ottomar 비세토스 위켄더 백,2290000,Cognac,WOMEN,BAG,OutOfStock,MCM과 We The Best는 회복력과 자기 신념의 메시지를 중심으로 한 컬렉션을 선보입니다.,"시대를 초월한 여행의 동반자이자, 자신감과 끝없는 야망을 향한 DJ Khaled의 열정적인 삶의 철학을 담은 “We The Best” 참을 더해 새롭게 재해석된 Ottomar(오토마) 위켄더 백입니다. 정교하게 제작된 비세토스 모노그램 캔버스 바디에 마이애미를 오마주한 블루 톤의 부드러운 나파 가죽 디테일이 어우러져 세련된 대비 이룹니다. 가죽으로 감싼 메탈 자물쇠와 열쇠 등 장인 정신이 깃든 섬세한 마감은 전 세계를 누비는 럭셔리 노마드의 제트셋(Jet-set) 라이프스타일을 완벽하게 완성합니다.",바디:비세토스 모노그램 캔버스 | 트림: 나파 가죽,약 23 x 51 x 29 센티미터,"스트랩 길이: 75cm - 132cm, 핸들 드롭: 13.5cm",대한민국,탈착이 가능하며 길이 조절이 가능한 패브칙 웨빙 스트랩 | 가죽 탑 핸들 | 앞면의 로고 브라스 플레이트 | 탈착 가능한 “We The Best” 참과 가죽 커버 메탈 자물쇠 및 키 | 양방향 지퍼 클로저 | 내부 슬립 포켓과 지퍼 수납공간 | 캐리어 손잡이에 끼울 수 있는 밴드 | 가방 바닥 보호에 도움을 주는 메탈 피트 | 폴더블 디자인 | 24K 앤티크 골드 도금 메탈 하드웨어 | 코튼 트윌 안감,50.5cm / 19.9인치,https://images.mcmworldwide.com/i/mcmworldwide/MMVGATT08CO001_01?sw=600 | https://images.mcmworldwide.com/i/mcmworldwide/MMVGATT08CO001_09?sw=600 | https://images.mcmworldwide.com/i/mcmworldwide/MMVGATT08CO001_02?sw=600 | https://images.mcmworldwide.com/i/mcmworldwide/MMVGATT08CO001_03?sw=600 | https://images.mcmworldwide.com/i/mcmworldwide/MMVGATT08CO001_04?sw=600 | https://images.mcmworldwide.com/i/mcmworldwide/MMVGATT08CO001_05?sw=600 | https://images.mcmworldwide.com/i/mcmworldwide/MMVGATT08CO001_10?sw=600 | https://images.mcmworldwide.com/i/mcmworldwide/MMVGATT08CO001_11?sw=600,https://kr.mcmworldwide.com/ko_KR/트래블/러기지-백/mcm-x-we-the-best-ottomar-비세토스-위켄더-백/MMVGATT08CO001.html,스트릿
MMKGAVE09CO001,MCM X We The Best Stark 비세토스 백팩,1950000,Cognac,MEN,BAG,InStock,마이애미의 컬러감을 더하고 “We The Best” 참으로 재해석한 MCM 시그니처 백팩.,글로벌 아이콘으로 전 세계적인 사랑을 받는 Stark(스타크) 백팩에 마이애미를 오마주한 강렬한 블루 톤의 나파 가죽 디테일을 더해 대담하게 완성한 협업 에디션입니다. 브랜드의 시그니처 실루엣에 회복탄력성과 자기 신뢰를 바탕으로 한 DJ Khaled의 “We The Best” 메시지가 담긴 탈착식 참을 구성하여 컬렉션 특유의 크리에이티브 철학을 선명하게 드러냅니다.,바디:비세토스 모노그램 캔버스 | 트림: 나파 가죽,약 15 x 32 x 44 센티미터,"스트랩 길이: 74 - 88CM, 핸들 길이 6.5cm",대한민국,"길이 조절이 가능한 숄더 스트랩 | 가죽 탑 핸들 | 탈착 가능한 ""We The Best” 참 | 로고 브라스 플레이트 | 앞면 및 외부 측면 지퍼 포켓 | 양방향 지퍼 클로저 | 13인치 노트북 및 태블릿 수납이 가능한 내부 슬리브 | 24K 앤티크 골드 도금 메탈 하드웨어 | 스웨이드 마감의 극세사 안감",M,https://images.mcmworldwide.com/i/mcmworldwide/MMKGAVE09CO001_01?sw=600 | https://images.mcmworldwide.com/i/mcmworldwide/MMKGAVE09CO001_09?sw=600 | https://images.mcmworldwide.com/i/mcmworldwide/MMKGAVE09CO001_02?sw=600 | https://images.mcmworldwide.com/i/mcmworldwide/MMKGAVE09CO001_03?sw=600 | https://images.mcmworldwide.com/i/mcmworldwide/MMKGAVE09CO001_04?sw=600 | https://images.mcmworldwide.com/i/mcmworldwide/MMKGAVE09CO001_05?sw=600 | https://images.mcmworldwide.com/i/mcmworldwide/MMKGAVE09CO001_06?sw=600 | https://images.mcmworldwide.com/i/mcmworldwide/MMKGAVE09CO001_10?sw=600 | https://images.mcmworldwide.com/i/mcmworldwide/MMKGAVE09CO001_11?sw=600 | https://images.mcmworldwide.com/i/mcmworldwide/MMKGAVE09CO001_12?sw=600,https://kr.mcmworldwide.com/ko_KR/남성/가방/백팩/mcm-x-we-the-best-stark-비세토스-백팩/MMKGAVE09CO001.html,스트릿
MECGSMM064B001,비세토스 클래식 캡,450000,Brown,MEN,ACCESSORY,InStock,비스코스 안감이 더해진 비세토스 모노그램 캔버스 캡,"시나몬 비세토스 캔버스로 정교하게 제작된 시그니처 액세서리로, 하우스의 레터,로라우렐,다이아몬드 모티프가 돋보입니다. 실키한 비스코스 안감이 더해져 한층 섬세하고 편안한 착용감을 선사합니다.",바디:비세토스 모노그램 캔버스,,,이탈리아,모노그램 비스코스 라이닝,프리 사이즈,https://images.mcmworldwide.com/i/mcmworldwide/MECGSMM064B001_01?sw=600 | https://images.mcmworldwide.com/i/mcmworldwide/MECGSMM064B001_09?sw=600 | https://images.mcmworldwide.com/i/mcmworldwide/MECGSMM064B001_04?sw=600 | https://images.mcmworldwide.com/i/mcmworldwide/MECGSMM064B001_05?sw=600 | https://images.mcmworldwide.com/i/mcmworldwide/MECGSMM064B001_10?sw=600 | https://images.mcmworldwide.com/i/mcmworldwide/MECGSMM064B001_11?sw=600,https://kr.mcmworldwide.com/ko_KR/남성/패션소품/모자/비세토스-클래식-캡/MECGSMM064B001.html,클래식
MMKGAVE10CO001,MCM X We The Best Stark 비세토스 백팩,1950000,Cognac,MEN,BAG,InStock,시그니처 Stark 백팩을 고급 울트라스웨이드 소재로 재해석한 익스클루시브 에디션.,"고급스러운 감성의 일본산 울트라스웨이드 디테일로 브랜드 고유의 시그니처 Stark(스타크) 백팩 실루엣을 정교하게 감싼 협업 에디션입니다. 전 세계 글로벌 노마드를 위한 타임리스 아이템으로, 확고한 자기 신뢰와 회복탄력성을 바탕으로 한 DJ Khaled의 “We The Best” 메시지를 담은 탈착식 참을 더해 특별한 가치를 선사합니다.",바디:비세토스 모노그램 캔버스,약 15 x 32 x 44 센티미터,"스트랩 길이: 74 - 88CM, 핸들 길이 6.5cm",대한민국,"길이 조절이 가능한 숄더 스트랩 | 탑 핸들 | 탈착 가능한 ""We The Best” 참 | 로고 브라스 플레이트 | 앞면과 옆면의 지퍼 수납공간 | 양방향 지퍼 클로저 | 13인치 노트북 및 태블릿 수납이 가능한 내부 슬리브 | 울트라스웨이드 트리밍 | 건메탈 하드웨어 | 스웨이드 마감의 극세사 안감",M,https://images.mcmworldwide.com/i/mcmworldwide/MMKGAVE10CO001_01?sw=600 | https://images.mcmworldwide.com/i/mcmworldwide/MMKGAVE10CO001_09?sw=600 | https://images.mcmworldwide.com/i/mcmworldwide/MMKGAVE10CO001_02?sw=600 | https://images.mcmworldwide.com/i/mcmworldwide/MMKGAVE10CO001_03?sw=600 | https://images.mcmworldwide.com/i/mcmworldwide/MMKGAVE10CO001_04?sw=600 | https://images.mcmworldwide.com/i/mcmworldwide/MMKGAVE10CO001_05?sw=600 | https://images.mcmworldwide.com/i/mcmworldwide/MMKGAVE10CO001_06?sw=600 | https://images.mcmworldwide.com/i/mcmworldwide/MMKGAVE10CO001_10?sw=600 | https://images.mcmworldwide.com/i/mcmworldwide/MMKGAVE10CO001_11?sw=600,https://kr.mcmworldwide.com/ko_KR/남성/가방/백팩/mcm-x-we-the-best-stark-비세토스-백팩/MMKGAVE10CO001.html,스트릿
MEFGAMM04OQ001,모노그램 프린트 쁘띠 스카프,175000,Orange,WOMEN,ACCESSORY,InStock,시즈널 모노그램 모티프의 손 바느질로 마감한 양면 오가닉 실크 스카프,"오가닉 실크 소재를 사용해 핸드메이드로 완성한 리버서블 스카프로, 한쪽 면에는 오렌지 컬러의 비세토스 모노그램을, 반대 면에는 이번 시즌의 추상적인 모티프를 담았습니다. 스카프로 연출하거나 리본 형태로 묶어 스타일링할 수 있으며, 백 핸들에 감아 감각적인 트래블 룩을 완성할 수 있습니다.",뒷면: 시즌 아트워크 | 100% 오가닉 실크,약 5 x 120 x 0 센티미터,,이탈리아,정교한 핸드 스티치로 완성 | 양면 디자인 | Front: Visetos monogram print,프리 사이즈,https://images.mcmworldwide.com/i/mcmworldwide/MEFGAMM04OQ001_01?sw=600 | https://images.mcmworldwide.com/i/mcmworldwide/MEFGAMM04OQ001_09?sw=600 | https://images.mcmworldwide.com/i/mcmworldwide/MEFGAMM04OQ001_04?sw=600 | https://images.mcmworldwide.com/i/mcmworldwide/MEFGAMM04OQ001_05?sw=600 | https://images.mcmworldwide.com/i/mcmworldwide/MEFGAMM04OQ001_10?sw=600,https://kr.mcmworldwide.com/ko_KR/여성/패션소품/쁘띠-스카프-스카프/모노그램-프린트-쁘띠-스카프/MEFGAMM04OQ001.html,클래식
MEFGAMM11PZ001,모노그램 프린트 트라이엥글 실크 스카프,390000,Pink,MEN,ACCESSORY,InStock,비세토스 모노그램 프린트와 MCM 로고 모티프가 어우러진 삼각형 실루엣 실크 스카프,뮌헨 하우스의 새로운 실루엣을 제안하는 실크 스카프. 브랜드의 아이덴티티가 담긴 비세토스 모노그램이 삼각형 실루엣을 풍성하게 채워줍니다. 클래식한 세 글자의 로고는 이 화려한 액세서리의 스트라이프 테두리와 조화를 이루며 세련된 완성도를 더합니다.,실크 100%,약 70 x 70 x 0 센티미터,,이탈리아,비세토스 모노그램 프린트 | MCM 로고 스트라이프 모티프,프리 사이즈,https://images.mcmworldwide.com/i/mcmworldwide/MEFGAMM11PZ001_01?sw=600 | https://images.mcmworldwide.com/i/mcmworldwide/MEFGAMM11PZ001_09?sw=600 | https://images.mcmworldwide.com/i/mcmworldwide/MEFGAMM11PZ001_02?sw=600 | https://images.mcmworldwide.com/i/mcmworldwide/MEFGAMM11PZ001_03?sw=600 | https://images.mcmworldwide.com/i/mcmworldwide/MEFGAMM11PZ001_10?sw=600,https://kr.mcmworldwide.com/ko_KR/남성/패션소품/스카프-머플러/모노그램-프린트-트라이엥글-실크-스카프/MEFGAMM11PZ001.html,클래식
MEFGAMM12CO001,페이즐리 코튼 실크 스카프,330000,Cognac,WOMEN,ACCESSORY,InStock,"페이즐리 프린트와 비세토스 모노그램 모티프, 그리고 대비되는 스트라이프 테두리가 조화를 이루는 실크 스카프",부드러운 코튼 실크 소재 위에 정교한 페이즐리 프린트가 브랜드의 상징인 비세토스(Visetos) 모노그램을 감싸며 화려한 실루엣을 완성합니다. 스카프의 가장자리에는 대조적인 스트라이프 테두리를 더해 대담하고 감각적인 무드로 마무리되었습니다.,,약 57 x 57 x 0 센티미터,,이탈리아,페이즐리 프린트 | 비세토스 모노그램 모티프 | 대비되는 스트라이프 테두리 | 코튼 실크 혼방,프리 사이즈,https://images.mcmworldwide.com/i/mcmworldwide/MEFGAMM12CO001_01?sw=600 | https://images.mcmworldwide.com/i/mcmworldwide/MEFGAMM12CO001_09?sw=600 | https://images.mcmworldwide.com/i/mcmworldwide/MEFGAMM12CO001_02?sw=600 | https://images.mcmworldwide.com/i/mcmworldwide/MEFGAMM12CO001_03?sw=600 | https://images.mcmworldwide.com/i/mcmworldwide/MEFGAMM12CO001_10?sw=600 | https://images.mcmworldwide.com/i/mcmworldwide/MEFGAMM12CO001_11?sw=600,https://kr.mcmworldwide.com/ko_KR/여성/패션소품/쁘띠-스카프-스카프/페이즐리-코튼-실크-스카프/MEFGAMM12CO001.html,럭셔리
MEFGAMM12GR001,페이즐리 코튼 실크 스카프,330000,Green,WOMEN,ACCESSORY,InStock,"페이즐리 프린트와 비세토스 모노그램 모티프, 그리고 대비되는 스트라이프 테두리가 조화를 이루는 실크 스카프",부드러운 코튼 실크 소재 위에 정교한 페이즐리 프린트가 브랜드의 상징인 비세토스(Visetos) 모노그램을 감싸며 화려한 실루엣을 완성합니다. 스카프의 가장자리에는 대조적인 스트라이프 테두리를 더해 대담하고 감각적인 무드로 마무리되었습니다.,,약 57 x 57 x 0 센티미터,,이탈리아,페이즐리 프린트 | 비세토스 모노그램 모티프 | 대비되는 스트라이프 테두리 | 코튼 실크 혼방,프리 사이즈,https://images.mcmworldwide.com/i/mcmworldwide/MEFGAMM12GR001_01?sw=600 | https://images.mcmworldwide.com/i/mcmworldwide/MEFGAMM12GR001_09?sw=600 | https://images.mcmworldwide.com/i/mcmworldwide/MEFGAMM12GR001_02?sw=600 | https://images.mcmworldwide.com/i/mcmworldwide/MEFGAMM12GR001_03?sw=600 | https://images.mcmworldwide.com/i/mcmworldwide/MEFGAMM12GR001_10?sw=600 | https://images.mcmworldwide.com/i/mcmworldwide/MEFGAMM12GR001_11?sw=600,https://kr.mcmworldwide.com/ko_KR/여성/패션소품/쁘띠-스카프-스카프/페이즐리-코튼-실크-스카프/MEFGAMM12GR001.html,럭셔리
MEFGAMM16CO001,애니멀 패턴 쁘띠 실크 스카프,195000,Cognac,WOMEN,ACCESSORY,InStock,비세토스 모노그램 모티프와 애니멀 패턴 그래픽 아트워크가 더해진 리버서블 실크 스카프,"애니멀 프린트와 클래식 코드가 어우러진 양면 실크 스카프. 한쪽 면에는 비세토스 시그니처 모노그램이, 다른 한쪽 면에는 얼루갈, 호랑이·레오파드 패턴이 어우러져 있습니다.로 구성되었습니다. 스카프로 활용하거나 사랑스러운 리본으로 묶어 연출할 수 있으며, 가방 핸들에 감아 트래블 룩을 완성해 보세요.",실크 100%,약 8 x 120 x 0 센티미터,,이탈리아,양면 디자인 | 애니멀 프린트 아트워크와 비세토스 모노그램 프린트 | MCM 로고 모티프,프리 사이즈,https://images.mcmworldwide.com/i/mcmworldwide/MEFGAMM16CO001_01?sw=600 | https://images.mcmworldwide.com/i/mcmworldwide/MEFGAMM16CO001_09?sw=600 | https://images.mcmworldwide.com/i/mcmworldwide/MEFGAMM16CO001_02?sw=600 | https://images.mcmworldwide.com/i/mcmworldwide/MEFGAMM16CO001_03?sw=600 | https://images.mcmworldwide.com/i/mcmworldwide/MEFGAMM16CO001_10?sw=600 | https://images.mcmworldwide.com/i/mcmworldwide/MEFGAMM16CO001_11?sw=600,https://kr.mcmworldwide.com/ko_KR/여성/패션소품/쁘띠-스카프-스카프/애니멀-패턴-쁘띠-실크-스카프/MEFGAMM16CO001.html,페미닌
MEGGSMM03IG001,지오메트릭 쉴드 선글라스,290000,Beige,MEN,ACCESSORY,InStock,바이에른 다이아몬드 메탈 스터드 하드웨어와 로고 패턴 템플이 돋보이는 유니섹스 지오메트릭 아세테이트 선글라스,뮌헨 하우스의 시그니처 코드로 품격을 높인 현대적이며 조각적인 디자인의 선글라스입니다. 투명한 프레임에 페일 골드 톤의 바바리안 다이아몬드 메탈 스터드와 템플의 볼드한 로고 모티프 장식을 더해 화려함을 강조했습니다.,,,,중국,렌즈-브릿지-템플 사이즈: 54-17-145 mm | 로고 패턴이 더해진 템플 | 렌즈 컬러: 콜드 브라운 | 프레임 컬러: 투명한 샌드 베이지 | 로고가 새겨진 파우치 케이스 | 아세테이트 프레임 | 골드톤 바이에른 다이아몬드 메탈 스터드 하드웨어,프리 사이즈,https://images.mcmworldwide.com/i/mcmworldwide/MEGGSMM03IG001_01?sw=600 | https://images.mcmworldwide.com/i/mcmworldwide/MEGGSMM03IG001_09?sw=600 | https://images.mcmworldwide.com/i/mcmworldwide/MEGGSMM03IG001_02?sw=600 | https://images.mcmworldwide.com/i/mcmworldwide/MEGGSMM03IG001_03?sw=600 | https://images.mcmworldwide.com/i/mcmworldwide/MEGGSMM03IG001_10?sw=600,https://kr.mcmworldwide.com/ko_KR/남성/패션소품/선글라스/지오메트릭-쉴드-선글라스/MEGGSMM03IG001.html,페미닌
MHAGSBC01CO00L,에센셜 로고 패치 폰테 후디,590000,Cognac,MEN,CLOTHING,InStock,로고 엠보싱 패치와 비세토스 모노그램 프린트 후드 안감이 돋보이는 유니섹스 오버사이즈 폰테 후디,"뮌헨 하우스의 시그니처 심볼리즘이 돋보이는 오버사이즈 폰테 스웨트셔츠. 가슴 부분에는 로고가 각인된 바바리안 다이아몬드 패치가, 후드에는 비세토스 모노그램 프린트 안감이 포인트로 더해졌습니다. 입체감 있는 골지 니트 트리밍 마감은 부드러운 실루엣을 한층 강조합니다.","폴리에스테르 51%, 코튼 43%, 스판덱스 6%",,,대한민국,"메탈 팁이 달린 조절 가능한 드로스트링 후드 | 가슴 부분에 로고가 엠보싱된 인조 가죽 패치 | 앞면의 캥거루 포켓 | 골지 니트 소매 및 밑단 | 비세토스 모노그램 프린트 안감이 더해진 후드 | 오버사이즈 핏 | 여성 모델의 키는 176cm/5'8"" 이며 사이즈 M을 착용하고 있습니다. | 남성 모델의 키는 181cm/5'9"" 이며 사이즈 M을 착용하고 있습니다.",S | M | L | X라지,https://images.mcmworldwide.com/i/mcmworldwide/MHAGSBC01CO00L_01?sw=600 | https://images.mcmworldwide.com/i/mcmworldwide/MHAGSBC01CO00L_09?sw=600 | https://images.mcmworldwide.com/i/mcmworldwide/MHAGSBC01CO00L_04?sw=600 | https://images.mcmworldwide.com/i/mcmworldwide/MHAGSBC01CO00L_10?sw=600 | https://images.mcmworldwide.com/i/mcmworldwide/MHAGSBC01CO00L_11?sw=600 | https://images.mcmworldwide.com/i/mcmworldwide/MHAGSBC01CO00L_12?sw=600,https://kr.mcmworldwide.com/ko_KR/men-clothing-sweatshirts-hoodies/에센셜-로고-패치-폰테-후디/MHAGSBC01CO00L.html,캐주얼
MEFGAMM10CO001,애니멀 패턴 실크 스카프,490000,Cognac,WOMEN,ACCESSORY,InStock,애니멀 패턴 그래픽 아트워크와 비세토스 모노그램 모티프가 더해진 실크 스카프,"애니멀 프린트와 브랜드의 클래식 코드가 조화를 이루는 실크 스카프. 비세토스 시그니처 모노그램과 얼룩말, 호랑이, 레오파드 패턴이 어우러져 독창적이고 유니크한 디자인을 완성했습니다.",실크 100%,약 90 x 90 x 0 센티미터,,이탈리아,애니멀 프린트 아트워크와 비세토스 모노그램 프린트 | MCM 로고 모티프,프리 사이즈,https://images.mcmworldwide.com/i/mcmworldwide/MEFGAMM10CO001_01?sw=600 | https://images.mcmworldwide.com/i/mcmworldwide/MEFGAMM10CO001_09?sw=600 | https://images.mcmworldwide.com/i/mcmworldwide/MEFGAMM10CO001_02?sw=600 | https://images.mcmworldwide.com/i/mcmworldwide/MEFGAMM10CO001_03?sw=600 | https://images.mcmworldwide.com/i/mcmworldwide/MEFGAMM10CO001_10?sw=600 | https://images.mcmworldwide.com/i/mcmworldwide/MEFGAMM10CO001_11?sw=600,https://kr.mcmworldwide.com/ko_KR/여성/패션소품/쁘띠-스카프-스카프/애니멀-패턴-실크-스카프/MEFGAMM10CO001.html,페미닌
MESCAMM11BK035,모노그램 프린트 러버 슬라이드,350000,Black,WOMEN,SHOES,InStock,특별히 개발된 헤리티지 비세토스 모노그램 프린트 러버 슬라이드,텍스처드 뱀프에 클래식 모노그램을 프린트한 러버 슬라이드입니다. 살짝 결이 있는 풋베드와 힐 부분에 바이에른 다이아몬드 모티프가 있는 MCM 로고 솔을 통해 최상의 편안함을 선사합니다.,,,,대한민국,어퍼의 비세토스 모노그램 프린트 | 특별히 개발한 러버 뱀프 | 그레인드 러버 솔 | 힐의 바이에른 다이아몬드 모티프 | MCM 슬라이드는 작게 제작됩니다. 완벽한 핏을 위해 평소 사이즈보다 한 사이즈 크게 주문하는 것을 권장합니다.,35 IT / 여성 | 36 IT / 여성 | 37 IT / 여성 | 38 IT / 여성 | 39 IT / 여성 | 40 IT / 여성 | 41 IT / 남성 | 41 IT / 여성 | 42 IT / 남성 | 43 IT / 남성,https://images.mcmworldwide.com/i/mcmworldwide/MESCAMM11BK035_01?sw=600 | https://images.mcmworldwide.com/i/mcmworldwide/MESCAMM11BK035_02?sw=600 | https://images.mcmworldwide.com/i/mcmworldwide/MESCAMM11BK035_03?sw=600 | https://images.mcmworldwide.com/i/mcmworldwide/MESCAMM11BK035_04?sw=600 | https://images.mcmworldwide.com/i/mcmworldwide/MESCAMM11BK035_05?sw=600,https://kr.mcmworldwide.com/ko_KR/여성/슈즈/샌들-슬라이드/모노그램-프린트-러버-슬라이드/MESCAMM11BK035.html,캐주얼
MESGAMM06CO036,모노그램 플랫폼 양가죽 샌들,890000,Cognac,WOMEN,SHOES,InStock,비세토스 모노그램 프린트와 골드 톤 메탈 하드웨어가 돋보이는 양가죽 샌들,"부드러운 램스킨으로 정교하게 제작된 이 플랫폼 샌들은 시그니처 비세토스 모노그램이 프린트된 크로스 스트랩 어퍼가 특징입니다. 푹신한 양가죽 풋베드와 뒷면의 가죽 버클 스트랩, 그리고 특별히 개발된 플랫폼 EVA 솔이 결합되어 한층 더 격상된 편안한 착용감을 선사합니다.",어퍼: 램스킨 레더와 비세토스 모노그램 프린트,,,이탈리아,EVA 플랫폼 솔 | 뒷면 레더 버클 스트랩 | MCM 로고 모티프가 더해진 램스킨 풋베드 | 골드톤 바이에른 다이아몬드 메탈 버클 하드웨어,36 IT / 여성 | 37 IT / 여성 | 38 IT / 여성 | 39 IT / 여성,https://images.mcmworldwide.com/i/mcmworldwide/MESGAMM06CO036_01?sw=600 | https://images.mcmworldwide.com/i/mcmworldwide/MESGAMM06CO036_02?sw=600 | https://images.mcmworldwide.com/i/mcmworldwide/MESGAMM06CO036_03?sw=600 | https://images.mcmworldwide.com/i/mcmworldwide/MESGAMM06CO036_04?sw=600 | https://images.mcmworldwide.com/i/mcmworldwide/MESGAMM06CO036_05?sw=600,https://kr.mcmworldwide.com/ko_KR/여성/슈즈/샌들-슬라이드/모노그램-플랫폼-양가죽-샌들/MESGAMM06CO036.html,페미닌
MESESAJ03PZ035,비세토스 레더 믹스 네오 터레인 스니커즈,770000,Pink,MEN,SHOES,OutOfStock,카프스킨 트림이 돋보이는 비세토스 모노그램 캔버스 로우탑 스니커즈,"소프트 핑크 Visetos 모노그램 캔버스 어퍼 위에 선형적인 카프 레더 오버레이를 더해 건축적인 실루엣을 완성했습니다. 뮌헨을 상징하는 바이에른 다이아몬드에서 영감을 받은 가죽 힐 패치와 로고 직조 텅 라벨이 특징이며, 메쉬 인퓨즈드 카프스킨 안감과 OrthoLite® 인솔로 한층 향상된 착화감을 제공합니다.",바디:비세토스 모노그램 캔버스 | 트림: 카프스킨 레더,,,이탈리아,패딩 처리된 텅 부분의 라우렐 로고 라벨 | 힐 부분의 가죽 다이아몬드 패치 | MCM 로고 모티프가 새겨진 러버 아웃솔 | 메시가 결합된 카프스킨 라이닝,35 IT / 여성 | 36 IT / 여성 | 37 IT / 여성 | 38 IT / 여성 | 39 IT / 여성 | 40 IT / 남성 | 40 IT / 여성 | 41 IT / 남성 | 41 IT / 여성 | 42 IT / 남성 | 43 IT / 남성,https://images.mcmworldwide.com/i/mcmworldwide/MESESAJ03PZ035_01?sw=600 | https://images.mcmworldwide.com/i/mcmworldwide/MESESAJ03PZ035_02?sw=600 | https://images.mcmworldwide.com/i/mcmworldwide/MESESAJ03PZ035_04?sw=600 | https://images.mcmworldwide.com/i/mcmworldwide/MESESAJ03PZ035_05?sw=600 | https://images.mcmworldwide.com/i/mcmworldwide/MESESAJ03PZ035_06?sw=600,https://kr.mcmworldwide.com/ko_KR/남성/슈즈/스니커즈/비세토스-레더-믹스-네오-터레인-스니커즈/MESESAJ03PZ035.html,스트릿
MEXFSMM02BK036,비세토스 샌들,770000,Black,MEN,SHOES,OutOfStock,바이에른 다이아몬드 메탈 버클 하드웨어와 이탈리안 카프스킨 가죽 트림이 더해진 비세토스 모노그램 캔버스 샌들,"시그니처 비세토스 캔버스로 제작된 이 샌들은 뮌헨의 바이에른 다이아몬드에서 영감을 받은 실버톤 메탈 버클 장식을 사용해 길이 조절이 가능합니다. 테두리는 이탈리아산 송아지 가죽을 사용하였으며, 풋베드는 로고가 양각 처리된 가죽으로 마무리하여 한층 더 편안한 착화감을 제공합니다.",바디:비세토스 모노그램 캔버스 | 트림:100% 카프 레더 | 안감: 100% 카프 레더,,,이탈리아,라우렐 로고 모티브가 더해진 가죽 풋베드 | EAV 아웃솔 | 실버톤 다이아몬드 메탈 버클 하드웨어,36 IT / 여성 | 37 IT / 여성 | 38 IT / 여성 | 39 IT / 여성 | 40 IT / 남성 | 41 IT / 남성 | 42 IT / 남성 | 43 IT / 남성,https://images.mcmworldwide.com/i/mcmworldwide/MEXFSMM02BK036_01?sw=600 | https://images.mcmworldwide.com/i/mcmworldwide/MEXFSMM02BK036_02?sw=600 | https://images.mcmworldwide.com/i/mcmworldwide/MEXFSMM02BK036_04?sw=600 | https://images.mcmworldwide.com/i/mcmworldwide/MEXFSMM02BK036_05?sw=600 | https://images.mcmworldwide.com/i/mcmworldwide/MEXFSMM02BK036_06?sw=600,https://kr.mcmworldwide.com/ko_KR/남성/슈즈/샌들-슬라이드/비세토스-샌들/MEXFSMM02BK036.html,캐주얼
MESGSMM05CO036,모노그램 젤리 샌들,330000,Cognac,WOMEN,SHOES,OutOfStock,비세토스 모노그램 올오버 프린트가 더해진 젤리 플립플랍 샌들,"클래식한 코냑 컬러로 선보이는 샌들로 뮌헨 하우스의 시그니처 레터와, 라우렐, 다이아몬드 패턴이 돋보입니다.",,,,이탈리아,비세토스 모노그램 전면 프린트 | 클래식한 꼬냑 컬러 | 슬림한 디자인입니다. 최적의 핏을 위해 평소 착용하시는 사이즈보다 1~2사이즈 크게 주문하실 것을 권장합니다.,36 IT / 여성 | 37 IT / 여성 | 38 IT / 여성 | 39 IT / 여성,https://images.mcmworldwide.com/i/mcmworldwide/MESGSMM05CO036_01?sw=600 | https://images.mcmworldwide.com/i/mcmworldwide/MESGSMM05CO036_02?sw=600 | https://images.mcmworldwide.com/i/mcmworldwide/MESGSMM05CO036_04?sw=600 | https://images.mcmworldwide.com/i/mcmworldwide/MESGSMM05CO036_05?sw=600 | https://images.mcmworldwide.com/i/mcmworldwide/MESGSMM05CO036_06?sw=600,https://kr.mcmworldwide.com/ko_KR/여성/슈즈/샌들-슬라이드/모노그램-젤리-샌들/MESGSMM05CO036.html,캐주얼
MESGSMM04CO036,모노그램 프린트 러버 슬라이드,350000,Cognac,WOMEN,SHOES,InStock,비세토스 모노그램 프린트가 더해진 특별한 러버 슬라이드,"클래식한 슬라이드 디자인을 현대적으로 재해석한 이 아이템은 최신 러버 인젝션 기술을 적용해 뛰어난 착용감과 쿠셔닝을 제공합니다. 시그니처 비세토스 모노그램 프린트가 더해진 어퍼는 발을 부드럽게 감싸는 구조로, 세련된 실루엣과 편안함을 선사합니다.",,,,대한민국,비세토스 모노그램 프린트가 더해진 어퍼 | 라우렐 로고 모티프가 새겨진 풋베드 | 아웃솔 바닥 면의 바이에른 다이아몬드 패턴 | EVA 러버 솔,36 IT / 여성 | 37 IT / 여성 | 38 IT / 여성 | 39 IT / 여성 | 40 IT / 여성 | 41 IT / 남성 | 42 IT / 남성 | 43 IT / 남성,https://images.mcmworldwide.com/i/mcmworldwide/MESGSMM04CO036_01?sw=600 | https://images.mcmworldwide.com/i/mcmworldwide/MESGSMM04CO036_02?sw=600 | https://images.mcmworldwide.com/i/mcmworldwide/MESGSMM04CO036_04?sw=600 | https://images.mcmworldwide.com/i/mcmworldwide/MESGSMM04CO036_05?sw=600 | https://images.mcmworldwide.com/i/mcmworldwide/MESGSMM04CO036_06?sw=600,https://kr.mcmworldwide.com/ko_KR/여성/슈즈/샌들-슬라이드/모노그램-프린트-러버-슬라이드/MESGSMM04CO036.html,캐주얼
MMKEAVE14CO001,스타크 사이드 스터드 비세토스 백팩,1750000,Cognac,MEN,BAG,InStock,피라미드 모양 스터드 장식과 천연 나파 가죽 트림이 특징인 비세토스 모노그램 캔버스 백팩,"글로벌 노마드의 자유로운 정신을 담은 휴대용 아이콘. 비세토스 캔버스와 천연 나파 가죽으로 제작된 스타크 백팩은 기기, 서류, 액세서리를 품격 있게 정리할 수 있습니다. 피라미드 모양 스터드가 반짝이는 피니시로 실루엣을 장식합니다.",바디: 비세토스 모노그램 캔버스 | 트림: 천연 나파 가죽,약 13 x 30 x 38 센티미터,"스트랩 길이: 71cm ~ 87cm, 핸들 드롭: 7.5cm",대한민국,조절 가능한 어깨 스트랩 | 조절 가능한 어깨 스트랩 | 가죽 손잡이 부분 | MCM 로고 플레이트. | 전면 지퍼 수납공간 | 외부 사이드 포켓과 피라미드 모양 스터드 장식 | 양방향 지퍼 클로저 | 내부 포켓 및 13인치 노트북 또는 태블릿을 위한 슬리브 | 코발트 금속 장식 | 24K 도금 메탈 금속 장식 | 인조 나파 안감,X-Mini Bebe Boo | 미니 | S | S–M | M,https://images.mcmworldwide.com/i/mcmworldwide/MMKEAVE14CO001_01?sw=600 | https://images.mcmworldwide.com/i/mcmworldwide/MMKEAVE14CO001_09?sw=600 | https://images.mcmworldwide.com/i/mcmworldwide/MMKEAVE14CO001_02?sw=600 | https://images.mcmworldwide.com/i/mcmworldwide/MMKEAVE14CO001_03?sw=600 | https://images.mcmworldwide.com/i/mcmworldwide/MMKEAVE14CO001_04?sw=600 | https://images.mcmworldwide.com/i/mcmworldwide/MMKEAVE14CO001_05?sw=600 | https://images.mcmworldwide.com/i/mcmworldwide/MMKEAVE14CO001_06?sw=600 | https://images.mcmworldwide.com/i/mcmworldwide/MMKEAVE14CO001_10?sw=600 | https://images.mcmworldwide.com/i/mcmworldwide/MMKEAVE14CO001_11?sw=600,https://kr.mcmworldwide.com/ko_KR/남성/가방/백팩/스타크-사이드-스터드-비세토스-백팩/MMKEAVE14CO001.html,스트릿
MMKDAVE02BK001,Stark 맥시 모노그램 레더 백팩,2390000,Black,MEN,BAG,OutOfStock,천연 나파 가죽과 엠보스드 맥시 모노그램이 돋보이는 미디엄 스타크 백팩,MCM의 이동성 철학을 상징하는 플래그십 실루엣으로 천연 나파 가죽으로 제작된 스타크 백팩입니다. 포터블한 아이콘을 정교하게 장식한 엠보스드 비세토스 모노그램의 업스케일 버전을 통해 하우스의 맥시멀리즘을 표현했습니다.,,약 15 x 33 x 42 센티미터,"스트랩 길이: 75cm~89cm, 핸들 길이: 7.5cm",대한민국,로고 우븐 패브릭 어깨 스트랩 | 가죽 손잡이 부분 | 엠보스드 맥시 비세토스 모노그램 | 전면 지퍼 수납공간 | 옆면 슬립 포켓 | 양방향 지퍼 클로저 | 내부 포켓 및 13인치 노트북과 태블릿을 위한 슬리브 | 패딩 뒷면 패널 | 천연 나파 가죽 | 다크 금속 장식 | 스웨이드 마감 마이크로파이버 안감,S | M,https://images.mcmworldwide.com/i/mcmworldwide/MMKDAVE02BK001_01?sw=600 | https://images.mcmworldwide.com/i/mcmworldwide/MMKDAVE02BK001_09?sw=600 | https://images.mcmworldwide.com/i/mcmworldwide/MMKDAVE02BK001_02?sw=600 | https://images.mcmworldwide.com/i/mcmworldwide/MMKDAVE02BK001_03?sw=600 | https://images.mcmworldwide.com/i/mcmworldwide/MMKDAVE02BK001_04?sw=600 | https://images.mcmworldwide.com/i/mcmworldwide/MMKDAVE02BK001_10?sw=600 | https://images.mcmworldwide.com/i/mcmworldwide/MMKDAVE02BK001_11?sw=600 | https://images.mcmworldwide.com/i/mcmworldwide/MMKDAVE02BK001_12?sw=600,https://kr.mcmworldwide.com/ko_KR/남성/가방/백팩/맥시-모노그램-레더-스타크-백팩/MMKDAVE02BK001.html,스트릿
MMVAAVY02CO001,Ottomar 비세토스 위켄더,2050000,Cognac,WOMEN,BAG,InStock,MCM의 숙련된 캐리어 수공예 전통에 기반한 이 위켄더는 근처에 운동하러 가거나 멀리 여행을 떠날 때에도 편리하게 사용할 수 있는 크기로 디자인되었습니다.,내구성이 뛰어난 여행의 동반자로 비세토스 모노그램 캔버스와 버터처럼 부드러운 나파 가죽으로 정교하게 제작된 라지 Ottomar 위켄더 백입니다. 부드러운 프리미엄 코튼 트윌 라이닝을 사용한 넉넉한 내부에 귀중품을 보관할 수 있습니다. 가죽 커버 행택과 열쇠가 달린 금속 자물쇠 등 장인의 손길이 제트세터를 위한 기능성과 어우러집니다.,바디: 비세토스 모노그램 캔버스 | 트림: 천연 가죽,약 23 x 51 x 29 센티미터,"스트랩 길이: 75cm ~ 132cm, 핸들 드롭: 13.5cm",대한민국,탈부착 및 길이 조절 가능한 패브릭 웨빙 스트랩 | 가죽 손잡이 부분 | 앞면의 로고 브라스 플레이트 | TSA 잠금장치 | 양방향 확장 지퍼 클로저 | 내부 슬립 포켓 및 지퍼 수납공간 | 뒷면의 외부 캐리어 슬리브 | 보호용 메탈 바닥 받침. | 폴더블 디자인 | 24K 도금 메탈 금속 장식 | 코튼 트윌 안감. | 보호용 메탈 피트,41cm / 16.14인치 | 45cm / 17.7인치 | 50.5cm / 19.9인치 | 55cm / 22인치,https://images.mcmworldwide.com/i/mcmworldwide/MMVAAVY02CO001_01?sw=600 | https://images.mcmworldwide.com/i/mcmworldwide/MMVAAVY02CO001_09?sw=600 | https://images.mcmworldwide.com/i/mcmworldwide/MMVAAVY02CO001_02?sw=600 | https://images.mcmworldwide.com/i/mcmworldwide/MMVAAVY02CO001_03?sw=600 | https://images.mcmworldwide.com/i/mcmworldwide/MMVAAVY02CO001_04?sw=600 | https://images.mcmworldwide.com/i/mcmworldwide/MMVAAVY02CO001_10?sw=600,https://kr.mcmworldwide.com/ko_KR/트래블/러기지-백/비세토스-소재의-오토마-위켄더-백./MMVAAVY02CO001.html,클래식
MPFGAMM06CO001,향수 컬렉션 기프트 세트,110000,Cognac,WOMEN,ACCESSORY,InStock,MCM 프래그런스 컬렉션을 소개합니다 — 뮌헨 하우스의 아이코닉한 동물 캐릭터에서 영감을 받은 다양한 향들로 구성된 컬렉션,"이 특별한 기프트 세트는 코지 캣, 차밍 퍼프, 졸리 레빗, 마이티 베어 등 네 가지 클래식 MCM 캐릭터의 독특한 개성을 담은 향수들로 구성되어 있습니다. 각기 다른 향과 함께 여러분만의 스피릿 애니멀을 찾아보세요.",,,,이탈리아,유니섹스 향수 | 골드톤 하드웨어 | 동물 피규어가 더해진 10cml 미니 사이즈 4개 세트 | 코지 캣: 우디 플로럴 | 차밍 펍: 플로럴 우디 오리스 | 졸리 레빗: 시트러스 플로럴 그린 | 마이티 베어: 엠버 우디 플로럴 | EAN #8800259845375,기프트 세트,https://images.mcmworldwide.com/i/mcmworldwide/MPFGAMM06CO001_01?sw=600 | https://images.mcmworldwide.com/i/mcmworldwide/MPFGAMM06CO001_02?sw=600 | https://images.mcmworldwide.com/i/mcmworldwide/MPFGAMM06CO001_03?sw=600 | https://images.mcmworldwide.com/i/mcmworldwide/MPFGAMM06CO001_04?sw=600,https://kr.mcmworldwide.com/ko_KR/여성/패션소품/향수/향수-컬렉션-기프트-세트/MPFGAMM06CO001.html,페미닌
MXCAAVI02BK001,비세토스 오리지널 머니 클립 카드 케이스,310000,Black,MEN,WALLET,InStock,컴팩트한 액세서리에 카드와 현금을 안전하게 보관하세요.,시그니처 비세토스 코티드 캔버스와 나파 가죽으로 제작한 클래식한 머니 클립 카드케이스입니다. 뒷면 포켓에 간편하게 넣고 꺼낼 수 있습니다.,,약 1 x 11 x 8 센티미터,,대한민국,현금 및 영수증용 중앙 포켓 | 실버톤 메탈 로고 인그레이빙 머니 클립 | 비세토스 모노그램 코티드 캔버스 | 나파 가죽 트림 | 실버톤 로고 인그레이빙 코발트 메탈 머니 클립 | 패브릭 안감.,미니,https://images.mcmworldwide.com/i/mcmworldwide/MXCAAVI02BK001_01?sw=600 | https://images.mcmworldwide.com/i/mcmworldwide/MXCAAVI02BK001_02?sw=600 | https://images.mcmworldwide.com/i/mcmworldwide/MXCAAVI02BK001_03?sw=600 | https://images.mcmworldwide.com/i/mcmworldwide/MXCAAVI02BK001_04?sw=600,https://kr.mcmworldwide.com/ko_KR/남성/지갑-레더소품/반지갑-머니클립/비세토스-오리지널-머니-클립-카드-케이스/MXCAAVI02BK001.html,미니멀
MXSFATA03BK001,비세토스 오리지널 카드 케이스 반지갑,490000,Black,MEN,WALLET,InStock,탈부착 가능한 카드 케이스가 있는 모노그램 반지갑으로 뛰어난 가죽 제품을 제작하는 MCM의 헤리티지를 반영했습니다.,모노그램 코티드 캔버스로 제작한 클래식 액세서리는 나파 가죽으로 이루어진 여러 개의 카드 슬롯과 지폐 슬리브가 특징입니다. 내부 카드 케이스는 탈부착할 수 있어서 미니멀한 스타일이 필요할 때 완벽한 아이템입니다.,Body: Visetos monogram canvas,약 2 x 12 x 9 센티미터,,대한민국,지폐 슬리브 | 탈부착 가능한 카드 케이스 | 나파 가죽 트림 | Leather trim | Fabric lining (Card slots),S,https://images.mcmworldwide.com/i/mcmworldwide/MXSFATA03BK001_01?sw=600 | https://images.mcmworldwide.com/i/mcmworldwide/MXSFATA03BK001_03?sw=600 | https://images.mcmworldwide.com/i/mcmworldwide/MXSFATA03BK001_04?sw=600,https://kr.mcmworldwide.com/ko_KR/남성/지갑-레더소품/반지갑-머니클립/비세토스-오리지널-카드-케이스-반지갑/MXSFATA03BK001.html,클래식
MPFGAMM02CO001,코지 캣 오 드 퍼퓸,210000,Cognac,WOMEN,ACCESSORY,InStock,매혹적인 고양이의 페르소나에서 영감을 받은 유니섹스 우디 플로럴 향수.,"코지 캣 오드 퍼퓸은 우아한 본능과 위트 있는 반항적인 매력을 동시에 지닌 고양이의 페르소나를 향으로 풀어낸 유니섹스 향수입니다. 블랙 로즈의 깊고 매혹적인 플로럴 노트에 부드러운 스웨이드와 따뜻한 시더우드가 어우러져, 끝없는 호기심과 자유로운 감각으로 완성된 세련된 무드를 선사합니다. 향수 보틀 위에는 매력적인 캐릭터를 입체적인 조형으로 담아내어, 하나의 감각적인 오브제로 완성했습니다.",,,,이탈리아,"유니섹스 향수 | 로고가 새겨진 유리병과 귀여운 고양이 장식이 피규어 | 골드톤 하드웨어 | 100 mL / 3.4 oz. | 우디 플로럴 계열 | 탑 노트: 바이올렛 잎, 와일드베리, 복숭아, 블랙 로즈 | 미들 노트: 스웨이드, 벤조인, 암브레트 | 베이스 노트: 샌달우드, 통카빈, 시더우드, 랍다넘, 머스크, 바닐라빈 | EAN #8800259845337",100ML,https://images.mcmworldwide.com/i/mcmworldwide/MPFGAMM02CO001_01?sw=600 | https://images.mcmworldwide.com/i/mcmworldwide/MPFGAMM02CO001_02?sw=600 | https://images.mcmworldwide.com/i/mcmworldwide/MPFGAMM02CO001_03?sw=600 | https://images.mcmworldwide.com/i/mcmworldwide/MPFGAMM02CO001_04?sw=600 | https://images.mcmworldwide.com/i/mcmworldwide/MPFGAMM02CO001_05?sw=600,https://kr.mcmworldwide.com/ko_KR/여성/패션소품/향수/코지-캣-오-드-퍼퓸/MPFGAMM02CO001.html,페미닌
MXCAAVI02CO001,비세토스 오리지널 머니 클립 카드 케이스,310000,Cognac,MEN,WALLET,InStock,컴팩트한 액세서리에 카드와 현금을 안전하게 보관하세요.,시그니처 비세토스 코티드 캔버스와 나파 가죽으로 제작한 클래식한 머니 클립 카드케이스입니다. 뒷면 포켓에 간편하게 넣고 꺼낼 수 있습니다.,,약 1 x 11 x 8 센티미터,,대한민국,현금 및 영수증용 중앙 포켓 | 24K 도금 메탈 로고 인그레이빙 머니 클립 | 비세토스 모노그램 코티드 캔버스 | 나파 가죽 트림 | 24K 도금 로고 인그레이빙 메탈 머니 클립 | 패브릭 안감.,미니,https://images.mcmworldwide.com/i/mcmworldwide/MXCAAVI02CO001_01?sw=600 | https://images.mcmworldwide.com/i/mcmworldwide/MXCAAVI02CO001_02?sw=600 | https://images.mcmworldwide.com/i/mcmworldwide/MXCAAVI02CO001_03?sw=600 | https://images.mcmworldwide.com/i/mcmworldwide/MXCAAVI02CO001_04?sw=600,https://kr.mcmworldwide.com/ko_KR/남성/지갑-레더소품/반지갑-머니클립/비세토스-오리지널-머니-클립-카드-케이스/MXCAAVI02CO001.html,미니멀
MXSFATA04CO001,비세토스 반지갑,410000,Cognac,MEN,WALLET,InStock,MCM의 헤리티지를 담은 모노그램 반지갑,시그니처 비세토스 캔버스로 완성된 이 클래식 액세서리는 부드러운 가죽 내부와 다수의 카드 슬롯을 갖춘 실용적인 디자인이 특징입니다.,바디:비세토스 모노그램 캔버스 | 트림:천연 가죽,약 2 x 11 x 9 센티미터,,대한민국,내부 카드 슬롯 | 지폐 수납 공간 | 내부 포켓 | 패브릭 안감,S,https://images.mcmworldwide.com/i/mcmworldwide/MXSFATA04CO001_01?sw=600 | https://images.mcmworldwide.com/i/mcmworldwide/MXSFATA04CO001_03?sw=600 | https://images.mcmworldwide.com/i/mcmworldwide/MXSFATA04CO001_04?sw=600,https://kr.mcmworldwide.com/ko_KR/남성/지갑-레더소품/반지갑-머니클립/비세토스-반지갑/MXSFATA04CO001.html,클래식
MXZGATT03CO001,Ottomar 인조 퍼와 비세토스 Mars Dog 보틀 홀더,870000,Cognac,MEN,ACCESSORY,InStock,"나파 가죽 트림과 탈착 가능한 가죽 스트랩, 마스 도그 인조 퍼 인형이 더해진 비세토스 모노그램 캔버스 보틀 홀더.",시그니처 비세토스 캔버스와 나파 가죽으로 제작된 크로스바디 보틀 홀더는 우주 탐험이라는 하우스의 테마를 반영한 위트 있는 로켓 디자인이 특징입니다. 부드러운 블루 인조 퍼로 감싸진 마스 도그 인형이 함께 구성되어 휴대성을 갖춘 액세서리입니다.,바디:비세토스 모노그램 캔버스 | 트림: 나파 가죽 | 안감: 100% 나일론,약 10 x 10 x 17 센티미터,,대한민국,탈부착 가능한 레더 스트랩 | 인조 퍼 Mars dog 인형 포함 | 드로우 스트링 클로저 | 메탈 스터드 장식 | 24K 골드 도금 브라스 하드웨어 | 스트랩 드롭: 60 cm,프리 사이즈,https://images.mcmworldwide.com/i/mcmworldwide/MXZGATT03CO001_01?sw=600 | https://images.mcmworldwide.com/i/mcmworldwide/MXZGATT03CO001_09?sw=600 | https://images.mcmworldwide.com/i/mcmworldwide/MXZGATT03CO001_02?sw=600 | https://images.mcmworldwide.com/i/mcmworldwide/MXZGATT03CO001_03?sw=600 | https://images.mcmworldwide.com/i/mcmworldwide/MXZGATT03CO001_04?sw=600 | https://images.mcmworldwide.com/i/mcmworldwide/MXZGATT03CO001_05?sw=600 | https://images.mcmworldwide.com/i/mcmworldwide/MXZGATT03CO001_10?sw=600,https://kr.mcmworldwide.com/ko_KR/트래블/트래블-액세서리/ottomar-인조-퍼와-비세토스-mars-dog-보틀-홀더/MXZGATT03CO001.html,럭셔리
MMVGATT04BK001,Ottomar 다이아몬드 퀼팅 레더 위켄더,3250000,Black,WOMEN,BAG,InStock,로고 브라스 플레이트와 다이아몬드 퀼팅으로 품격을 더한 나파 가죽 위켄더 백,"모노크롬 감성이 돋보이는 시즌 위켄더 백. 나파 가죽 위에 바이에른 다이아몬드에서 영감을 받은 정교한 기하학 퀼팅을 더했으며, 하우스의 시그니처 로고 브라스 플레이트로 마무리했습니다.",바디:나파 레더,약 16 x 55 x 35 센티미터,,이탈리아,가죽 핸들 | 퀼팅 다이아몬드 모티프 | 바닥 부분의 “MCM” 로고 스티칭 | 양방향 지퍼 클로저 | 로고 브라스 플레이트 | 내부 지퍼 포켓 | 무광 블랙 메탈 하드웨어 | 리사이클 코튼 라이닝,55cm / 22인치,https://images.mcmworldwide.com/i/mcmworldwide/MMVGATT04BK001_01?sw=600 | https://images.mcmworldwide.com/i/mcmworldwide/MMVGATT04BK001_09?sw=600 | https://images.mcmworldwide.com/i/mcmworldwide/MMVGATT04BK001_02?sw=600 | https://images.mcmworldwide.com/i/mcmworldwide/MMVGATT04BK001_03?sw=600 | https://images.mcmworldwide.com/i/mcmworldwide/MMVGATT04BK001_04?sw=600 | https://images.mcmworldwide.com/i/mcmworldwide/MMVGATT04BK001_05?sw=600 | https://images.mcmworldwide.com/i/mcmworldwide/MMVGATT04BK001_06?sw=600 | https://images.mcmworldwide.com/i/mcmworldwide/MMVGATT04BK001_07?sw=600 | https://images.mcmworldwide.com/i/mcmworldwide/MMVGATT04BK001_10?sw=600 | https://images.mcmworldwide.com/i/mcmworldwide/MMVGATT04BK001_11?sw=600 | https://images.mcmworldwide.com/i/mcmworldwide/MMVGATT04BK001_12?sw=600,https://kr.mcmworldwide.com/ko_KR/트래블/러기지-백/ottomar-다이아몬드-퀼팅-레더-위켄더/MMVGATT04BK001.html,클래식
MXSFATA03CO001,비세토스 오리지널 카드 케이스 반지갑,490000,Cognac,MEN,WALLET,InStock,탈부착 가능한 카드 케이스가 있는 모노그램 반지갑으로 뛰어난 가죽 제품을 제작하는 MCM의 헤리티지를 반영했습니다.,모노그램 코티드 캔버스로 제작한 클래식 액세서리는 나파 가죽으로 이루어진 여러 개의 카드 슬롯과 지폐 슬리브가 특징입니다. 내부 카드 케이스는 탈부착할 수 있어서 미니멀한 스타일이 필요할 때 완벽한 아이템입니다.,Body: Visetos monogram canvas,약 2 x 12 x 9 센티미터,,대한민국,지폐 슬리브 | 탈부착 가능한 카드 케이스 | 나파 가죽 트림 | Leather trim | Fabric lining (Card slots),S,https://images.mcmworldwide.com/i/mcmworldwide/MXSFATA03CO001_01?sw=600 | https://images.mcmworldwide.com/i/mcmworldwide/MXSFATA03CO001_03?sw=600 | https://images.mcmworldwide.com/i/mcmworldwide/MXSFATA03CO001_04?sw=600,https://kr.mcmworldwide.com/ko_KR/남성/지갑-레더소품/반지갑-머니클립/비세토스-오리지널-카드-케이스-반지갑/MXSFATA03CO001.html,미니멀
MMVGATT07K8001,Ottomar 비세토스 위켄더,2190000,Beige,WOMEN,BAG,InStock,뮌헨 하우스의 러기지 장인정신을 담은 영원한 여행의 동반자,"장거리 여행은 물론 체육관으로 외출에도 적합한 카키 모스 컬러의 Ottomar(오토마) 위켄더 백. 비세토스 모노그램 캔버스와 나파 가죽으로 제작되었으며, 가죽 커버 행택과 자물쇠·키 디테일이 여행용 디자인의 완성도를 높입니다.",바디:비세토스 모노그램 캔버스 | 트림: 나파 가죽,약 25 x 55 x 31 센티미터,"스트랩 길이: 75cm - 132cm, 핸들 드롭: 13.5cm",대한민국,탈착이 가능하며 길이 조절이 가능한 패브칙 웨빙 스트랩 | 가죽 탑 핸들 | 로고 브라스 플레이트 | 자물쇠와 키가 달린 탈착 가능한 가죽 행 태그 | 양방향 지퍼 클로저 | 내부 슬립 포켓 및 지퍼 포켓 | 캐리어 손잡이에 끼울 수 있는 밴드 | 가방 바닥 보호에 도움을 주는 메탈 피트 | 실버톤 코발트 브라스 하드웨어 | 스웨이드 마감의 극세사 안감,55cm / 22인치,https://images.mcmworldwide.com/i/mcmworldwide/MMVGATT07K8001_01?sw=600 | https://images.mcmworldwide.com/i/mcmworldwide/MMVGATT07K8001_09?sw=600 | https://images.mcmworldwide.com/i/mcmworldwide/MMVGATT07K8001_02?sw=600 | https://images.mcmworldwide.com/i/mcmworldwide/MMVGATT07K8001_03?sw=600 | https://images.mcmworldwide.com/i/mcmworldwide/MMVGATT07K8001_04?sw=600 | https://images.mcmworldwide.com/i/mcmworldwide/MMVGATT07K8001_05?sw=600 | https://images.mcmworldwide.com/i/mcmworldwide/MMVGATT07K8001_10?sw=600,https://kr.mcmworldwide.com/ko_KR/트래블/러기지-백/ottomar-비세토스-위켄더/MMVGATT07K8001.html,클래식
MXZGSTA16PZ001,비세토스 에어팟 프로 케이스,290000,Pink,MEN,ACCESSORY,InStock,시그니처 사운드(에어팟 프로)를 담을 수 있는 케이스,"에어팟 프로를 위한 클래식한 케이스 참으로, 당신의 사운드 테크를 감각적으로 담아냅니다. 바이에른 다이아몬드에서 영감을 받은 스프링 클라스프로 가방이나 백팩에 손쉽게 연결하세요.",바디:비세토스 모노그램 캔버스 | 트림:천연 가죽,,,대한민국,바이에른 다이아몬드에서 영감을 받은 스프링 클라스프 잠금장치 | 스냅 클로저 | 에어팟 프로 2 및 이전 모델에 호환 | 18K 골드 도금 메탈 하드웨어,프리 사이즈,https://images.mcmworldwide.com/i/mcmworldwide/MXZGSTA16PZ001_01?sw=600 | https://images.mcmworldwide.com/i/mcmworldwide/MXZGSTA16PZ001_09?sw=600 | https://images.mcmworldwide.com/i/mcmworldwide/MXZGSTA16PZ001_03?sw=600 | https://images.mcmworldwide.com/i/mcmworldwide/MXZGSTA16PZ001_04?sw=600 | https://images.mcmworldwide.com/i/mcmworldwide/MXZGSTA16PZ001_05?sw=600 | https://images.mcmworldwide.com/i/mcmworldwide/MXZGSTA16PZ001_10?sw=600,https://kr.mcmworldwide.com/ko_KR/남성/패션소품/모두보기/비세토스-에어팟-프로-케이스/MXZGSTA16PZ001.html,캐주얼
MYLGATA01CO001,Pina 스터드 장식 크로스바디 월렛,830000,Cognac,WOMEN,WALLET,InStock,메탈 스터드 장식과 나파 가죽 트림이 돋보이는 비세토스 모노그램 캔버스 크로스바디 지갑,하우스의 시그니처 요소들이 우아한 메탈 스터드와 아이코닉한 로고 브라스 플레이트는 크로스바디 지갑의 전면을 더욱 돋보이게 합니다. 뮌헨 하우스의 클래식한 모노그램인 비세토스는 부드러운 가죽 디테일과 어우러져 완성되었습니다.,바디:비세토스 모노그램 캔버스 | 트림: 나파 가죽,약 4 x 20 x 11 센티미터,"스트랩 길이: 133cm - 157cm, 스트랩 드롭: 55cm",대한민국,"탈부착이 가능하며 길이 조절이 가능한 가죽 스트랩 | 금속 로고 스터드 장식 | 스냅 클로저 | 로고 브라스 플레이트 | 내부 카드 슬롯, 지폐 수납공간, 지퍼 수납공간 | 24K 골드 도금 브라스 하드웨어 | 패브릭 안감",L,https://images.mcmworldwide.com/i/mcmworldwide/MYLGATA01CO001_01?sw=600 | https://images.mcmworldwide.com/i/mcmworldwide/MYLGATA01CO001_09?sw=600 | https://images.mcmworldwide.com/i/mcmworldwide/MYLGATA01CO001_03?sw=600 | https://images.mcmworldwide.com/i/mcmworldwide/MYLGATA01CO001_04?sw=600 | https://images.mcmworldwide.com/i/mcmworldwide/MYLGATA01CO001_05?sw=600 | https://images.mcmworldwide.com/i/mcmworldwide/MYLGATA01CO001_10?sw=600,https://kr.mcmworldwide.com/ko_KR/여성/지갑-레더소품/체인-지갑/pina-crossbody-wallet-in-studded-visetos/MYLGATA01CO001.html,스트릿
MWKGATA01BK001,Pina 스터드 장식 카프스킨 드로우스트링 백팩,2390000,Black,WOMEN,BAG,InStock,"메탈 로고 스터드 장식, 체인 핸들, 탈부착 가능한 숄더 스트랩으로 실용성을 더한 그레인 가죽 드로우스트링 백팩","그레인 카프스킨으로 제작된 Pina(피나) 백팩. 하우스의 시그니처 코드를 담은 메탈 로고 스터드와 아이코닉한 로고 브라스 플레이트가 디자인을 돋보이게 합니다. 뮌헨의 바이에른 다이아몬드에서 영감을 받은 버클 디테일이 전면 플랩을 장식하며, 탈부착 및 길이 조절이 가능한 스트랩으로 크로스바디 백 또는 키즈 백팩으로 다양하게 연출할 수 있습니다.",바디:100% 카프스킨,약 11 x 23 x 25 센티미터,"스트랩 길이: 85cm - 96cm, 핸들 드롭: 8cm",이탈리아,탈부착 가능한 가죽 숄더 스트랩 | 가죽 탑 핸들 | 체인 핸들 | 로고 브라스 플레이트 | 금속 로고 스터드 장식 | 앞면 플랩 포켓 | 마그네틱 스냅 클로저와 가죽 끈 조임 장치 | 내부 포켓 | 24K 골드 도금 브라스 하드웨어 | 스웨이드 마감의 극세사 안감,미니,https://images.mcmworldwide.com/i/mcmworldwide/MWKGATA01BK001_01?sw=600 | https://images.mcmworldwide.com/i/mcmworldwide/MWKGATA01BK001_09?sw=600 | https://images.mcmworldwide.com/i/mcmworldwide/MWKGATA01BK001_02?sw=600 | https://images.mcmworldwide.com/i/mcmworldwide/MWKGATA01BK001_03?sw=600 | https://images.mcmworldwide.com/i/mcmworldwide/MWKGATA01BK001_04?sw=600 | https://images.mcmworldwide.com/i/mcmworldwide/MWKGATA01BK001_05?sw=600 | https://images.mcmworldwide.com/i/mcmworldwide/MWKGATA01BK001_10?sw=600,https://kr.mcmworldwide.com/ko_KR/여성/핸드백/백팩-벨트백/pina-스터드-장식-카프스킨-드로우스트링-백팩/MWKGATA01BK001.html,스트릿
MWDGADU03BK001,Pina 스터드 장식 카프스킨 드로우스트링 백,1790000,Black,WOMEN,BAG,InStock,"메탈 스터드장식과 체인 핸들, 레더 스트랩이 더해진 그레인 가죽 드로우스트링 백","그레인 카프스킨 소재의 Pina(피나) 드로우스트링 백은 바이에른 다이아몬드와 클래식 라우렐 로고를 표현한 메탈 스터드 장식이 돋보입니다. 체인 링크 핸들과 가죽 스트랩의 두 가지 방식으로 연출할 수 있어, 어떠한 장소나 상황에도 완벽하게 어우러지는 장인 정신 깃든 아이템입니다.",바디:100% 카프스킨,약 18 x 30 x 34 센티미터,"스트랩 길이: 96cm - 120cm, 핸들 드롭: 19cm",이탈리아,탈부착이 가능하며 길이 조절이 가능한 가죽 스트랩 | 로고 브라스 플레이트 | 금속 로고 스터드 장식 | 가죽 드로스트링 잠금장치 | 24K 골드 도금 브라스 하드웨어 | 스웨이드 마감의 극세사 안감,미니,https://images.mcmworldwide.com/i/mcmworldwide/MWDGADU03BK001_01?sw=600 | https://images.mcmworldwide.com/i/mcmworldwide/MWDGADU03BK001_09?sw=600 | https://images.mcmworldwide.com/i/mcmworldwide/MWDGADU03BK001_02?sw=600 | https://images.mcmworldwide.com/i/mcmworldwide/MWDGADU03BK001_03?sw=600 | https://images.mcmworldwide.com/i/mcmworldwide/MWDGADU03BK001_04?sw=600 | https://images.mcmworldwide.com/i/mcmworldwide/MWDGADU03BK001_05?sw=600 | https://images.mcmworldwide.com/i/mcmworldwide/MWDGADU03BK001_10?sw=600,https://kr.mcmworldwide.com/ko_KR/여성/핸드백/숄더백-크로스백/pina-drawstring-bag-in-studded-calfskin/MWDGADU03BK001.html,스트릿
MWRGAOB01CO001,Pina 비세토스 탬버린 백,1690000,Cognac,WOMEN,BAG,InStock,스터드 나파 가죽 트림과 레더 태슬 장식으로 포인트를 준 비세토스 모노그램 캔버스 탬버린 백,"1970~80년대의 리드미컬한 감성을 고스란히 담아낸 Pina(피나) 탬버린 백은 화려한 메탈 스터드 장식과 탈착 가능한 가죽 태슬이 더해져 대담하고 강렬한 포인트를 선사합니다. 가죽 스트랩을 연결해 클래식한 크로스바디 스타일로 연출하거나, 후면의 가죽 루프를 활용해 벨트백으로 변형하여 착용할 수도 있습니다.",바디:비세토스 모노그램 캔버스 | 트림: 스터드 장식 나파 가죽,약 6 x 19 x 19 센티미터,"120.5 cm to 140.5 cm strap length, Handle drop: 4 cm",대한민국,탈부착이 가능하며 길이 조절이 가능한 가죽 크로스바디 스트랩 | 탈부착 가능한 가죽 태슬 장식 | 뒷면 가죽 벨트 루프 | 지퍼 클로저 | 내부 카드 슬롯 | 24K 골드 도금 브라스 하드웨어 | 스웨이드 마감의 극세사 안감,S,https://images.mcmworldwide.com/i/mcmworldwide/MWRGAOB01CO001_01?sw=600 | https://images.mcmworldwide.com/i/mcmworldwide/MWRGAOB01CO001_09?sw=600 | https://images.mcmworldwide.com/i/mcmworldwide/MWRGAOB01CO001_02?sw=600 | https://images.mcmworldwide.com/i/mcmworldwide/MWRGAOB01CO001_03?sw=600 | https://images.mcmworldwide.com/i/mcmworldwide/MWRGAOB01CO001_04?sw=600 | https://images.mcmworldwide.com/i/mcmworldwide/MWRGAOB01CO001_05?sw=600 | https://images.mcmworldwide.com/i/mcmworldwide/MWRGAOB01CO001_10?sw=600 | https://images.mcmworldwide.com/i/mcmworldwide/MWRGAOB01CO001_11?sw=600,https://kr.mcmworldwide.com/ko_KR/여성/핸드백/숄더백-크로스백/pina-비세토스-탬버린-백-/MWRGAOB01CO001.html,페미닌
MWRGATA01BK001,Pina 스터드 장식 카프스킨 베니티 케이스,1550000,Black,WOMEN,BAG,InStock,"레더 태슬 장식과 메탈 스터드 하드웨어, 레더 스트랩이 어우러진 그레인 가죽 바니티 케이스","70~80년대의 화려한 감성을 담아낸 카프스킨 소재의 Pina(피나) 베니티 케이스. 가죽 태슬과 메탈 로고 스터드, 아이코닉한 로고 브라스 플레이트가 어우러져 고급스러운 분위기를 완성합니다. 블랙과 골드의 대조적인 컬러 조합이 돋보이며, 핸들로 들거나 가죽 스트랩을 활용해 크로스바디로 착용할 수 있습니다.",바디:100% 카프스킨,약 6 x 19 x 12 센티미터,"스트랩 길이: 103cm - 135cm, 스트랩 드롭: 60cm, 핸들 드롭: 4cm",이탈리아,탈부착이 가능하며 길이 조절이 가능한 가죽 스트랩 | 가죽 탑 핸들 | 로고 브라스 플레이트 | 가죽 태슬 장식 | 메탈 로고 스터드 | 양방향 지퍼 클로저 | 내부 카드 슬롯 | 24K 골드 도금 브라스 하드웨어 | 스웨이드 마감의 극세사 안감,미니,https://images.mcmworldwide.com/i/mcmworldwide/MWRGATA01BK001_01?sw=600 | https://images.mcmworldwide.com/i/mcmworldwide/MWRGATA01BK001_09?sw=600 | https://images.mcmworldwide.com/i/mcmworldwide/MWRGATA01BK001_02?sw=600 | https://images.mcmworldwide.com/i/mcmworldwide/MWRGATA01BK001_03?sw=600 | https://images.mcmworldwide.com/i/mcmworldwide/MWRGATA01BK001_04?sw=600 | https://images.mcmworldwide.com/i/mcmworldwide/MWRGATA01BK001_05?sw=600 | https://images.mcmworldwide.com/i/mcmworldwide/MWRGATA01BK001_10?sw=600 | https://images.mcmworldwide.com/i/mcmworldwide/MWRGATA01BK001_11?sw=600,https://kr.mcmworldwide.com/ko_KR/여성/핸드백/숄더백-크로스백/pina-스터드-장식-카프스킨-베니티-케이스/MWRGATA01BK001.html,페미닌
MYSGATA01CO001,Pina 스터드 장식 비세토스 지갑,550000,Cognac,WOMEN,WALLET,InStock,메탈 스터드 장식과 나파 가죽 트림이 돋보이는 비세토스 모노그램 지갑,"Pina(피나) 지갑은 골드 톤 메탈 스터드와 아이코닉한 로고 브라스 플레이트로 하우스의 시그니처 코드를 담아냈습니다. 클래식 코냑 컬러의 비세토스 캔버스로 제작되었으며, 나파 가죽을 사용한 내부는 여러 개의 카드 슬롯과 지퍼 포켓, 소지품 수납공간으로 구성되어 있습니다.",바디:비세토스 모노그램 캔버스 | 트림: 나파 가죽,약 3 x 11 x 8 센티미터,,대한민국,"금속 로고 스터드 장식 | 로고 브라스 플레이트 | 스냅 클로저 | 내부 수납공간, 카드 슬롯 및 지퍼 포켓 및 체인 스트랩 | 24K 골드 도금 브라스 하드웨어 | 패브릭 안감",S,https://images.mcmworldwide.com/i/mcmworldwide/MYSGATA01CO001_01?sw=600 | https://images.mcmworldwide.com/i/mcmworldwide/MYSGATA01CO001_03?sw=600 | https://images.mcmworldwide.com/i/mcmworldwide/MYSGATA01CO001_04?sw=600,https://kr.mcmworldwide.com/ko_KR/여성/지갑-레더소품/반지갑/pina-스터드-장식-비세토스-지갑/MYSGATA01CO001.html,스트릿
MYLGATA03BK001,Pina 스터드 장식 크로스바디 월렛,930000,Black,WOMEN,WALLET,InStock,메탈 스터드 장식과 나파 가죽 트림이 돋보이는 그레인 가죽 크로스바디 월렛,"그레인드 카프스킨으로 완성된 크로스바디 월렛. 아이코닉한 로고 브라스 플레이트와 정교한 메탈 스터드 장식이 하우스의 시그니처를 표현합니다. 부드러운 나파 가죽으로 마감하였으며, 클러치로 들거나 가죽 스트랩을 연결해 크로스바디로 착용할 수 있습니다.",바디:100% 카프스킨 | 트림: 나파 가죽,약 4 x 20 x 11 센티미터,"스트랩 길이: 133cm - 157cm, 스트랩 드롭: 55cm",대한민국,"탈부착이 가능하며 길이 조절이 가능한 가죽 스트랩 | 금속 로고 스터드 장식 | 스냅 클로저 | 로고 브라스 플레이트 | 내부 카드 슬롯, 지폐 수납공간, 지퍼 수납공간 | 24K 골드 도금 브라스 하드웨어 | 패브릭 안감",L,https://images.mcmworldwide.com/i/mcmworldwide/MYLGATA03BK001_01?sw=600 | https://images.mcmworldwide.com/i/mcmworldwide/MYLGATA03BK001_09?sw=600 | https://images.mcmworldwide.com/i/mcmworldwide/MYLGATA03BK001_03?sw=600 | https://images.mcmworldwide.com/i/mcmworldwide/MYLGATA03BK001_04?sw=600 | https://images.mcmworldwide.com/i/mcmworldwide/MYLGATA03BK001_05?sw=600 | https://images.mcmworldwide.com/i/mcmworldwide/MYLGATA03BK001_10?sw=600,https://kr.mcmworldwide.com/ko_KR/여성/지갑-레더소품/체인-지갑/pina-스터드-장식-크로스바디-월렛/MYLGATA03BK001.html,스트릿
MXZGATA14BK001,Pina 카프스킨 체인 스트랩이 더해진 에어팟 프로 케이스,830000,Black,MEN,ACCESSORY,InStock,레더 스트랩과 체인 스트랩을 더한 그레인 가죽 AirPods Pro 참,"하우스의 상징성과 가죽 장인정신을 담아낸 카프스킨 에어팟 프로 참. 가죽 스트랩과 체인 스트랩을 함께 구성해 다양한 스타일로 연출할 수 있으며, 후면 가죽 루프를 더해 활용도를 높였습니다.",바디:100% 카프스킨 | 트림: 나파 가죽,약 3 x 11 x 8 센티미터,스트랩 길이: 60cm,대한민국,탈부착이 가능한 가죽 스트랩 | 탈부착 가능한 체인 핸들 스트랩 | 에어팟 프로에 맞는 사이즈 | 뒷면의 레더 루프 | 로고 브라스 플레이트 | 스냅 클로저 | 24K 골드 도금 브라스 하드웨어 | 패브릭 안감,프리 사이즈,https://images.mcmworldwide.com/i/mcmworldwide/MXZGATA14BK001_01?sw=600 | https://images.mcmworldwide.com/i/mcmworldwide/MXZGATA14BK001_02?sw=600 | https://images.mcmworldwide.com/i/mcmworldwide/MXZGATA14BK001_03?sw=600 | https://images.mcmworldwide.com/i/mcmworldwide/MXZGATA14BK001_04?sw=600,https://kr.mcmworldwide.com/ko_KR/pina-카프스킨-체인-스트랩이-더해진-에어팟-프로-케이스/MXZGATA14BK001.html,스트릿
MESGAMM01BK036,송아지 가죽 플랫폼 로퍼,930000,Black,WOMEN,SHOES,InStock,바이에른 다이아몬드 메탈 스터드 디테일이 더해진 Vibram® 플랫폼 솔의 송아지 가죽 로퍼,"MCM의 장인 정신과 가죽 공예 기술로 한층 격상된 이번 시즌 로퍼입니다. 고급스러운 블랙 이탈리안 카프스킨으로 제작되었으며, 뮌헨의 바이에른 다이아몬드에서 영감을 받은 감각적인 디자인 요소를 담았습니다. 부드러운 카프스킨 레더 풋베드와 가벼운 Vibram® EVA 플랫폼 솔이 조화를 이루어, 차원이 다른 편안한 착화감을 선사합니다.",어퍼: 카프스킨 100% | 라이닝: 100% 카프스킨,,,이탈리아,바바리안 다이아몬드 메탈 스터드 장식 | 풋베드위에 엠보싱 처리된 라우렐 로고 모티프 | Vibram® EVA 플랫폼 아웃솔 | 골드톤 메탈 하드웨어,36 IT / 여성 | 37 IT / 여성 | 38 IT / 여성 | 39 IT / 여성 | 41 IT / 남성 | 42 IT / 남성 | 43 IT / 남성,https://images.mcmworldwide.com/i/mcmworldwide/MESGAMM01BK036_01?sw=600 | https://images.mcmworldwide.com/i/mcmworldwide/MESGAMM01BK036_02?sw=600 | https://images.mcmworldwide.com/i/mcmworldwide/MESGAMM01BK036_04?sw=600 | https://images.mcmworldwide.com/i/mcmworldwide/MESGAMM01BK036_05?sw=600 | https://images.mcmworldwide.com/i/mcmworldwide/MESGAMM01BK036_06?sw=600,https://kr.mcmworldwide.com/ko_KR/women/shoes/loafers-mules/송아지-가죽-플랫폼-로퍼/MESGAMM01BK036.html,스트릿
MWSGAXT03CO001,Tracy 비세토스 숄더백,1450000,Cognac,WOMEN,BAG,InStock,로고 락 클로저와 나파 가죽 트림을 더한 비세토스 모노그램 캔버스 숄더 백,"우아한 로고 락 클로저가 돋보이는 Tracy(트레이시) 숄더백은 클래식한 호보 디자인에서 영감을 받았으며, 시그니처 비세토스 캔버스 바디 전면을 부드러운 나파 가죽으로 감싸 고급스러움을 더했습니다. 마이크로파이버 스웨이드 안감은 극도의 부드러움과 세련된 무드를 선사하며, 소지품을 더욱 안전하게 보관할 수 있습니다.",바디:비세토스 모노그램 캔버스 | 트림: 나파 가죽,약 7 x 25 x 15 센티미터,스트랩 길이: 109cm - 134cm,대한민국,탈부착이 가능하며 길이 조절이 가능한 가죽 스트랩 | 가죽 스트랩 잠금 장치가 있는 자물쇠 | 내부 슬립 포켓 및 지퍼 수납공간 | 24K 골드 도금 브라스 하드웨어 | 스웨이드 마감의 극세사 안감,S,https://images.mcmworldwide.com/i/mcmworldwide/MWSGAXT03CO001_01?sw=600 | https://images.mcmworldwide.com/i/mcmworldwide/MWSGAXT03CO001_09?sw=600 | https://images.mcmworldwide.com/i/mcmworldwide/MWSGAXT03CO001_02?sw=600 | https://images.mcmworldwide.com/i/mcmworldwide/MWSGAXT03CO001_03?sw=600 | https://images.mcmworldwide.com/i/mcmworldwide/MWSGAXT03CO001_04?sw=600 | https://images.mcmworldwide.com/i/mcmworldwide/MWSGAXT03CO001_05?sw=600 | https://images.mcmworldwide.com/i/mcmworldwide/MWSGAXT03CO001_06?sw=600 | https://images.mcmworldwide.com/i/mcmworldwide/MWSGAXT03CO001_10?sw=600 | https://images.mcmworldwide.com/i/mcmworldwide/MWSGAXT03CO001_11?sw=600 | https://images.mcmworldwide.com/i/mcmworldwide/MWSGAXT03CO001_12?sw=600,https://kr.mcmworldwide.com/ko_KR/여성/핸드백/숄더백-크로스백/tracy-비세토스-숄더백/MWSGAXT03CO001.html,클래식
